Date,Portfolio_Return,EWMA_VaR,EWMA_VaR_Dollar,Realized_Loss,Exception,Rolling_Exception_Rate,Rolling_Exception_Count,Exception_Severity
2015-12-31,-0.004131080123779941,0.015272840247669941,15272.840247669941,0.004131080123779941,False,,,0.0
2016-01-04,-0.008221152828364975,0.014993517806730909,14993.51780673091,0.008221152828364975,False,,,0.0
2016-01-05,0.0001952698259715557,0.01527297544929547,15272.97544929547,-0.0001952698259715557,False,,,0.0
2016-01-06,-0.0026848425475338275,0.014808117157876322,14808.117157876322,0.0026848425475338275,False,,,0.0
2016-01-07,-0.014047069470360852,0.014438288439760626,14438.288439760627,0.014047069470360852,False,,,0.0
2016-01-08,-0.005970742930071715,0.016125410860404046,16125.410860404047,0.005970742930071715,False,,,0.0
2016-01-11,-0.003222124682802985,0.01600009721110808,16000.097211108081,0.003222124682802985,False,,,0.0
2016-01-12,0.006212993637021791,0.015620951629180825,15620.951629180825,-0.006212993637021791,False,,,0.0
2016-01-13,-0.011033269489743971,0.015553380609197096,15553.380609197096,0.011033269489743971,False,,,0.0
2016-01-14,0.005021919427847155,0.016337734534788845,16337.734534788844,-0.005021919427847155,False,,,0.0
2016-01-15,-0.01322272088261478,0.016096442109426356,16096.442109426356,0.01322272088261478,False,,,0.0
2016-01-19,0.002841750336439186,0.01732982319175694,17329.823191756943,-0.002841750336439186,False,,,0.0
2016-01-20,-0.0027600130401348676,0.01687974067806334,16879.74067806334,0.0027600130401348676,False,,,0.0
2016-01-21,0.0009677301531877401,0.01644091447674589,16440.91447674589,-0.0009677301531877401,False,,,0.0
2016-01-22,0.015042467186383201,0.015949593837632114,15949.593837632114,-0.015042467186383201,False,,,0.0
2016-01-25,-0.006258674511345786,0.01768052662313407,17680.526623134072,0.006258674511345786,False,,,0.0
2016-01-26,0.009818670875383616,0.017508978312065084,17508.978312065083,-0.009818670875383616,False,,,0.0
2016-01-27,-0.007145560504359084,0.01787386093148562,17873.86093148562,0.007145560504359084,False,,,0.0
2016-01-28,0.005171376516050353,0.017801291434246816,17801.291434246818,-0.005171376516050353,False,,,0.0
2016-01-29,0.018001222998230395,0.017508760080281856,17508.760080281856,-0.018001222998230395,False,,,0.0
2016-02-01,1.2915390062295859e-05,0.01983393061079705,19833.93061079705,-1.2915390062295859e-05,False,,,0.0
2016-02-02,-0.010621850708470548,0.019229710591428244,19229.710591428244,0.010621850708470548,False,,,0.0
2016-02-03,0.00639283572039786,0.01960179238074173,19601.79238074173,-0.00639283572039786,False,,,0.0
2016-02-04,0.00520616397377045,0.01935063202947746,19350.632029477463,-0.00520616397377045,False,,,0.0
2016-02-05,-0.00966215075728234,0.018994241971764095,18994.241971764095,0.00966215075728234,False,,,0.0
2016-02-08,-0.0014894926511116455,0.01922104833676677,19221.048336766773,0.0014894926511116455,False,,,0.0
2016-02-09,-0.0036067597978725724,0.018654816621268097,18654.816621268095,0.0036067597978725724,False,,,0.0
2016-02-10,0.004729924446251777,0.01820291625320161,18202.91625320161,-0.004729924446251777,False,,,0.0
2016-02-11,0.0032038399806512356,0.01785300940472804,17853.00940472804,-0.0032038399806512356,False,,,0.0
2016-02-12,0.006141871498339845,0.01740514869130169,17405.148691301692,-0.006141871498339845,False,,,0.0
2016-02-16,0.004138469193716898,0.017234032840068955,17234.032840068954,-0.004138469193716898,False,,,0.0
2016-02-17,0.011741329441419236,0.016874611758336048,16874.611758336046,-0.011741329441419236,False,,,0.0
2016-02-18,0.0030458105579937557,0.01767574644905856,17675.74644905856,-0.0030458105579937557,False,,,0.0
2016-02-19,-0.001455644848936322,0.01722493680987145,17224.93680987145,0.001455644848936322,False,,,0.0
2016-02-22,0.0074414749764482035,0.01672078280553554,16720.782805535542,-0.0074414749764482035,False,,,0.0
2016-02-23,-0.006272050094253978,0.016756810578239606,16756.810578239605,0.006272050094253978,False,,,0.0
2016-02-24,0.0026333477477191282,0.01663481420837501,16634.81420837501,-0.0026333477477191282,False,,,0.0
2016-02-25,0.006296441030657852,0.01619770831474503,16197.70831474503,-0.006296441030657852,False,,,0.0
2016-02-26,-0.005990255871355422,0.01610891485303208,16108.914853032082,0.005990255871355422,False,,,0.0
2016-02-29,0.0018501382022021232,0.015986840327560477,15986.840327560478,-0.0018501382022021232,False,,,0.0
2016-03-01,0.013256453503023692,0.01553563060865988,15535.63060865988,-0.013256453503023692,False,,,0.0
2016-03-02,0.006020158881572125,0.01685044680765027,16850.44680765027,-0.006020158881572125,False,,,0.0
2016-03-03,0.0068522534047204655,0.016693402243425554,16693.402243425553,-0.0068522534047204655,False,,,0.0
2016-03-04,0.003106867354490683,0.016649201207066353,16649.20120706635,-0.003106867354490683,False,,,0.0
2016-03-07,-0.0004420971626366344,0.01623879570515866,16238.795705158662,0.0004420971626366344,False,,,0.0
2016-03-08,-0.005973549279983704,0.01574611196615093,15746.111966150931,0.005973549279983704,False,,,0.0
2016-03-09,0.0006421747134625954,0.01564130722664609,15641.307226646091,-0.0006421747134625954,False,,,0.0
2016-03-10,0.0025543673582562264,0.015169224449187045,15169.224449187046,-0.0025543673582562264,False,,,0.0
2016-03-11,0.005453196533469673,0.014778962666265483,14778.962666265483,-0.005453196533469673,False,,,0.0
2016-03-14,-0.0030766804480578005,0.014661814279375145,14661.814279375145,0.0030766804480578005,False,,,0.0
2016-03-15,-0.0029140349859502644,0.014322862754883077,14322.862754883077,0.0029140349859502644,False,,,0.0
2016-03-16,0.01199651863857003,0.013985459312366659,13985.459312366658,-0.01199651863857003,False,,,0.0
2016-03-17,0.005628889563921002,0.015185161473353517,15185.161473353517,-0.005628889563921002,False,,,0.0
2016-03-18,0.0020328144106734223,0.015067917512674297,15067.917512674298,-0.0020328144106734223,False,,,0.0
2016-03-21,-0.0014589999441838144,0.01465474105330417,14654.741053304171,0.0014589999441838144,False,,,0.0
2016-03-22,0.0005771527230983065,0.014232602045202821,14232.60204520282,-0.0005771527230983065,False,,,0.0
2016-03-23,-0.00863702804340749,0.013802938352048615,13802.938352048615,0.00863702804340749,False,,,0.0
2016-03-24,-0.0009140684184052673,0.01425878371591626,14258.78371591626,0.0009140684184052673,False,,,0.0
2016-03-28,0.0012245607821396388,0.013834212785140056,13834.212785140056,-0.0012245607821396388,False,,,0.0
2016-03-29,0.0136123598116074,0.013430906182005596,13430.906182005596,-0.0136123598116074,False,,,0.0
2016-03-30,-0.0009867621192318102,0.01515698321346995,15156.98321346995,0.0009867621192318102,False,,,0.0
2016-03-31,0.0013880203215449916,0.014705994194646932,14705.994194646932,-0.0013880203215449916,False,,,0.0
2016-04-01,0.002217744277018552,0.01427991186319355,14279.91186319355,-0.002217744277018552,False,,,0.0
2016-04-04,-0.005021606972323612,0.013902445763027073,13902.445763027074,0.005021606972323612,False,,,0.0
2016-04-05,-0.0030509694935764164,0.01377931320265997,13779.31320265997,0.0030509694935764164,False,,,0.0
2016-04-06,0.005214142062102622,0.013472188890686515,13472.188890686515,-0.005214142062102622,False,,,0.0
2016-04-07,-0.003943680757814927,0.013395445555097106,13395.445555097105,0.003943680757814927,False,,,0.0
2016-04-08,0.0022991553717671915,0.013180357791077884,13180.357791077884,-0.0022991553717671915,False,,,0.0
2016-04-11,0.003817425519099027,0.012845816265544483,12845.816265544483,-0.003817425519099027,False,,,0.0
2016-04-12,0.005267346494318771,0.012643024275947901,12643.0242759479,-0.005267346494318771,False,,,0.0
2016-04-13,0.006701052174759625,0.012620002375322117,12620.002375322118,-0.006701052174759625,False,,,0.0
2016-04-14,-0.004699744271818829,0.012817549194758075,12817.549194758076,0.004699744271818829,False,,,0.0
2016-04-15,0.0012200256075264094,0.012712369474543479,12712.369474543479,-0.0012200256075264094,False,,,0.0
2016-04-18,0.0022277490755110876,0.012344691227698972,12344.691227698971,-0.0022277490755110876,False,,,0.0
2016-04-19,0.004961323175082045,0.01203575622096413,12035.756220964131,-0.004961323175082045,False,,,0.0
2016-04-20,-0.0037746313981257273,0.012006689826531212,12006.689826531212,0.0037746313981257273,False,,,0.0
2016-04-21,-0.0034849606962935823,0.011837965772201317,11837.965772201318,0.0034849606962935823,False,,,0.0
2016-04-22,-0.007302371254620033,0.01164786758102471,11647.86758102471,0.007302371254620033,False,,,0.0
2016-04-25,-0.0018673754723615768,0.012035268372738661,12035.268372738661,0.0018673754723615768,False,,,0.0
2016-04-26,0.0013682214304481246,0.011717044416903098,11717.044416903098,-0.0013682214304481246,False,,,0.0
2016-04-27,0.0025870368506450752,0.011386819387407906,11386.819387407906,-0.0025870368506450752,False,,,0.0
2016-04-28,-0.001690076425352127,0.011137922020818949,11137.922020818949,0.001690076425352127,False,,,0.0
2016-04-29,0.0014008188644283773,0.010841476242080032,10841.476242080033,-0.0014008188644283773,False,,,0.0
2016-05-02,0.00028126304540878624,0.010541467364369766,10541.467364369766,-0.00028126304540878624,False,,,0.0
2016-05-03,-0.0071871683685947865,0.010221588422724782,10221.588422724783,0.0071871683685947865,False,,,0.0
2016-05-04,-0.005765107564427008,0.010723116546313662,10723.116546313662,0.005765107564427008,False,,,0.0
2016-05-05,0.0009507584865560804,0.010903139420499766,10903.139420499767,-0.0009507584865560804,False,,,0.0
2016-05-06,0.0030671189820421717,0.010584860154604775,10584.860154604776,-0.0030671189820421717,False,,,0.0
2016-05-09,-0.0053042816762921335,0.010410166239851791,10410.166239851791,0.0053042816762921335,False,,,0.0
2016-05-10,0.009614038031518347,0.01053590137003923,10535.90137003923,-0.009614038031518347,False,,,0.0
2016-05-11,-0.0011473495378628185,0.011591294155335155,11591.294155335154,0.0011473495378628185,False,,,0.0
2016-05-12,-0.0038560093267803633,0.011257178634677569,11257.178634677568,0.0038560093267803633,False,,,0.0
2016-05-13,-0.0032238610767188146,0.011133226472754734,11133.226472754734,0.0032238610767188146,False,,,0.0
2016-05-16,0.005316849167460269,0.010949276136793078,10949.276136793078,-0.005316849167460269,False,,,0.0
2016-05-17,-0.004268960541929112,0.01103959883081598,11039.59883081598,0.004268960541929112,False,,,0.0
2016-05-18,-0.007505812619066933,0.01097624560037262,10976.24560037262,0.007505812619066933,False,,,0.0
2016-05-19,-0.0031140676175087207,0.011469209025009506,11469.209025009506,0.0031140676175087207,False,,,0.0
2016-05-20,0.005360170172821444,0.011260509499322035,11260.509499322035,-0.005360170172821444,False,,,0.0
2016-05-23,-0.0010304664135158514,0.01133669333788363,11336.69333788363,0.0010304664135158514,False,,,0.0
2016-05-24,0.004294167264807581,0.011007005935969635,11007.005935969635,-0.004294167264807581,False,,,0.0
2016-05-25,0.0038962192280722397,0.010948634960164044,10948.634960164045,-0.0038962192280722397,False,,,0.0
2016-05-26,0.0023337000472744896,0.010844794821846455,10844.794821846455,-0.0023337000472744896,False,,,0.0
2016-05-27,-9.908934262057298e-05,0.010598181046523054,10598.181046523054,9.908934262057298e-05,False,,,0.0
2016-05-31,0.0014812383384755104,0.010275472897660289,10275.47289766029,-0.0014812383384755104,False,,,0.0
2016-06-01,0.0009117295625844957,0.00999813313664248,9998.13313664248,-0.0009117295625844957,False,,,0.0
2016-06-02,0.003632722840325142,0.009707462322251743,9707.462322251742,-0.003632722840325142,False,,,0.0
2016-06-03,0.009916216867876183,0.009636694248875043,9636.694248875043,-0.009916216867876183,False,,,0.0
2016-06-06,0.002450972807008967,0.010918949531653904,10918.949531653903,-0.002450972807008967,False,,,0.0
2016-06-07,0.0019317012584157743,0.010678047258709439,10678.04725870944,-0.0019317012584157743,False,,,0.0
2016-06-08,0.006477817431785082,0.01041110517120213,10411.105171202129,-0.006477817431785082,False,,,0.0
2016-06-09,-0.0004962993974763517,0.01074771220383687,10747.71220383687,0.0004962993974763517,False,,,0.0
2016-06-10,-0.007444984928276832,0.010424130648958033,10424.130648958033,0.007444984928276832,False,,,0.0
2016-06-13,-0.003647684754931957,0.010960881083068088,10960.881083068087,0.003647684754931957,False,,,0.0
2016-06-14,-0.0009944465208448828,0.010828341089228196,10828.341089228195,0.0009944465208448828,False,,,0.0
2016-06-15,0.0035228155415969243,0.010513748598822306,10513.748598822305,-0.0035228155415969243,False,,,0.0
2016-06-16,-0.0006598164690472256,0.010389241843682185,10389.241843682184,0.0006598164690472256,False,,,0.0
2016-06-17,-0.001226676030965179,0.01007975852586272,10079.75852586272,0.001226676030965179,False,,,0.0
2016-06-20,0.002760585934784854,0.009797655216641978,9797.655216641977,-0.002760585934784854,False,,,0.0
2016-06-21,-0.0020332756911483063,0.009628550984078402,9628.550984078402,0.0020332756911483063,False,,,0.0
2016-06-22,0.00012688163882728086,0.009406853294599914,9406.853294599914,-0.00012688163882728086,False,,,0.0
2016-06-23,0.006695518025636704,0.00912056923228572,9120.569232285721,-0.006695518025636704,False,,,0.0
2016-06-24,-0.012382681868364843,0.00963071115315876,9630.71115315876,0.012382681868364843,True,,,0.002751970715206083
2016-06-27,-0.0040518345796281665,0.011703596496962815,11703.596496962815,0.0040518345796281665,False,,,0.0
2016-06-28,0.012154764362373572,0.011579579568318572,11579.579568318572,-0.012154764362373572,False,,,0.0
2016-06-29,0.011306161426210881,0.01319144067612397,13191.44067612397,-0.011306161426210881,False,,,0.0
2016-06-30,0.00878016898853944,0.014320655599875078,14320.65559987508,-0.00878016898853944,False,,,0.0
2016-07-01,0.009190206545526181,0.014758351084668683,14758.351084668682,-0.009190206545526181,False,,,0.0
2016-07-05,-0.00277132028446001,0.015236983746663772,15236.983746663771,0.00277132028446001,False,,,0.0
2016-07-06,0.003804945149403083,0.01485697157582837,14856.97157582837,-0.003804945149403083,False,,,0.0
2016-07-07,-0.0008310901990065123,0.014566636714565973,14566.636714565973,0.0008310901990065123,False,,,0.0
2016-07-08,0.013070274912392323,0.014130816471040013,14130.816471040014,-0.013070274912392323,False,,,0.0
2016-07-11,0.00012114539621104198,0.015593931148839932,15593.931148839933,-0.00012114539621104198,False,,,0.0
2016-07-12,-0.0013222495570249348,0.015119034787950522,15119.034787950523,0.0013222495570249348,False,,,0.0
2016-07-13,0.003345451268093713,0.014677799947477005,14677.799947477004,-0.003345451268093713,False,,,0.0
2016-07-14,0.0009246478352308962,0.01435777671914397,14357.776719143969,-0.0009246478352308962,False,,,0.0
2016-07-15,-0.003526253873227403,0.013930349198634288,13930.349198634287,0.003526253873227403,False,,,0.0
2016-07-18,0.0037819635912915038,0.013654632628853034,13654.632628853034,-0.0037819635912915038,False,,,0.0
2016-07-19,-0.0015909484328191948,0.013412923357112059,13412.923357112059,0.0015909484328191948,False,,,0.0
2016-07-20,0.0002246502474383185,0.013035873981334108,13035.873981334107,-0.0002246502474383185,False,,,0.0
2016-07-21,0.0016234218077236793,0.012639397034376255,12639.397034376256,-0.0016234218077236793,False,,,0.0
2016-07-22,0.0020376441446016583,0.012289217968804058,12289.217968804058,-0.0020376441446016583,False,,,0.0
2016-07-25,-0.004064285725282768,0.011971282081284321,11971.28208128432,0.004064285725282768,False,,,0.0
2016-07-26,0.0030556620260238534,0.011835398396372165,11835.398396372164,-0.0030556620260238534,False,,,0.0
2016-07-27,0.007557799677683286,0.011606202232100632,11606.202232100632,-0.007557799677683286,False,,,0.0
2016-07-28,3.729184228906669e-05,0.012048628474842253,12048.628474842253,-3.729184228906669e-05,False,,,0.0
2016-07-29,0.0055472935618654075,0.011681598041816928,11681.598041816927,-0.0055472935618654075,False,,,0.0
2016-08-01,-0.0012899086921658086,0.011758587884584197,11758.587884584196,0.0012899086921658086,False,,,0.0
2016-08-02,-0.004675163474475209,0.01142404504617454,11424.04504617454,0.004675163474475209,False,,,0.0
2016-08-03,0.0010784190952890739,0.011391909117727706,11391.909117727706,-0.0010784190952890739,False,,,0.0
2016-08-04,0.0037381871741075656,0.01106194809967186,11061.94809967186,-0.0037381871741075656,False,,,0.0
2016-08-05,0.00022326000863348534,0.010934452746110344,10934.452746110344,-0.00022326000863348534,False,,,0.0
2016-08-08,0.0012825171571750672,0.010602108601990156,10602.108601990156,-0.0012825171571750672,False,,,0.0
2016-08-09,0.004721255178231544,0.010305073010760621,10305.073010760621,-0.004721255178231544,False,,,0.0
2016-08-10,0.0007569517982833897,0.010347019228304395,10347.019228304394,-0.0007569517982833897,False,,,0.0
2016-08-11,0.0012021877762972144,0.010041076219298,10041.076219298,-0.0012021877762972144,False,,,0.0
2016-08-12,0.0004800622897557893,0.00975925781698361,9759.257816983609,-0.0004800622897557893,False,,,0.0
2016-08-15,0.0023171876979721567,0.009465905122977446,9465.905122977447,-0.0023171876979721567,False,,,0.0
2016-08-16,-0.002581495301562376,0.009272036583061683,9272.036583061683,0.002581495301562376,False,,,0.0
2016-08-17,0.0007080426454335153,0.009109135680002798,9109.135680002799,-0.0007080426454335153,False,,,0.0
2016-08-18,0.003634150538591019,0.008840846031134792,8840.846031134792,-0.003634150538591019,False,,,0.0
2016-08-19,-0.004267296177207092,0.008818131020728199,8818.131020728199,0.004267296177207092,False,,,0.0
2016-08-22,-0.0011253313004612187,0.008888579466960544,8888.579466960544,0.0011253313004612187,False,,,0.0
2016-08-23,0.00013519539113766586,0.008641622652202786,8641.622652202786,-0.00013519539113766586,False,,,0.0
2016-08-24,-0.004468953907520734,0.00837871819484963,8378.718194849629,0.004468953907520734,False,,,0.0
2016-08-25,-0.0012339927050292632,0.008513270721120287,8513.270721120287,0.0012339927050292632,False,,,0.0
2016-08-26,-0.003260434133374335,0.008283820706996896,8283.820706996896,0.003260434133374335,False,,,0.0
2016-08-29,0.005853182201022289,0.008243556908883162,8243.556908883162,-0.005853182201022289,False,,,0.0
2016-08-30,-0.00430096815199219,0.008660453975182149,8660.453975182148,0.00430096815199219,False,,,0.0
2016-08-31,-0.003107857391670011,0.008746994618714168,8746.994618714167,0.003107857391670011,False,,,0.0
2016-09-01,0.0030954696452111024,0.008663466802599896,8663.466802599896,-0.0030954696452111024,False,,,0.0
2016-09-02,0.0052245545976835174,0.008582756083478233,8582.756083478233,-0.0052245545976835174,False,,,0.0
2016-09-06,0.010966524953193524,0.008837830876001833,8837.830876001834,-0.010966524953193524,False,,,0.0
2016-09-07,-0.0013545277894384312,0.010605300610559674,10605.300610559674,0.0013545277894384312,False,,,0.0
2016-09-08,-0.005720415705474613,0.010311150465668528,10311.150465668528,0.005720415705474613,False,,,0.0
2016-09-09,-0.02116998742497609,0.010515050660013736,10515.050660013736,0.02116998742497609,True,,,0.010654936764962354
2016-09-12,0.007670018769734766,0.01579426182252554,15794.261822525541,-0.007670018769734766,False,,,0.0
2016-09-13,-0.01329417774743691,0.015924629521570203,15924.629521570203,0.01329417774743691,False,,,0.0
2016-09-14,0.002471894297720345,0.0171978637687626,17197.8637687626,-0.002471894297720345,False,,,0.0
2016-09-15,0.006389381221432622,0.01673333835494764,16733.338354947642,-0.006389381221432622,False,,,0.0
2016-09-16,-0.0011072642083821192,0.016627101639157194,16627.101639157194,0.0011072642083821192,False,,,0.0
2016-09-19,0.0005192534792275663,0.016132916301374825,16132.916301374826,-0.0005192534792275663,False,,,0.0
2016-09-20,0.0013862524671354405,0.015644241104586357,15644.241104586357,-0.0013862524671354405,False,,,0.0
2016-09-21,0.014344910882275075,0.015188210687087004,15188.210687087005,-0.014344910882275075,False,,,0.0
2016-09-22,0.006339343321836921,0.016842187226933102,16842.187226933103,-0.006339343321836921,False,,,0.0
2016-09-23,-0.005007471610037162,0.016723907179034006,16723.907179034006,0.005007471610037162,False,,,0.0
2016-09-26,-0.005101765519345846,0.01646359159374184,16463.59159374184,0.005101765519345846,False,,,0.0
2016-09-27,0.006086171300193266,0.016224626599003488,16224.626599003488,-0.006086171300193266,False,,,0.0
2016-09-28,0.0020739183712509715,0.016108136853650215,16108.136853650216,-0.0020739183712509715,False,,,0.0
2016-09-29,-0.00646886672830982,0.015662068401655967,15662.068401655966,0.00646886672830982,False,,,0.0
2016-09-30,0.0013914730535738772,0.015625953038400316,15625.953038400316,-0.0013914730535738772,False,,,0.0
2016-10-03,-0.00054809344440907,0.015170658969423215,15170.658969423215,0.00054809344440907,False,,,0.0
2016-10-04,-0.012832041802340077,0.014711815184526718,14711.815184526718,0.012832041802340077,False,,,0.0
2016-10-05,0.0032449714588595802,0.016028693926128174,16028.693926128175,-0.0032449714588595802,False,,,0.0
2016-10-06,-0.002772349060548285,0.015650018214402577,15650.018214402577,0.002772349060548285,False,,,0.0
2016-10-07,-0.001754022404778999,0.01525527479071707,15255.274790717069,0.001754022404778999,False,,,0.0
2016-10-10,0.004005406402556534,0.014824271203457669,14824.271203457669,-0.004005406402556534,False,,,0.0
2016-10-11,-0.011463327678499623,0.014552764277556331,14552.76427755633,0.011463327678499623,False,,,0.0
2016-10-12,0.0002297634010735683,0.015548180155399074,15548.180155399074,-0.0002297634010735683,False,,,0.0
2016-10-13,-0.0019107597867562998,0.015075088517378132,15075.088517378132,0.0019107597867562998,False,,,0.0
2016-10-14,-0.0032502028230939175,0.014656340837141783,14656.340837141783,0.0032502028230939175,False,,,0.0
2016-10-17,0.00035535376685995605,0.014330039892677811,14330.03989267781,-0.00035535376685995605,False,,,0.0
2016-10-18,0.00844772755707166,0.013894964712670377,13894.964712670377,-0.00844772755707166,False,,,0.0
2016-10-19,0.003055009015207233,0.014305898801252213,14305.898801252213,-0.003055009015207233,False,,,0.0
2016-10-20,-0.0015945990684794523,0.013978905348006145,13978.905348006145,0.0015945990684794523,False,,,0.0
2016-10-21,0.0012374750463066465,0.01358347788606649,13583.47788606649,-0.0012374750463066465,False,,,0.0
2016-10-24,0.002788235080153023,0.01318853546363297,13188.53546363297,-0.002788235080153023,False,,,0.0
2016-10-25,0.0009432928352560267,0.0128850931859507,12885.0931859507,-0.0009432928352560267,False,,,0.0
2016-10-26,-0.006349313674375013,0.012504120100659898,12504.120100659897,0.006349313674375013,False,,,0.0
2016-10-27,-0.004971591806275289,0.012651572034878348,12651.572034878349,0.004971591806275289,False,,,0.0
2016-10-28,-0.0021575545868194324,0.012589058617228869,12589.05861722887,0.0021575545868194324,False,,,0.0
2016-10-31,0.002777505757368992,0.012267309759763074,12267.309759763075,-0.002777505757368992,False,,,0.0
2016-11-01,-0.0032578940693404504,0.011998445374601053,11998.445374601053,0.0032578940693404504,False,,,0.0
2016-11-02,-0.0028412626614488404,0.01178012732455617,11780.12732455617,0.0028412626614488404,False,,,0.0
2016-11-03,-0.0038945734344687957,0.011535443453822734,11535.443453822734,0.0038945734344687957,False,,,0.0
2016-11-04,-0.0010234906357599496,0.011402088779328454,11402.088779328453,0.0010234906357599496,False,,,0.0
2016-11-07,0.011097128231936338,0.011070109264446744,11070.109264446744,-0.011097128231936338,False,,,0.0
2016-11-08,0.001849954472875859,0.01245719679046124,12457.19679046124,-0.001849954472875859,False,,,0.0
2016-11-09,-0.01208712088796251,0.012123618460989999,12123.61846099,0.01208712088796251,False,,,0.0
2016-11-10,-0.014345658078965994,0.01362363291560173,13623.63291560173,0.014345658078965994,True,,,0.0007220251633642642
2016-11-11,-0.009729656450180292,0.015533594683227445,15533.594683227444,0.009729656450180292,False,,,0.0
2016-11-14,-0.006197849742037765,0.01604850222121994,16048.50222121994,0.006197849742037765,False,,,0.0
2016-11-15,0.011086960123003697,0.015955390783179216,15955.390783179217,-0.011086960123003697,False,,,0.0
2016-11-16,0.0003609157079766499,0.01670969932413839,16709.69932413839,-0.0003609157079766499,False,,,0.0
2016-11-17,-0.0012000293200178814,0.016201959932773048,16201.959932773048,0.0012000293200178814,False,,,0.0
2016-11-18,-0.004449324242066211,0.01572326002621529,15723.26002621529,0.004449324242066211,False,,,0.0
2016-11-21,0.006799324002424002,0.015453667561768579,15453.667561768578,-0.006799324002424002,False,,,0.0
2016-11-22,0.0038972777142226352,0.015475744422292827,15475.744422292828,-0.0038972777142226352,False,,,0.0
2016-11-23,-0.007581874457720628,0.015167753553126632,15167.753553126631,0.007581874457720628,False,,,0.0
2016-11-25,0.001522304205496461,0.015327204888895926,15327.204888895925,-0.001522304205496461,False,,,0.0
2016-11-28,0.0029875638744543353,0.01488557395100297,14885.57395100297,-0.0029875638744543353,False,,,0.0
2016-11-29,0.0012710824410453458,0.014532162167837339,14532.16216783734,-0.0012710824410453458,False,,,0.0
2016-11-30,-0.008486577545623408,0.014108059287370115,14108.059287370115,0.008486577545623408,False,,,0.0
2016-12-01,-0.00904424884063606,0.014507984828367964,14507.984828367964,0.00904424884063606,False,,,0.0
2016-12-02,0.0032679880150081166,0.01498044714697002,14980.44714697002,-0.0032679880150081166,False,,,0.0
2016-12-05,0.003121576356164879,0.014642978805063657,14642.978805063658,-0.003121576356164879,False,,,0.0
2016-12-06,0.00183892756186097,0.014307896635706386,14307.896635706385,-0.00183892756186097,False,,,0.0
2016-12-07,0.010946178619842907,0.013911542733442837,13911.542733442837,-0.010946178619842907,False,,,0.0
2016-12-08,-0.0010951014871241284,0.014860214342445244,14860.214342445244,0.0010951014871241284,False,,,0.0
2016-12-09,-0.0028535682020090604,0.01442102021569859,14421.02021569859,0.0028535682020090604,False,,,0.0
2016-12-12,-0.0013249390770052828,0.014075935840067087,14075.935840067086,0.0013249390770052828,False,,,0.0
2016-12-13,0.006128888556419332,0.013667994534473546,13667.994534473546,-0.006128888556419332,False,,,0.0
2016-12-14,-0.013179427939217602,0.013704106640907323,13704.106640907323,0.013179427939217602,False,,,0.0
2016-12-15,-0.00024810286893963676,0.015262250171094251,15262.25017109425,0.00024810286893963676,False,,,0.0
2016-12-16,-0.0011757854728455142,0.014797975916609925,14797.975916609925,0.0011757854728455142,False,,,0.0
2016-12-19,0.0030399150551218223,0.01436280589357373,14362.80589357373,-0.0030399150551218223,False,,,0.0
2016-12-20,-0.00024494569244131186,0.014032586634753938,14032.586634753938,0.00024494569244131186,False,,,0.0
2016-12-21,-0.0005432318139351856,0.013605813489095547,13605.813489095546,0.0005432318139351856,False,,,0.0
2016-12-22,-0.004127239392170279,0.013194957154981988,13194.957154981988,0.004127239392170279,False,,,0.0
2016-12-23,0.002639304774214813,0.013007370500675491,13007.370500675492,-0.002639304774214813,False,,,0.0
2016-12-27,0.0029264868771507802,0.012700477103932177,12700.477103932177,-0.0029264868771507802,False,0.012,3.0,0.0
2016-12-28,0.00031583259683771726,0.012425978635802375,12425.978635802376,-0.00031583259683771726,False,0.012,3.0,0.0
2016-12-29,0.006293972930303893,0.012048777473942094,12048.777473942095,-0.006293972930303893,False,0.012,3.0,0.0
2016-12-30,-0.0051344801431341125,0.012219897478588721,12219.89747858872,0.0051344801431341125,False,0.012,3.0,0.0
2017-01-03,0.008144013189811217,0.012203553998334305,12203.553998334304,-0.008144013189811217,False,0.012,3.0,0.0
2017-01-04,0.005276507035852784,0.012709356565261076,12709.356565261076,-0.005276507035852784,False,0.012,3.0,0.0
2017-01-05,0.00939138270915676,0.012683714116047346,12683.714116047346,-0.00939138270915676,False,0.012,3.0,0.0
2017-01-06,-0.0016727222294986132,0.01341130589911582,13411.30589911582,0.0016727222294986132,False,0.012,3.0,0.0
2017-01-09,0.003080807238016803,0.013037633492708981,13037.633492708981,-0.003080807238016803,False,0.012,3.0,0.0
2017-01-10,0.0023317609300528733,0.012761781711928882,12761.781711928881,-0.0023317609300528733,False,0.012,3.0,0.0
2017-01-11,0.004776551019017594,0.012444146886049464,12444.146886049464,-0.004776551019017594,False,0.012,3.0,0.0
2017-01-12,0.00034479814478696193,0.012368260559237204,12368.260559237204,-0.00034479814478696193,False,0.012,3.0,0.0
2017-01-13,0.0005551683073909297,0.011993083045517144,11993.083045517144,-0.0005551683073909297,False,0.012,3.0,0.0
2017-01-17,0.0035511234325027894,0.01163202815849387,11632.02815849387,-0.0035511234325027894,False,0.012,3.0,0.0
2017-01-18,-0.00449536963533359,0.011457775907899868,11457.775907899868,0.00449536963533359,False,0.012,3.0,0.0
2017-01-19,-0.0029877864112090482,0.011400250779777939,11400.25077977794,0.0029877864112090482,False,0.012,3.0,0.0
2017-01-20,0.0016476647438482981,0.011183311257720383,11183.311257720383,-0.0016476647438482981,False,0.012,3.0,0.0
2017-01-23,0.005894565005404084,0.010883197876374033,10883.197876374034,-0.005894565005404084,False,0.012,3.0,0.0
2017-01-24,0.0016041673490423403,0.011073383571202534,11073.383571202534,-0.0016041673490423403,False,0.012,3.0,0.0
2017-01-25,0.001790912371451925,0.010774889193885771,10774.88919388577,-0.001790912371451925,False,0.012,3.0,0.0
2017-01-26,-0.0020339312282431133,0.010496371699216382,10496.371699216383,0.0020339312282431133,False,0.012,3.0,0.0
2017-01-27,0.001356080805932747,0.010242396690557048,10242.396690557049,-0.001356080805932747,False,0.012,3.0,0.0
2017-01-30,-0.0036218471540945484,0.009960392684907816,9960.392684907816,0.0036218471540945484,False,0.012,3.0,0.0
2017-01-31,0.004122017968323677,0.009875038151141012,9875.038151141012,-0.004122017968323677,False,0.012,3.0,0.0
2017-02-01,-0.0002755068012997964,0.009858124370660883,9858.124370660884,0.0002755068012997964,False,0.012,3.0,0.0
2017-02-02,0.0018400888432231978,0.009559095470088952,9559.095470088952,-0.0018400888432231978,False,0.012,3.0,0.0
2017-02-03,0.003595799558402169,0.009327013701420635,9327.013701420636,-0.003595799558402169,False,0.012,3.0,0.0
2017-02-06,0.0033182099995971996,0.009272112379407197,9272.112379407197,-0.0033182099995971996,False,0.012,3.0,0.0
2017-02-07,0.0007933581859288497,0.009186349080629699,9186.3490806297,-0.0007933581859288497,False,0.012,3.0,0.0
2017-02-08,0.005784838916112945,0.008917962168304748,8917.962168304748,-0.005784838916112945,False,0.012,3.0,0.0
2017-02-09,-0.0010141898326064824,0.00925335515961332,9253.35515961332,0.0010141898326064824,False,0.012,3.0,0.0
2017-02-10,0.003712012402065823,0.008990055679464462,8990.055679464462,-0.003712012402065823,False,0.012,3.0,0.0
2017-02-13,0.0008571700089506028,0.008969173672531616,8969.173672531615,-0.0008571700089506028,False,0.012,3.0,0.0
2017-02-14,0.0004562051891392026,0.008709643623166596,8709.643623166596,-0.0004562051891392026,False,0.012,3.0,0.0
2017-02-15,0.003810970390682345,0.0084483133795443,8448.3133795443,-0.003810970390682345,False,0.012,3.0,0.0
2017-02-16,0.0012097918209093008,0.00847393276038447,8473.93276038447,-0.0012097918209093008,False,0.012,3.0,0.0
2017-02-17,0.0008614507260182427,0.008244654871219751,8244.654871219751,-0.0008614507260182427,False,0.012,3.0,0.0
2017-02-21,0.004134981483553868,0.00800854812440008,8008.548124400079,-0.004134981483553868,False,0.012,3.0,0.0
2017-02-22,0.0011221979506975234,0.008114222702949854,8114.222702949854,-0.0011221979506975234,False,0.012,3.0,0.0
2017-02-23,0.0017815310717350207,0.007892977547047555,7892.977547047555,-0.0017815310717350207,False,0.012,3.0,0.0
2017-02-24,0.0017745540969271282,0.007719568790684738,7719.568790684738,-0.0017745540969271282,False,0.012,3.0,0.0
2017-02-27,-0.0022146535779385525,0.007552401924283698,7552.401924283698,0.0022146535779385525,False,0.012,3.0,0.0
2017-02-28,-0.002155656012709839,0.007430280503379167,7430.280503379167,0.002155656012709839,False,0.012,3.0,0.0
2017-03-01,0.004453492942063431,0.007307901263662007,7307.901263662006,-0.004453492942063431,False,0.012,3.0,0.0
2017-03-02,-0.008995008396763815,0.007526043873791615,7526.043873791615,0.008995008396763815,True,0.016,4.0,0.0014689645229722
2017-03-03,0.0024251096685925515,0.008917146184750417,8917.146184750418,-0.0024251096685925515,False,0.016,4.0,0.0
2017-03-06,-0.0032334311139385675,0.008755241763277521,8755.241763277521,0.0032334311139385675,False,0.016,4.0,0.0
2017-03-07,-0.0029413580403863772,0.00868619071502819,8686.19071502819,0.0029413580403863772,False,0.016,4.0,0.0
2017-03-08,-0.0042257381361665795,0.008586745784021372,8586.745784021372,0.0042257381361665795,False,0.016,4.0,0.0
2017-03-09,-0.0037987331904226983,0.008666408618855504,8666.408618855503,0.0037987331904226983,False,0.016,4.0,0.0
2017-03-10,0.004914741714532633,0.008676749370663013,8676.749370663014,-0.004914741714532633,False,0.016,4.0,0.0
2017-03-13,0.001997368517825948,0.008866350858205913,8866.350858205913,-0.001997368517825948,False,0.016,4.0,0.0
2017-03-14,-0.002512782248799095,0.008671267836220024,8671.267836220024,0.002512782248799095,False,0.016,4.0,0.0
2017-03-15,0.014359699443646125,0.008528170909041314,8528.170909041315,-0.014359699443646125,False,0.016,4.0,0.0
2017-03-16,0.0005042610037461428,0.01163280659904315,11632.80659904315,-0.0005042610037461428,False,0.016,4.0,0.0
2017-03-17,0.0009258552762763995,0.01128208428999982,11282.08428999982,-0.0009258552762763995,False,0.016,4.0,0.0
2017-03-20,0.00404120882974044,0.010951102571008476,10951.102571008476,-0.00404120882974044,False,0.016,4.0,0.0
2017-03-21,-0.0043905152402283765,0.010864348452757105,10864.348452757105,0.0043905152402283765,False,0.016,4.0,0.0
2017-03-22,0.004076529448295218,0.010826421686481031,10826.421686481031,-0.004076529448295218,False,0.016,4.0,0.0
2017-03-23,-0.0012191323339009854,0.010750574116101289,10750.574116101288,0.0012191323339009854,False,0.016,4.0,0.0
2017-03-24,0.0018069038398862646,0.010446194034573192,10446.194034573193,-0.0018069038398862646,False,0.016,4.0,0.0
2017-03-27,0.0016007734062100988,0.010180164524695574,10180.164524695574,-0.0016007734062100988,False,0.016,4.0,0.0
2017-03-28,0.0010785951743546242,0.009912097435837076,9912.097435837077,-0.0010785951743546242,False,0.016,4.0,0.0
2017-03-29,0.0031464350744597525,0.00962976927993755,9629.76927993755,-0.0031464350744597525,False,0.016,4.0,0.0
2017-03-30,-0.0031401893705099273,0.009507007506239682,9507.00750623968,0.0031401893705099273,False,0.016,4.0,0.0
2017-03-31,-0.001009489744643255,0.00938946927448802,9389.46927448802,0.001009489744643255,False,0.016,4.0,0.0
2017-04-03,0.0037268240636242345,0.009121584898949223,9121.584898949222,-0.0037268240636242345,False,0.016,4.0,0.0
2017-04-04,-8.641322533551323e-05,0.009095115786391902,9095.115786391902,8.641322533551323e-05,False,0.016,4.0,0.0
2017-04-05,-0.001403640486460689,0.008818179404756236,8818.179404756236,0.001403640486460689,False,0.016,4.0,0.0
2017-04-06,-0.0007182579097171125,0.008586875086207958,8586.875086207958,0.0007182579097171125,False,0.016,4.0,0.0
2017-04-07,-0.001003623355774863,0.008335339002780207,8335.339002780207,0.001003623355774863,False,0.016,4.0,0.0
2017-04-10,0.0003098419256923669,0.00810162173573905,8101.62173573905,-0.0003098419256923669,False,0.016,4.0,0.0
2017-04-11,0.0032324197044423246,0.007856797784819982,7856.797784819982,-0.0032324197044423246,False,0.016,4.0,0.0
2017-04-12,0.0017531108359136072,0.007836982706701415,7836.982706701416,-0.0017531108359136072,False,0.016,4.0,0.0
2017-04-13,-0.0013902381269244482,0.007663626704814996,7663.626704814996,0.0013902381269244482,False,0.016,4.0,0.0
2017-04-17,0.004320655978442445,0.007472275293701413,7472.275293701413,-0.004320655978442445,False,0.016,4.0,0.0
2017-04-18,0.0001353970734101037,0.007651573759895794,7651.573759895794,-0.0001353970734101037,False,0.016,4.0,0.0
2017-04-19,-0.004142544939469617,0.007418877200303917,7418.877200303917,0.004142544939469617,False,0.016,4.0,0.0
2017-04-20,0.005378303806332707,0.007570314486687979,7570.314486687979,-0.005378303806332707,False,0.016,4.0,0.0
2017-04-21,-0.0001086395218217407,0.00795385431993799,7953.854319937991,0.0001086395218217407,False,0.016,4.0,0.0
2017-04-24,0.005119438016040423,0.007711796358703319,7711.796358703319,-0.005119438016040423,False,0.016,4.0,0.0
2017-04-25,-6.673549121667377e-05,0.008025820847959175,8025.820847959175,6.673549121667377e-05,False,0.016,4.0,0.0
2017-04-26,0.0009317245052031798,0.0077814149368659125,7781.414936865913,-0.0009317245052031798,False,0.016,4.0,0.0
2017-04-27,0.0003082384589990995,0.007563020605203447,7563.020605203447,-0.0003082384589990995,False,0.016,4.0,0.0
2017-04-28,0.0012913365841252134,0.007334723933955683,7334.723933955684,-0.0012913365841252134,False,0.016,4.0,0.0
2017-05-01,-5.257803314393517e-05,0.007149248981952576,7149.248981952576,5.257803314393517e-05,False,0.016,4.0,0.0
2017-05-02,0.0028410972181257548,0.00693151880904515,6931.518809045149,-0.0028410972181257548,False,0.016,4.0,0.0
2017-05-03,-0.004873995492557759,0.00691261386413361,6912.61386413361,0.004873995492557759,False,0.016,4.0,0.0
2017-05-04,-0.0049275963798017805,0.007254723972891626,7254.723972891626,0.0049275963798017805,False,0.016,4.0,0.0
2017-05-05,0.0037312558393436837,0.007573479924448309,7573.479924448309,-0.0037312558393436837,False,0.016,4.0,0.0
2017-05-08,-0.0011795686554342045,0.0076444027660711004,7644.402766071101,0.0011795686554342045,False,0.016,4.0,0.0
2017-05-09,0.0018355813676011134,0.00744194066422749,7441.94066422749,-0.0018355813676011134,False,0.016,4.0,0.0
2017-05-10,0.0015526003288906633,0.007290652158583195,7290.652158583195,-0.0015526003288906633,False,0.016,4.0,0.0
2017-05-11,0.0006647005077358382,0.007123702454810635,7123.702454810636,-0.0006647005077358382,False,0.016,4.0,0.0
2017-05-12,0.0030197397178379328,0.00691706409203566,6917.06409203566,-0.0030197397178379328,False,0.016,4.0,0.0
2017-05-15,0.0037643443614476355,0.00692358557183559,6923.58557183559,-0.0037643443614476355,False,0.016,4.0,0.0
2017-05-16,0.0024575174675976587,0.007047067564330509,7047.067564330509,-0.0024575174675976587,False,0.016,4.0,0.0
2017-05-17,-0.0054895298014159275,0.006974422178961736,6974.422178961736,0.0054895298014159275,False,0.016,4.0,0.0
2017-05-18,-0.0021739313296695872,0.007450452124098101,7450.452124098101,0.0021739313296695872,False,0.016,4.0,0.0
2017-05-19,0.007878129212049424,0.007328933899080503,7328.933899080503,-0.007878129212049424,False,0.016,4.0,0.0
2017-05-22,0.003180839117198176,0.008404986819000808,8404.986819000807,-0.003180839117198176,False,0.016,4.0,0.0
2017-05-23,-0.0017750985939156251,0.008348086179022097,8348.086179022097,0.0017750985939156251,False,0.016,4.0,0.0
2017-05-24,0.00407782886183834,0.008156731878051078,8156.731878051079,-0.00407782886183834,False,0.016,4.0,0.0
2017-05-25,0.0034724590863576487,0.00824256639324761,8242.566393247609,-0.0034724590863576487,False,0.016,4.0,0.0
2017-05-26,0.00314976164855576,0.008232793877404216,8232.793877404216,-0.00314976164855576,False,0.016,4.0,0.0
2017-05-30,-0.0007337471147262465,0.008181298497152625,8181.298497152625,0.0007337471147262465,False,0.016,4.0,0.0
2017-05-31,-0.0003629946374182236,0.007943075431141642,7943.075431141642,0.0003629946374182236,False,0.016,4.0,0.0
2017-06-01,0.004254828236328612,0.0077038747651670516,7703.874765167052,-0.004254828236328612,False,0.016,4.0,0.0
2017-06-02,0.007803164797412655,0.00785284532030104,7852.8453203010395,-0.007803164797412655,False,0.016,4.0,0.0
2017-06-05,-0.0014730985291681266,0.008816958824722908,8816.958824722908,0.0014730985291681266,False,0.016,4.0,0.0
2017-06-06,0.002001980834099881,0.008589474492433077,8589.474492433077,-0.002001980834099881,False,0.016,4.0,0.0
2017-06-07,-0.001097608832022101,0.00840557889058989,8405.57889058989,0.001097608832022101,False,0.016,4.0,0.0
2017-06-08,-0.00032768220631216314,0.008173477124838348,8173.477124838349,0.00032768220631216314,False,0.016,4.0,0.0
2017-06-09,-0.008960765080553258,0.007926679692376941,7926.679692376942,0.008960765080553258,True,0.02,5.0,0.0010340853881763163
2017-06-12,-0.002533170125023166,0.009226879245968189,9226.879245968188,0.002533170125023166,False,0.02,5.0,0.0
2017-06-13,0.003799081091306045,0.00906150397159087,9061.50397159087,-0.003799081091306045,False,0.02,5.0,0.0
2017-06-14,0.000820953664205537,0.009048248497802133,9048.248497802133,-0.000820953664205537,False,0.02,5.0,0.0
2017-06-15,-0.00449172420801105,0.008785066786583792,8785.066786583793,0.00449172420801105,False,0.02,5.0,0.0
2017-06-16,-5.3860317963594435e-05,0.00889370806504352,8893.70806504352,5.3860317963594435e-05,False,0.02,5.0,0.0
2017-06-19,0.005188650726834943,0.008622824510003213,8622.824510003213,-0.005188650726834943,False,0.02,5.0,0.0
2017-06-20,-0.0037566583262903077,0.00886757514667477,8867.57514667477,0.0037566583262903077,False,0.02,5.0,0.0
2017-06-21,0.003354212235450138,0.008859930662052541,8859.930662052542,-0.003354212235450138,False,0.02,5.0,0.0
2017-06-22,0.00198925309605289,0.00880009874913314,8800.09874913314,-0.00198925309605289,False,0.016,4.0,0.0
2017-06-23,0.0028362405341373132,0.008606983630464284,8606.983630464283,-0.0028362405341373132,False,0.016,4.0,0.0
2017-06-26,8.415950748592571e-05,0.008499849319562049,8499.849319562049,-8.415950748592571e-05,False,0.016,4.0,0.0
2017-06-27,-0.008953928563454783,0.00824104920730774,8241.04920730774,0.008953928563454783,True,0.02,5.0,0.000712879356147042
2017-06-28,0.005708628829424001,0.009480148428630281,9480.148428630282,-0.005708628829424001,False,0.02,5.0,0.0
2017-06-29,-0.01042071302807961,0.009750012010394955,9750.012010394954,0.01042071302807961,True,0.024,6.0,0.0006707010176846551
2017-06-30,0.0003981252770957288,0.011163334460204882,11163.334460204882,-0.0003981252770957288,False,0.024,6.0,0.0
2017-07-03,-0.004522504855147136,0.010825631733225954,10825.631733225955,0.004522504855147136,False,0.024,6.0,0.0
2017-07-05,0.002834831514119696,0.010807591275355022,10807.591275355022,-0.002834831514119696,False,0.024,6.0,0.0
2017-07-06,-0.00777935678083599,0.010602135352047775,10602.135352047775,0.00777935678083599,False,0.024,6.0,0.0
2017-07-07,0.0006016280603216019,0.011194289011607418,11194.289011607418,-0.0006016280603216019,False,0.024,6.0,0.0
2017-07-10,0.004040907443911568,0.01085867912093288,10858.67912093288,-0.004040907443911568,False,0.024,6.0,0.0
2017-07-11,0.0026533042942117114,0.010776756710657859,10776.756710657859,-0.0026533042942117114,False,0.024,6.0,0.0
2017-07-12,0.009836410324233436,0.010557280330881198,10557.280330881198,-0.009836410324233436,False,0.024,6.0,0.0
2017-07-13,0.00014053957794304403,0.011669895384155709,11669.895384155709,-0.00014053957794304403,False,0.024,6.0,0.0
2017-07-14,0.006909791331196625,0.011314666779063043,11314.666779063042,-0.006909791331196625,False,0.024,6.0,0.0
2017-07-17,0.0005948323809896294,0.011655209455642749,11655.20945564275,-0.0005948323809896294,False,0.024,6.0,0.0
2017-07-18,0.005188527657022091,0.011305227330874516,11305.227330874517,-0.005188527657022091,False,0.024,6.0,0.0
2017-07-19,0.003946851321262868,0.011352587062363558,11352.587062363558,-0.003946851321262868,False,0.024,6.0,0.0
2017-07-20,0.0009719497391409871,0.011234172426516828,11234.172426516827,-0.0009719497391409871,False,0.024,6.0,0.0
2017-07-21,0.0021736853611556087,0.010906006824326844,10906.006824326843,-0.0021736853611556087,False,0.024,6.0,0.0
2017-07-24,0.0007672852906087435,0.010646068193219673,10646.068193219673,-0.0007672852906087435,False,0.024,6.0,0.0
2017-07-25,-0.0037852686533285554,0.01033100234762974,10331.00234762974,0.0037852686533285554,False,0.024,6.0,0.0
2017-07-26,0.004246755810755243,0.010245897440904215,10245.897440904215,-0.004246755810755243,False,0.024,6.0,0.0
2017-07-27,-0.0036686102570436365,0.010224279893351665,10224.279893351664,0.0036686102570436365,False,0.024,6.0,0.0
2017-07-28,0.0021952348403937675,0.010130842491501995,10130.842491501995,-0.0021952348403937675,False,0.024,6.0,0.0
2017-07-31,-0.0003914266784719622,0.009901552643579673,9901.552643579673,0.0003914266784719622,False,0.024,6.0,0.0
2017-08-01,0.00273893724255907,0.00960250233127938,9602.50233127938,-0.00273893724255907,False,0.024,6.0,0.0
2017-08-02,0.0005201212677325096,0.009439888640342028,9439.888640342027,-0.0005201212677325096,False,0.024,6.0,0.0
2017-08-03,0.0003998345358545929,0.009157109326743958,9157.10932674396,-0.0003998345358545929,False,0.024,6.0,0.0
2017-08-04,-0.0017996867836991726,0.008881069944622526,8881.069944622526,0.0017996867836991726,False,0.024,6.0,0.0
2017-08-07,0.0029940866590155717,0.008671372747647631,8671.37274764763,-0.0029940866590155717,False,0.024,6.0,0.0
2017-08-08,-0.0009268014330982899,0.00857858126384447,8578.581263844471,0.0009268014330982899,False,0.024,6.0,0.0
2017-08-09,0.0014320305900848984,0.00833399360762062,8333.99360762062,-0.0014320305900848984,False,0.024,6.0,0.0
2017-08-10,-0.00866168199811268,0.008121207827014773,8121.207827014773,0.00866168199811268,True,0.028,7.0,0.0005404741710979075
2017-08-11,0.003323994039797684,0.009292918396256948,9292.918396256948,-0.003323994039797684,False,0.028,7.0,0.0
2017-08-14,0.004163277261767395,0.009206767783270113,9206.767783270114,-0.004163277261767395,False,0.028,7.0,0.0
2017-08-15,-0.002039565896740503,0.009236174578584336,9236.174578584336,0.002039565896740503,False,0.028,7.0,0.0
2017-08-16,0.0049751941455078,0.009029909132133382,9029.909132133382,-0.0049751941455078,False,0.028,7.0,0.0
2017-08-17,-0.007248056590972762,0.009202412556053837,9202.412556053836,0.007248056590972762,False,0.028,7.0,0.0
2017-08-18,0.0008972419627402141,0.009831680735394593,9831.680735394593,-0.0008972419627402141,False,0.028,7.0,0.0
2017-08-21,0.0018763469778665834,0.009545870197464246,9545.870197464246,-0.0018763469778665834,False,0.028,7.0,0.0
2017-08-22,0.005707676246464245,0.00931662126582775,9316.621265827749,-0.005707676246464245,False,0.028,7.0,0.0
2017-08-23,0.0016314529793497456,0.009600512875678544,9600.512875678543,-0.0016314529793497456,False,0.028,7.0,0.0
2017-08-24,-0.0017839852837356009,0.00935435337835785,9354.35337835785,0.0017839852837356009,False,0.028,7.0,0.0
2017-08-25,0.0027182188978550625,0.009126178079931914,9126.178079931913,-0.0027182188978550625,False,0.028,7.0,0.0
2017-08-28,0.0029675594600264694,0.008982712016268091,8982.712016268091,-0.0029675594600264694,False,0.028,7.0,0.0
2017-08-29,0.0008693965042590124,0.008871715147307816,8871.715147307816,-0.0008693965042590124,False,0.028,7.0,0.0
2017-08-30,0.0034517252446116366,0.008615702222770966,8615.702222770966,-0.0034517252446116366,False,0.028,7.0,0.0
2017-08-31,0.006602734195740423,0.008581682593225922,8581.682593225922,-0.006602734195740423,False,0.028,7.0,0.0
2017-09-01,0.00033316953311322026,0.009131418763864791,9131.41876386479,-0.00033316953311322026,False,0.028,7.0,0.0
2017-09-05,-0.0004512786991364592,0.008855274358750134,8855.274358750134,0.0004512786991364592,False,0.028,7.0,0.0
2017-09-06,0.0003454702712002212,0.008589357349002102,8589.357349002103,-0.0003454702712002212,False,0.028,7.0,0.0
2017-09-07,0.006044757276508305,0.008330017441159493,8330.017441159493,-0.006044757276508305,False,0.024,6.0,0.0
2017-09-08,-0.0039780499881228336,0.008780124211521322,8780.12421152132,0.0039780499881228336,False,0.024,6.0,0.0
2017-09-11,0.0019391875006917086,0.008809296319843986,8809.296319843987,-0.0019391875006917086,False,0.024,6.0,0.0
2017-09-12,0.0004693180487222558,0.008612116375201394,8612.116375201394,-0.0004693180487222558,False,0.024,6.0,0.0
2017-09-13,-0.002976737349161973,0.008354038352775598,8354.038352775598,0.002976737349161973,False,0.024,6.0,0.0
2017-09-14,0.0009915191095404509,0.008275254431118638,8275.254431118638,-0.0009915191095404509,False,0.024,6.0,0.0
2017-09-15,0.0012278148303938032,0.008043026485394596,8043.026485394596,-0.0012278148303938032,False,0.024,6.0,0.0
2017-09-18,-0.0021497080948050364,0.007829327805996416,7829.327805996416,0.0021497080948050364,False,0.024,6.0,0.0
2017-09-19,0.0009074715694617374,0.007689021578207432,7689.021578207432,-0.0009074715694617374,False,0.024,6.0,0.0
2017-09-20,-0.0029231646482787976,0.007472696492825544,7472.696492825545,0.0029231646482787976,False,0.024,6.0,0.0
2017-09-21,-0.0033925675616692796,0.007434067820824146,7434.067820824146,0.0033925675616692796,False,0.024,6.0,0.0
2017-09-22,0.0001920483228336378,0.007462354802637779,7462.354802637779,-0.0001920483228336378,False,0.024,6.0,0.0
2017-09-25,-0.002563481731416317,0.00723584902545217,7235.849025452169,0.002563481731416317,False,0.024,6.0,0.0
2017-09-26,-0.002493894293209298,0.00716588419985057,7165.88419985057,0.002493894293209298,False,0.024,6.0,0.0
2017-09-27,-0.0030358600459291954,0.0070914358255866235,7091.435825586624,0.0030358600459291954,False,0.024,6.0,0.0
2017-09-28,-0.00018022068702638896,0.007089701007950853,7089.701007950853,0.00018022068702638896,False,0.024,6.0,0.0
2017-09-29,0.0038645958701234223,0.006874487275094268,6874.487275094268,-0.0038645958701234223,False,0.024,6.0,0.0
2017-10-02,-0.0006074525810139342,0.007019450993573743,7019.450993573743,0.0006074525810139342,False,0.024,6.0,0.0
2017-10-03,0.004314566262316921,0.006814407502975923,6814.407502975922,-0.004314566262316921,False,0.024,6.0,0.0
2017-10-04,0.0009641452358231329,0.007049445513798598,7049.445513798598,-0.0009641452358231329,False,0.024,6.0,0.0
2017-10-05,0.0028089084491879305,0.006856737356145756,6856.737356145756,-0.0028089084491879305,False,0.024,6.0,0.0
2017-10-06,-0.0005782978276530181,0.006837831260258733,6837.831260258733,0.0005782978276530181,False,0.024,6.0,0.0
2017-10-09,0.0015741863694721972,0.0066377084620794875,6637.708462079488,-0.0015741863694721972,False,0.024,6.0,0.0
2017-10-10,0.0034972713238203834,0.006497713754995057,6497.713754995058,-0.0034972713238203834,False,0.024,6.0,0.0
2017-10-11,0.002846410007613276,0.006607466197776657,6607.466197776657,-0.002846410007613276,False,0.024,6.0,0.0
2017-10-12,0.00026550485398051376,0.006608323487520934,6608.323487520935,-0.00026550485398051376,False,0.024,6.0,0.0
2017-10-13,0.005785773365715219,0.006408793407593042,6408.7934075930425,-0.005785773365715219,False,0.024,6.0,0.0
2017-10-16,-0.0006902374840793701,0.007034068612663509,7034.068612663509,0.0006902374840793701,False,0.024,6.0,0.0
2017-10-17,-0.0017447507914395866,0.006831115325128047,6831.1153251280475,0.0017447507914395866,False,0.024,6.0,0.0
2017-10-18,-0.0016432963506606947,0.0066972208583019645,6697.220858301965,0.0016432963506606947,False,0.024,6.0,0.0
2017-10-19,-0.0009122342468100842,0.006560370828646383,6560.3708286463825,0.0009122342468100842,False,0.024,6.0,0.0
2017-10-20,-0.001088392329943244,0.006381721937304899,6381.721937304899,0.001088392329943244,False,0.024,6.0,0.0
2017-10-23,-0.0030146087044568893,0.006218315487889619,6218.315487889618,0.0030146087044568893,False,0.024,6.0,0.0
2017-10-24,-0.0013218693227220468,0.006268839990274913,6268.839990274913,0.0013218693227220468,False,0.024,6.0,0.0
2017-10-25,-0.0031056112769538347,0.006124364312004299,6124.364312004299,0.0031056112769538347,False,0.024,6.0,0.0
2017-10-26,-0.004081761486150248,0.00619589971248112,6195.899712481119,0.004081761486150248,False,0.024,6.0,0.0
2017-10-27,0.012632931686513783,0.006441723742356277,6441.723742356277,-0.012632931686513783,False,0.024,6.0,0.0
2017-10-30,0.0007429777337369937,0.00953034223517633,9530.342235176331,-0.0007429777337369937,False,0.024,6.0,0.0
2017-10-31,0.002244220142124087,0.009249704040837206,9249.704040837207,-0.002244220142124087,False,0.024,6.0,0.0
2017-11-01,0.0028556648608882634,0.009058644023184865,9058.644023184865,-0.0028556648608882634,False,0.024,6.0,0.0
2017-11-02,0.0009681626304406389,0.008932159410067232,8932.159410067232,-0.0009681626304406389,False,0.024,6.0,0.0
2017-11-03,0.0011627133927972764,0.008677605093964104,8677.605093964103,-0.0011627133927972764,False,0.024,6.0,0.0
2017-11-06,0.005688296769849099,0.008439298640997944,8439.298640997944,-0.005688296769849099,False,0.024,6.0,0.0
2017-11-07,-0.001185224940453944,0.008800859337099577,8800.859337099577,0.001185224940453944,False,0.024,6.0,0.0
2017-11-08,0.0023417523664456268,0.00855943699893528,8559.43699893528,-0.0023417523664456268,False,0.02,5.0,0.0
2017-11-09,-0.0027615003715661056,0.008405283468239573,8405.283468239573,0.0027615003715661056,False,0.02,5.0,0.0
2017-11-10,-0.005588761727288038,0.008299764551948276,8299.764551948276,0.005588761727288038,False,0.02,5.0,0.0
2017-11-13,0.0007171585286968708,0.008654196463042718,8654.196463042717,-0.0007171585286968708,False,0.02,5.0,0.0
2017-11-14,-0.0007714593430462103,0.008400500877020482,8400.500877020482,0.0007714593430462103,False,0.02,5.0,0.0
2017-11-15,-0.0010608997250728613,0.0081564430524249,8156.443052424901,0.0010608997250728613,False,0.02,5.0,0.0
2017-11-16,0.006664331918779799,0.007931038858412013,7931.038858412013,-0.006664331918779799,False,0.02,5.0,0.0
2017-11-17,0.0035239065801502714,0.008576065919569102,8576.065919569102,-0.0035239065801502714,False,0.02,5.0,0.0
2017-11-20,-0.0013917193514354721,0.008553843568770914,8553.843568770913,0.0013917193514354721,False,0.02,5.0,0.0
2017-11-21,0.007120170801390691,0.00833109102760192,8331.09102760192,-0.007120170801390691,False,0.02,5.0,0.0
2017-11-22,0.0030610500535347197,0.009039060088980496,9039.060088980495,-0.0030610500535347197,False,0.02,5.0,0.0
2017-11-24,-0.00028017132364941414,0.00893559773102965,8935.59773102965,0.00028017132364941414,False,0.02,5.0,0.0
2017-11-27,-0.0025738827902263453,0.008664854362105739,8664.85436210574,0.0025738827902263453,False,0.02,5.0,0.0
2017-11-28,0.0042661781137342866,0.008527960232266754,8527.960232266754,-0.0042661781137342866,False,0.02,5.0,0.0
2017-11-29,-0.010001511708582966,0.008618144673964904,8618.144673964904,0.010001511708582966,True,0.024,6.0,0.0013833670346180618
2017-11-30,-0.0009701885254327805,0.010114210663279772,10114.210663279771,0.0009701885254327805,False,0.024,6.0,0.0
2017-12-01,0.0011144256157957556,0.009821662983479097,9821.662983479097,-0.0011144256157957556,False,0.024,6.0,0.0
2017-12-04,-0.0027334019289043223,0.009543607089123015,9543.607089123016,0.0027334019289043223,False,0.024,6.0,0.0
2017-12-05,-0.0011430461410727902,0.009383054073053523,9383.054073053523,0.0011430461410727902,False,0.024,6.0,0.0
2017-12-06,-0.001484469197235083,0.00912049656590189,9120.49656590189,0.001484469197235083,False,0.024,6.0,0.0
2017-12-07,-0.002315828371415085,0.008883017788535312,8883.017788535311,0.002315828371415085,False,0.024,6.0,0.0
2017-12-08,0.004306808886031343,0.00871292051736933,8712.92051736933,-0.004306808886031343,False,0.024,6.0,0.0
2017-12-11,0.0019514756236721942,0.008796764729778231,8796.764729778231,-0.0019514756236721942,False,0.024,6.0,0.0
2017-12-12,-0.0011012137868992246,0.00860096963458625,8600.96963458625,0.0011012137868992246,False,0.024,6.0,0.0
2017-12-13,0.0059916595160574675,0.008362526474868971,8362.526474868971,-0.0059916595160574675,False,0.024,6.0,0.0
2017-12-14,-0.0019780998311224925,0.008797337860413867,8797.337860413867,0.0019780998311224925,False,0.024,6.0,0.0
2017-12-15,0.005541811494214688,0.008603495190313887,8603.495190313886,-0.005541811494214688,False,0.024,6.0,0.0
2017-12-18,0.0042974201321292595,0.008919160396398422,8919.160396398422,-0.0042974201321292595,False,0.024,6.0,0.0
2017-12-19,-0.00545428397184351,0.0089874963316406,8987.4963316406,0.00545428397184351,False,0.024,6.0,0.0
2017-12-20,-0.0017386810439876444,0.009251408601502831,9251.408601502832,0.0017386810439876444,False,0.024,6.0,0.0
2017-12-21,0.003195825309758638,0.009024126588202943,9024.126588202944,-0.003195825309758638,False,0.024,6.0,0.0
2017-12-22,0.0027308924759323894,0.008936731333729192,8936.731333729193,-0.0027308924759323894,False,0.024,6.0,0.0
2017-12-26,0.00047423416541254605,0.008803118649523694,8803.118649523694,-0.00047423416541254605,False,0.024,6.0,0.0
2017-12-27,0.004000065491466831,0.008539217267896023,8539.217267896023,-0.004000065491466831,False,0.024,6.0,0.0
2017-12-28,0.0028691035134236435,0.008587125621442412,8587.125621442412,-0.0028691035134236435,False,0.024,6.0,0.0
2017-12-29,0.0005643936703531913,0.008484536886899829,8484.536886899828,-0.0005643936703531913,False,0.024,6.0,0.0
2018-01-02,0.008980724056155288,0.00823234830258264,8232.34830258264,-0.008980724056155288,False,0.024,6.0,0.0
2018-01-03,0.005553633438327333,0.009481272473867722,9481.272473867723,-0.005553633438327333,False,0.024,6.0,0.0
2018-01-04,0.0031769381262424234,0.009721931347240469,9721.931347240468,-0.0031769381262424234,False,0.024,6.0,0.0
2018-01-05,0.004287544839775137,0.009598036589584066,9598.036589584066,-0.004287544839775137,False,0.024,6.0,0.0
2018-01-08,0.000984776878129945,0.009621028663565139,9621.02866356514,-0.000984776878129945,False,0.024,6.0,0.0
2018-01-09,-0.003460854189406226,0.009344797675559482,9344.797675559481,0.003460854189406226,False,0.024,6.0,0.0
2018-01-10,-0.0017984630033586638,0.009272269987437924,9272.269987437925,0.0017984630033586638,False,0.024,6.0,0.0
2018-01-11,0.005538721202819019,0.009048025619962782,9048.025619962782,-0.005538721202819019,False,0.024,6.0,0.0
2018-01-12,0.007451664677719316,0.009322882770312709,9322.882770312708,-0.007451664677719316,False,0.024,6.0,0.0
2018-01-16,-0.000856510543773559,0.009986573476381716,9986.573476381716,0.000856510543773559,False,0.024,6.0,0.0
2018-01-17,0.004808482040133045,0.009694635841784555,9694.635841784555,-0.004808482040133045,False,0.024,6.0,0.0
2018-01-18,-0.0023617330329964493,0.009790539981597464,9790.539981597463,0.0023617330329964493,False,0.024,6.0,0.0
2018-01-19,0.0030151340287601913,0.00958720893078108,9587.20893078108,-0.0030151340287601913,False,0.024,6.0,0.0
2018-01-22,0.005475264338412878,0.009452601932698527,9452.601932698528,-0.005475264338412878,False,0.024,6.0,0.0
2018-01-23,0.004879606198580122,0.009681168177894925,9681.168177894924,-0.004879606198580122,False,0.024,6.0,0.0
2018-01-24,0.0016643450692896303,0.009789439687156596,9789.439687156597,-0.0016643450692896303,False,0.024,6.0,0.0
2018-01-25,0.00020329919513721877,0.009538480640673698,9538.480640673699,-0.00020329919513721877,False,0.024,6.0,0.0
2018-01-26,0.007559589520688427,0.009248625668449185,9248.625668449185,-0.007559589520688427,False,0.024,6.0,0.0
2018-01-29,-0.00784701408394326,0.009947934049819914,9947.934049819914,0.00784701408394326,False,0.024,6.0,0.0
2018-01-30,-0.008464319547138244,0.010630999807357908,10630.999807357908,0.008464319547138244,False,0.024,6.0,0.0
2018-01-31,0.0051897099181915434,0.011379854235386821,11379.854235386822,-0.0051897099181915434,False,0.024,6.0,0.0
2018-02-01,-0.006871859967154138,0.01142263365196927,11422.63365196927,0.006871859967154138,False,0.024,6.0,0.0
2018-02-02,-0.017947573947090834,0.011746563066692422,11746.563066692423,0.017947573947090834,True,0.028,7.0,0.006201010880398412
2018-02-05,-0.020866710610198826,0.015306799634460506,15306.799634460505,0.020866710610198826,True,0.032,8.0,0.0055599109757383195
2018-02-06,0.012405711085272353,0.019016490907817256,19016.490907817257,-0.012405711085272353,False,0.032,8.0,0.0
2018-02-07,-0.012816750496456785,0.019745968841938636,19745.968841938637,0.012816750496456785,False,0.032,8.0,0.0
2018-02-08,-0.022785146829569603,0.020490229570361607,20490.229570361607,0.022785146829569603,True,0.036,9.0,0.002294917259207996
2018-02-09,0.008053746539910001,0.023732632197558723,23732.632197558723,-0.008053746539910001,False,0.036,9.0,0.0
2018-02-12,0.011474635942644175,0.02346285169265873,23462.85169265873,-0.011474635942644175,False,0.036,9.0,0.0
2018-02-13,0.00508430843962957,0.023669162361599782,23669.16236159978,-0.00508430843962957,False,0.036,9.0,0.0
2018-02-14,0.012645525115174383,0.023130270270660582,23130.27027066058,-0.012645525115174383,False,0.036,9.0,0.0
2018-02-15,0.01128525909734308,0.02355490554854257,23554.90554854257,-0.01128525909734308,False,0.036,9.0,0.0
2018-02-16,-0.0010486085950356385,0.023725474555628904,23725.474555628905,0.0010486085950356385,False,0.036,9.0,0.0
2018-02-20,-0.007161851689923049,0.02301046072907788,23010.46072907788,0.007161851689923049,False,0.036,9.0,0.0
2018-02-21,-0.00509979954572537,0.022679675416130217,22679.675416130216,0.00509979954572537,False,0.036,9.0,0.0
2018-02-22,0.001975982356188277,0.02217996291484364,22179.96291484364,-0.001975982356188277,False,0.036,9.0,0.0
2018-02-23,0.012362618490619948,0.021533730660398008,21533.730660398007,-0.012362618490619948,False,0.036,9.0,0.0
2018-02-26,0.00738424930171755,0.022034220210382878,22034.22021038288,-0.00738424930171755,False,0.036,9.0,0.0
2018-02-27,-0.013168361685555841,0.021773427737742008,21773.427737742008,0.013168361685555841,False,0.036,9.0,0.0
2018-02-28,-0.005119701368055463,0.02240411664671415,22404.11664671415,0.005119701368055463,False,0.032,8.0,0.0
2018-03-01,-0.005631158813989258,0.02191663653794212,21916.636537942122,0.005631158813989258,False,0.032,8.0,0.0
2018-03-02,0.0031501936966032763,0.02148988770755358,21489.887707553582,-0.0031501936966032763,False,0.032,8.0,0.0
2018-03-05,0.0039436742802349,0.020912406003814162,20912.40600381416,-0.0039436742802349,False,0.032,8.0,0.0
2018-03-06,0.005563725324012303,0.02039948853194007,20399.488531940067,-0.005563725324012303,False,0.032,8.0,0.0
2018-03-07,-0.0009052835035519459,0.020030534410487025,20030.534410487024,0.0009052835035519459,False,0.032,8.0,0.0
2018-03-08,0.0027850569768970604,0.019427173893900244,19427.173893900246,-0.0027850569768970604,False,0.032,8.0,0.0
2018-03-09,0.010513120568807755,0.018902085484920172,18902.08548492017,-0.010513120568807755,False,0.032,8.0,0.0
2018-03-12,0.002447444701023116,0.019280578624280197,19280.578624280195,-0.002447444701023116,False,0.032,8.0,0.0
2018-03-13,-0.004425704250055129,0.01874516736476273,18745.167364762732,0.004425704250055129,False,0.032,8.0,0.0
2018-03-14,0.0008969610576766708,0.018348257194084956,18348.257194084956,-0.0008969610576766708,False,0.032,8.0,0.0
2018-03-15,-0.002392750482742434,0.017796636603297385,17796.636603297386,0.002392750482742434,False,0.032,8.0,0.0
2018-03-16,-0.002019360098503875,0.017308267574316593,17308.267574316593,0.002019360098503875,False,0.032,8.0,0.0
2018-03-19,-0.0093283077312335,0.016820394798083907,16820.394798083908,0.0093283077312335,False,0.032,8.0,0.0
2018-03-20,0.0015160781240258993,0.01715243000072362,17152.43000072362,-0.0015160781240258993,False,0.032,8.0,0.0
2018-03-21,0.003633529856926665,0.016652322831436004,16652.322831436006,-0.003633529856926665,False,0.032,8.0,0.0
2018-03-22,-0.015410015194432436,0.016277251280564387,16277.251280564387,0.015410015194432436,False,0.032,8.0,0.0
2018-03-23,-0.011148594349622055,0.018059935327492168,18059.935327492167,0.011148594349622055,False,0.032,8.0,0.0
2018-03-26,0.019671384006421832,0.018626610670795588,18626.610670795588,-0.019671384006421832,False,0.032,8.0,0.0
2018-03-27,-0.012603362116942553,0.021255255234805807,21255.25523480581,0.012603362116942553,False,0.032,8.0,0.0
2018-03-28,-0.006133497304886061,0.021823331077814295,21823.331077814295,0.006133497304886061,False,0.032,8.0,0.0
2018-03-29,0.011473482687136816,0.021445231922937066,21445.231922937066,-0.011473482687136816,False,0.032,8.0,0.0
2018-04-02,-0.010959312428999767,0.021795634018181333,21795.634018181332,0.010959312428999767,False,0.032,8.0,0.0
2018-04-03,0.0037456946330622462,0.022035129085571488,22035.129085571487,-0.0037456946330622462,False,0.032,8.0,0.0
2018-04-04,0.005201407124193925,0.021470209729943856,21470.209729943857,-0.005201407124193925,False,0.032,8.0,0.0
2018-04-05,0.0006992406912543546,0.021026096203392578,21026.09620339258,-0.0006992406912543546,False,0.032,8.0,0.0
2018-04-06,-0.01025172285128786,0.020389450285955485,20389.450285955485,0.01025172285128786,False,0.032,8.0,0.0
2018-04-09,0.003613390553785401,0.020613408278425227,20613.408278425228,-0.003613390553785401,False,0.032,8.0,0.0
2018-04-10,0.011607216018172542,0.020091229390574384,20091.229390574383,-0.011607216018172542,False,0.032,8.0,0.0
2018-04-11,0.0001489579326801271,0.02057148261908356,20571.48261908356,-0.0001489579326801271,False,0.032,8.0,0.0
2018-04-12,0.00017932477966426936,0.019944973006160268,19944.973006160268,-0.00017932477966426936,False,0.032,8.0,0.0
2018-04-13,-0.0018449454493999486,0.019337638771657586,19337.638771657585,0.0018449454493999486,False,0.032,8.0,0.0
2018-04-16,0.0037696685879255567,0.01877798937433302,18777.98937433302,-0.0037696685879255567,False,0.032,8.0,0.0
2018-04-17,0.007598454806403243,0.018332223633084975,18332.223633084974,-0.007598454806403243,False,0.032,8.0,0.0
2018-04-18,0.0008322587730601464,0.018293551692269445,18293.551692269444,-0.0008322587730601464,False,0.032,8.0,0.0
2018-04-19,-0.006131579976523827,0.017742595806201206,17742.595806201207,0.006131579976523827,False,0.032,8.0,0.0
2018-04-20,-0.010330508087939182,0.017553340058720546,17553.340058720547,0.010330508087939182,False,0.032,8.0,0.0
2018-04-23,-0.0036878430560930878,0.018007937392103265,18007.937392103264,0.0036878430560930878,False,0.032,8.0,0.0
2018-04-24,-0.007809837296406963,0.01758535831182503,17585.35831182503,0.007809837296406963,False,0.032,8.0,0.0
2018-04-25,-0.003447757505592431,0.01762088474917827,17620.884749178273,0.003447757505592431,False,0.032,8.0,0.0
2018-04-26,0.009836061884055768,0.0171966777681285,17196.6777681285,-0.009836061884055768,False,0.032,8.0,0.0
2018-04-27,0.003936895088567872,0.01758970202273004,17589.702022730038,-0.003936895088567872,False,0.032,8.0,0.0
2018-04-30,-0.0054931420630574875,0.017200771602890103,17200.7716028901,0.0054931420630574875,False,0.032,8.0,0.0
2018-05-01,-0.0004712581575445629,0.01696798925183767,16967.989251837673,0.0004712581575445629,False,0.032,8.0,0.0
2018-05-02,-0.004424333568388406,0.01645326756260712,16453.26756260712,0.004424333568388406,False,0.032,8.0,0.0
2018-05-03,0.0010180070801307118,0.016150033876442718,16150.033876442718,-0.0010180070801307118,False,0.032,8.0,0.0
2018-05-04,0.008014110204250892,0.015668780801437805,15668.780801437806,-0.008014110204250892,False,0.032,8.0,0.0
2018-05-07,0.0009044243543162358,0.015863010369369226,15863.010369369227,-0.0009044243543162358,False,0.032,8.0,0.0
2018-05-08,0.0007687719614889011,0.015388391809820138,15388.391809820137,-0.0007687719614889011,False,0.032,8.0,0.0
2018-05-09,0.002887087713262404,0.014926029461092644,14926.029461092643,-0.002887087713262404,False,0.032,8.0,0.0
2018-05-10,0.011091868350292257,0.014564537479677123,14564.537479677123,-0.011091868350292257,False,0.032,8.0,0.0
2018-05-11,0.0003014923169255557,0.015470862321038954,15470.862321038954,-0.0003014923169255557,False,0.032,8.0,0.0
2018-05-14,-0.0011820125450948016,0.015000541383484738,15000.541383484739,0.0011820125450948016,False,0.032,8.0,0.0
2018-05-15,-0.01322798288011391,0.014559153209422627,14559.153209422628,0.01322798288011391,False,0.032,8.0,0.0
2018-05-16,0.004097619548530651,0.01600215768675673,16002.157686756731,-0.004097619548530651,False,0.032,8.0,0.0
2018-05-17,-0.004886199961844784,0.015689391570200432,15689.391570200432,0.004886199961844784,False,0.032,8.0,0.0
2018-05-18,-0.0014097327945384206,0.015464155648825206,15464.155648825206,0.0014097327945384206,False,0.032,8.0,0.0
2018-05-21,0.004058660842854866,0.015014560330541373,15014.560330541373,-0.004058660842854866,False,0.032,8.0,0.0
2018-05-22,-0.0005481997745076851,0.014739732712879284,14739.732712879284,0.0005481997745076851,False,0.032,8.0,0.0
2018-05-23,0.003817127521573327,0.01429411491289177,14294.11491289177,-0.003817127521573327,False,0.032,8.0,0.0
2018-05-24,0.001763644433683198,0.014028315870811284,14028.315870811284,-0.001763644433683198,False,0.032,8.0,0.0
2018-05-25,0.0011757527774213907,0.01363803616082956,13638.03616082956,-0.0011757527774213907,False,0.032,8.0,0.0
2018-05-29,-0.0034881319885102353,0.01323952986026358,13239.529860263581,0.0034881319885102353,False,0.032,8.0,0.0
2018-05-30,0.004639499810920822,0.012989182194025426,12989.182194025427,-0.004639499810920822,False,0.032,8.0,0.0
2018-05-31,-0.002209096297095403,0.012867990169643878,12867.990169643877,0.002209096297095403,False,0.032,8.0,0.0
2018-06-01,0.0058570334863209395,0.012539326058477745,12539.326058477745,-0.0058570334863209395,False,0.032,8.0,0.0
2018-06-04,0.0031431663719222683,0.012607135554245632,12607.135554245633,-0.0031431663719222683,False,0.032,8.0,0.0
2018-06-05,0.0004799772088281307,0.012353601979059568,12353.60197905957,-0.0004799772088281307,False,0.032,8.0,0.0
2018-06-06,0.004346890527480053,0.01198038396170197,11980.383961701971,-0.004346890527480053,False,0.032,8.0,0.0
2018-06-07,-0.0028633244874317846,0.011876591980530076,11876.591980530076,0.0028633244874317846,False,0.028,7.0,0.0
2018-06-08,-0.0001411616029728613,0.011629808128897013,11629.808128897013,0.0001411616029728613,False,0.028,7.0,0.0
2018-06-11,0.0007943189408385678,0.01127580424301505,11275.804243015049,-0.0007943189408385678,False,0.028,7.0,0.0
2018-06-12,0.00017732947666240223,0.010941664010799105,10941.664010799104,-0.00017732947666240223,False,0.028,7.0,0.0
2018-06-13,-0.0014893639713419394,0.010608818101385467,10608.818101385466,0.0014893639713419394,False,0.028,7.0,0.0
2018-06-14,0.003146019622369067,0.010320585337454443,10320.585337454442,-0.003146019622369067,False,0.028,7.0,0.0
2018-06-15,-0.005656563116366464,0.010165502774400367,10165.502774400367,0.005656563116366464,False,0.028,7.0,0.0
2018-06-18,-0.003520691701971312,0.010369521090761826,10369.521090761826,0.003520691701971312,False,0.028,7.0,0.0
2018-06-19,-0.002888822012342174,0.010251841940515071,10251.84194051507,0.002888822012342174,False,0.028,7.0,0.0
2018-06-20,-1.9232804668378527e-05,0.010074923222631543,10074.923222631543,1.9232804668378527e-05,False,0.028,7.0,0.0
2018-06-21,-0.005102310731812798,0.009768006622501949,9768.00662250195,0.005102310731812798,False,0.028,7.0,0.0
2018-06-22,0.002457642769921442,0.009906693377950615,9906.693377950614,-0.002457642769921442,False,0.028,7.0,0.0
2018-06-25,-0.010215188710317237,0.00970645622244042,9706.45622244042,0.010215188710317237,True,0.028,7.0,0.0005087324878768167
2018-06-26,-0.00029435823975296763,0.011065544360309595,11065.544360309596,0.00029435823975296763,False,0.028,7.0,0.0
2018-06-27,-0.007478417675532588,0.010729754473517908,10729.754473517909,0.007478417675532588,False,0.024,6.0,0.0
2018-06-28,0.004006686071710042,0.011241892501629604,11241.892501629603,-0.004006686071710042,False,0.024,6.0,0.0
2018-06-29,0.003863549485703688,0.011135984008502034,11135.984008502033,-0.003863549485703688,False,0.024,6.0,0.0
2018-07-02,-0.0023797837781200926,0.011018917237540398,11018.917237540398,0.0023797837781200926,False,0.024,6.0,0.0
2018-07-03,0.00021633289650764274,0.010768960895371816,10768.960895371816,-0.00021633289650764274,False,0.024,6.0,0.0
2018-07-05,0.004849668888989456,0.010441622681094897,10441.622681094897,-0.004849668888989456,False,0.024,6.0,0.0
2018-07-06,0.007893344868231168,0.010493944420214119,10493.944420214119,-0.007893344868231168,False,0.024,6.0,0.0
2018-07-09,0.0063947002268120124,0.011124151545170942,11124.151545170942,-0.0063947002268120124,False,0.024,6.0,0.0
2018-07-10,2.8125862418892914e-05,0.011384208184398826,11384.208184398825,-2.8125862418892914e-05,False,0.024,6.0,0.0
2018-07-11,-0.007777655989639443,0.011037410977938845,11037.410977938845,0.007777655989639443,False,0.024,6.0,0.0
2018-07-12,0.00880580414827703,0.011582639243718322,11582.639243718322,-0.00880580414827703,False,0.024,6.0,0.0
2018-07-13,8.770802383490936e-05,0.012299881610845548,12299.881610845548,-8.770802383490936e-05,False,0.024,6.0,0.0
2018-07-16,-0.002685607226543696,0.011925282399438398,11925.282399438398,0.002685607226543696,False,0.024,6.0,0.0
2018-07-17,0.0009562605503325995,0.011662830338898526,11662.830338898526,-0.0009562605503325995,False,0.024,6.0,0.0
2018-07-18,-0.0009359438573036006,0.011320655639908715,11320.655639908715,0.0009359438573036006,False,0.024,6.0,0.0
2018-07-19,-0.0038080897071641525,0.010988733124799319,10988.733124799319,0.0038080897071641525,False,0.024,6.0,0.0
2018-07-20,0.0014291769070511769,0.01087271681340787,10872.71681340787,-0.0014291769070511769,False,0.024,6.0,0.0
2018-07-23,-0.00373912667483487,0.010572901941035282,10572.901941035281,0.00373912667483487,False,0.024,6.0,0.0
2018-07-24,0.005518198773335881,0.010469905637814659,10469.905637814658,-0.005518198773335881,False,0.024,6.0,0.0
2018-07-25,0.008535379485007646,0.010626828682693813,10626.828682693813,-0.008535379485007646,False,0.024,6.0,0.0
2018-07-26,-0.007667722144908718,0.01139341857495762,11393.41857495762,0.007667722144908718,False,0.024,6.0,0.0
2018-07-27,-0.002896968466457728,0.011879082070424174,11879.082070424174,0.002896968466457728,False,0.024,6.0,0.0
2018-07-30,-0.005181319847974164,0.011634903132113676,11634.903132113675,0.005181319847974164,False,0.024,6.0,0.0
2018-07-31,0.0052719236969718695,0.011660445968594512,11660.445968594511,-0.0052719236969718695,False,0.024,6.0,0.0
2018-08-01,-0.004452944346791466,0.011697558094147123,11697.558094147123,0.004452944346791466,False,0.024,6.0,0.0
2018-08-02,0.00036682167512625,0.011621598325834785,11621.598325834784,-0.00036682167512625,False,0.024,6.0,0.0
2018-08-03,0.004712933723123625,0.011269496335487676,11269.496335487676,-0.004712933723123625,False,0.024,6.0,0.0
2018-08-06,-0.0005368670355697215,0.011251395989215878,11251.395989215878,0.0005368670355697215,False,0.024,6.0,0.0
2018-08-07,0.00285601224514036,0.010912922064886282,10912.922064886283,-0.00285601224514036,False,0.024,6.0,0.0
2018-08-08,0.000648076749078741,0.01070490458969923,10704.90458969923,-0.000648076749078741,False,0.02,5.0,0.0
2018-08-09,0.0004062204635441047,0.010385358164521068,10385.358164521067,-0.0004062204635441047,False,0.02,5.0,0.0
2018-08-10,-0.005762949205480772,0.010071638744501352,10071.638744501352,0.005762949205480772,False,0.02,5.0,0.0
2018-08-13,-0.007689322307052927,0.010302227313632789,10302.22731363279,0.007689322307052927,False,0.02,5.0,0.0
2018-08-14,0.0034998924050118068,0.0109071834066217,10907.183406621702,-0.0034998924050118068,False,0.02,5.0,0.0
2018-08-15,-0.011856367121098655,0.010761326531677471,10761.32653167747,0.011856367121098655,True,0.024,6.0,0.001095040589421184
2018-08-16,0.003351115197800048,0.01242995966401234,12429.95966401234,-0.003351115197800048,False,0.024,6.0,0.0
2018-08-17,0.004957712024000349,0.012201646984599749,12201.646984599749,-0.004957712024000349,False,0.024,6.0,0.0
2018-08-20,0.003488269020156576,0.012162585468342322,12162.585468342322,-0.003488269020156576,False,0.024,6.0,0.0
2018-08-21,0.0036631546374135127,0.011958423758361654,11958.423758361654,-0.0036631546374135127,False,0.024,6.0,0.0
2018-08-22,0.0034743030370060876,0.011780530579807214,11780.530579807213,-0.0034743030370060876,False,0.024,6.0,0.0
2018-08-23,-0.0053649444500411874,0.011591962492958125,11591.962492958124,0.0053649444500411874,False,0.024,6.0,0.0
2018-08-24,0.01065991308536245,0.011647201025656508,11647.201025656508,-0.01065991308536245,False,0.024,6.0,0.0
2018-08-27,0.006085291660858272,0.012822491363936032,12822.491363936033,-0.006085291660858272,False,0.024,6.0,0.0
2018-08-28,-0.0031268900677722923,0.012906421125195792,12906.421125195793,0.0031268900677722923,False,0.024,6.0,0.0
2018-08-29,0.0057953183897638825,0.012639463309656552,12639.463309656552,-0.0057953183897638825,False,0.024,6.0,0.0
2018-08-30,-0.006929433547299291,0.012691588218445881,12691.58821844588,0.006929433547299291,False,0.024,6.0,0.0
2018-08-31,0.0005981246788466121,0.012922988002545478,12922.988002545477,-0.0005981246788466121,False,0.024,6.0,0.0
2018-09-04,-0.007271381085653017,0.0125339366964208,12533.9366964208,0.007271381085653017,False,0.024,6.0,0.0
2018-09-05,-0.0058457195731479675,0.012839087781596288,12839.087781596289,0.0058457195731479675,False,0.024,6.0,0.0
2018-09-06,-0.001074919350610215,0.012885957549050949,12885.957549050949,0.001074919350610215,False,0.024,6.0,0.0
2018-09-07,-0.0044083376387600735,0.012508405924285473,12508.405924285473,0.0044083376387600735,False,0.024,6.0,0.0
2018-09-10,-0.000354861046986632,0.012384785400758701,12384.785400758701,0.000354861046986632,False,0.024,6.0,0.0
2018-09-11,0.0012395462825761203,0.012009197511421236,12009.197511421236,-0.0012395462825761203,False,0.024,6.0,0.0
2018-09-12,0.0026274692778596176,0.011664754168076077,11664.754168076077,-0.0026274692778596176,False,0.024,6.0,0.0
2018-09-13,0.005605933592633216,0.011408075735665123,11408.075735665123,-0.005605933592633216,False,0.024,6.0,0.0
2018-09-14,-0.0029992868042750813,0.011512608380100568,11512.608380100568,0.0029992868042750813,False,0.024,6.0,0.0
2018-09-17,-0.004706653687050189,0.011291978403375227,11291.978403375228,0.004706653687050189,False,0.024,6.0,0.0
2018-09-18,0.0022722990822400925,0.011271712294337525,11271.712294337525,-0.0022722990822400925,False,0.024,6.0,0.0
2018-09-19,0.002405581544755786,0.01100477242999006,11004.77242999006,-0.002405581544755786,False,0.024,6.0,0.0
2018-09-20,0.007651755593293875,0.010757219698027233,10757.219698027233,-0.007651755593293875,False,0.024,6.0,0.0
2018-09-21,-0.0017971763141214848,0.011304268556680985,11304.268556680985,0.0017971763141214848,False,0.024,6.0,0.0
2018-09-24,-0.0029227394513220875,0.01100763700391972,11007.637003919719,0.0029227394513220875,False,0.024,6.0,0.0
2018-09-25,0.0009936522519267356,0.010801473232880875,10801.473232880875,-0.0009936522519267356,False,0.024,6.0,0.0
2018-09-26,0.00031202971753991894,0.010487712758716978,10487.712758716978,-0.00031202971753991894,False,0.024,6.0,0.0
2018-09-27,0.0015955065359438694,0.010169769256161986,10169.769256161986,-0.0015955065359438694,False,0.024,6.0,0.0
2018-09-28,-0.0006246166610137439,0.009901785635719557,9901.785635719556,0.0006246166610137439,False,0.024,6.0,0.0
2018-10-01,-0.0006547131381815731,0.009606733210534282,9606.733210534281,0.0006547131381815731,False,0.024,6.0,0.0
2018-10-02,0.0004487643261484874,0.009321542355376548,9321.542355376549,-0.0004487643261484874,False,0.024,6.0,0.0
2018-10-03,-0.005590781478322816,0.00904118779072009,9041.187790720089,0.005590781478322816,False,0.024,6.0,0.0
2018-10-04,-0.011703252060591529,0.009326736533612092,9326.736533612093,0.011703252060591529,True,0.028,7.0,0.0023765155269794367
2018-10-05,-0.005451706721326555,0.011235813312386916,11235.813312386916,0.005451706721326555,False,0.028,7.0,0.0
2018-10-08,-0.0038141011287013307,0.011327830334317062,11327.830334317063,0.0038141011287013307,False,0.028,7.0,0.0
2018-10-09,0.0017529873698771683,0.011195726179292017,11195.726179292016,-0.0017529873698771683,False,0.028,7.0,0.0
2018-10-10,-0.02111457776845569,0.010900525732263645,10900.525732263644,0.02111457776845569,True,0.032,8.0,0.010214052036192045
2018-10-11,-0.0013392746474657935,0.016014298976117735,16014.298976117734,0.0013392746474657935,False,0.032,8.0,0.0
2018-10-12,0.01257358747430084,0.015545183504819897,15545.183504819897,-0.01257358747430084,False,0.032,8.0,0.0
2018-10-15,-0.004429608048332567,0.016687995880380082,16687.995880380084,0.004429608048332567,False,0.032,8.0,0.0
2018-10-16,0.015318912428253251,0.01637532289006772,16375.322890067719,-0.015318912428253251,False,0.032,8.0,0.0
2018-10-17,-0.003535937093258191,0.018118012704097353,18118.012704097353,0.003535937093258191,False,0.032,8.0,0.0
2018-10-18,-0.012623209110210932,0.017681246786028112,17681.24678602811,0.012623209110210932,False,0.032,8.0,0.0
2018-10-19,0.0013063934161355651,0.018590603279131326,18590.603279131326,-0.0013063934161355651,False,0.032,8.0,0.0
2018-10-22,0.0015178380503957148,0.018039625148829768,18039.625148829768,-0.0015178380503957148,False,0.032,8.0,0.0
2018-10-23,-0.002139297666483353,0.017511438456810937,17511.438456810938,0.002139297666483353,False,0.032,8.0,0.0
2018-10-24,-0.01969410468809638,0.017021678266147297,17021.678266147297,0.01969410468809638,True,0.036,9.0,0.002672426421949082
2018-10-25,0.013081191826925888,0.019957354384939792,19957.35438493979,-0.013081191826925888,False,0.036,9.0,0.0
2018-10-26,-0.009119342189258495,0.020735535946125,20735.535946125,0.009119342189258495,False,0.036,9.0,0.0
2018-10-29,-0.009929555342089127,0.02076460142450706,20764.60142450706,0.009929555342089127,False,0.036,9.0,0.0
2018-10-30,0.008283796081375394,0.02091205497025362,20912.05497025362,-0.008283796081375394,False,0.036,9.0,0.0
2018-10-31,0.006866888917086555,0.020817239660272033,20817.239660272033,-0.006866888917086555,False,0.036,9.0,0.0
2018-11-01,0.014672378515856187,0.020558881786396165,20558.881786396163,-0.014672378515856187,False,0.036,9.0,0.0
2018-11-02,-0.005470064387914243,0.021615075667851296,21615.075667851295,0.005470064387914243,False,0.036,9.0,0.0
2018-11-05,0.0014520761603920463,0.021187136668628197,21187.136668628198,-0.0014520761603920463,False,0.036,9.0,0.0
2018-11-06,0.0017472288825487682,0.02055834967942585,20558.34967942585,-0.0017472288825487682,False,0.036,9.0,0.0
2018-11-07,0.014573823474045988,0.01995691072724676,19956.91072724676,-0.014573823474045988,False,0.036,9.0,0.0
2018-11-08,-0.007276089799774478,0.02105586806025597,21055.86806025597,0.007276089799774478,False,0.036,9.0,0.0
2018-11-09,-0.009775672557257753,0.02083121282913118,20831.21282913118,0.009775672557257753,False,0.036,9.0,0.0
2018-11-12,-0.0127296516876527,0.020950750001338232,20950.75000133823,0.0127296516876527,False,0.036,9.0,0.0
2018-11-13,0.002035406426955366,0.021568861856211357,21568.861856211355,-0.002035406426955366,False,0.036,9.0,0.0
2018-11-14,9.242500105974807e-05,0.020943927597233396,20943.927597233396,-9.242500105974807e-05,False,0.036,9.0,0.0
2018-11-15,0.010183178074222045,0.020305959490604153,20305.959490604153,-0.010183178074222045,False,0.036,9.0,0.0
2018-11-16,0.002848608562319033,0.02052471539290101,20524.71539290101,-0.002848608562319033,False,0.036,9.0,0.0
2018-11-19,-0.011923346334325392,0.019965545758990212,19965.54575899021,0.011923346334325392,False,0.036,9.0,0.0
2018-11-20,-0.011522759139344085,0.020515090553348787,20515.090553348786,0.011522759139344085,False,0.036,9.0,0.0
2018-11-21,0.006158997861382765,0.020945890508033662,20945.890508033663,-0.006158997861382765,False,0.036,9.0,0.0
2018-11-23,-0.005066854209679672,0.02060883198052973,20608.831980529732,0.005066854209679672,False,0.036,9.0,0.0
2018-11-26,0.009641439889378534,0.020188533774650203,20188.533774650205,-0.009641439889378534,False,0.036,9.0,0.0
2018-11-27,0.001773160447446376,0.020329948557886574,20329.948557886575,-0.001773160447446376,False,0.032,8.0,0.0
2018-11-28,0.015604974091423607,0.019736497446172736,19736.497446172736,-0.015604974091423607,False,0.032,8.0,0.0
2018-11-29,-0.0014144553367941848,0.021100480804119075,21100.480804119074,0.0014144553367941848,False,0.032,8.0,0.0
2018-11-30,0.002878547968579359,0.020473546887592065,20473.546887592063,-0.002878547968579359,False,0.032,8.0,0.0
2018-12-03,0.013110421427596552,0.01991749845577199,19917.498455771987,-0.013110421427596552,False,0.032,8.0,0.0
2018-12-04,-0.01383077427678412,0.020705485934677918,20705.485934677916,0.01383077427678412,False,0.032,8.0,0.0
2018-12-06,-8.210841907254638e-05,0.02156637890402221,21566.378904022207,8.210841907254638e-05,False,0.032,8.0,0.0
2018-12-07,-0.01299612435328199,0.020909432470588348,20909.43247058835,0.01299612435328199,False,0.032,8.0,0.0
2018-12-10,0.0005007873656711629,0.02158277086738581,21582.77086738581,-0.0005007873656711629,False,0.032,8.0,0.0
2018-12-11,0.001956770050819534,0.02092721846546733,20927.21846546733,-0.001956770050819534,False,0.032,8.0,0.0
2018-12-12,0.005570604185052819,0.020320306996101885,20320.306996101885,-0.005570604185052819,False,0.032,8.0,0.0
2018-12-13,-0.0009711820449066045,0.019955359643119164,19955.359643119165,0.0009711820449066045,False,0.032,8.0,0.0
2018-12-14,-0.011489958612886264,0.019355352333183383,19355.352333183382,0.011489958612886264,False,0.032,8.0,0.0
2018-12-17,-0.007764779019306944,0.019875117758569993,19875.11775856999,0.007764779019306944,False,0.032,8.0,0.0
2018-12-18,0.004069397141014996,0.019771106614438823,19771.106614438824,-0.004069397141014996,False,0.032,8.0,0.0
2018-12-19,-0.009804254430259297,0.01930855026710402,19308.55026710402,0.009804254430259297,False,0.032,8.0,0.0
2018-12-20,-0.002239228887115941,0.019536209709239482,19536.209709239483,0.002239228887115941,False,0.032,8.0,0.0
2018-12-21,-0.012594025175950563,0.018983989099946873,18983.989099946873,0.012594025175950563,False,0.032,8.0,0.0
2018-12-24,-0.00892933484323859,0.019755277626635207,19755.27762663521,0.00892933484323859,False,0.032,8.0,0.0
2018-12-26,0.02383304484141238,0.01981779846286698,19817.79846286698,-0.02383304484141238,False,0.032,8.0,0.0
2018-12-27,0.0036068712111896554,0.023529180702654452,23529.180702654452,-0.0036068712111896554,False,0.032,8.0,0.0
2018-12-28,0.004036868524145776,0.02290478929776046,22904.78929776046,-0.004036868524145776,False,0.032,8.0,0.0
2018-12-31,0.003594753989269384,0.022325842518269766,22325.842518269765,-0.003594753989269384,False,0.032,8.0,0.0
2019-01-02,0.0027093025144544485,0.02174241667105006,21742.41667105006,-0.0027093025144544485,False,0.032,8.0,0.0
2019-01-03,-0.01084362045095564,0.021136513998027164,21136.513998027163,0.01084362045095564,False,0.032,8.0,0.0
2019-01-04,0.017773471525938445,0.02140393085776169,21403.93085776169,-0.017773471525938445,False,0.032,8.0,0.0
2019-01-07,0.00451375983803204,0.023091479016719117,23091.479016719117,-0.00451375983803204,False,0.032,8.0,0.0
2019-01-08,0.0033750578557948828,0.022535286647137106,22535.286647137105,-0.0033750578557948828,False,0.032,8.0,0.0
2019-01-09,0.0070915116748904395,0.02193325361233844,21933.25361233844,-0.0070915116748904395,False,0.032,8.0,0.0
2019-01-10,0.00024068463092195028,0.02164562905916053,21645.62905916053,-0.00024068463092195028,False,0.032,8.0,0.0
2019-01-11,-0.0005058883304124295,0.020986664153515428,20986.664153515427,0.0005058883304124295,False,0.032,8.0,0.0
2019-01-14,-0.004925088552967517,0.020349367794880897,20349.367794880898,0.004925088552967517,False,0.032,8.0,0.0
2019-01-15,0.006509565879421176,0.01992805508866306,19928.05508866306,-0.006509565879421176,False,0.032,8.0,0.0
2019-01-16,0.00374571326307045,0.019673822688253354,19673.822688253353,-0.00374571326307045,False,0.032,8.0,0.0
2019-01-17,0.00375682378220914,0.019193529987899763,19193.52998789976,-0.00375682378220914,False,0.032,8.0,0.0
2019-01-18,0.0027757923090727,0.0187315513813943,18731.5513813943,-0.0027757923090727,False,0.032,8.0,0.0
2019-01-22,-0.008108294461445632,0.018229664900101774,18229.664900101772,0.008108294461445632,False,0.032,8.0,0.0
2019-01-23,0.0023720495516814876,0.018268266454414487,18268.266454414486,-0.0023720495516814876,False,0.032,8.0,0.0
2019-01-24,0.0043407696357122385,0.017763243673411148,17763.243673411147,-0.0043407696357122385,False,0.032,8.0,0.0
2019-01-25,0.008688517712440324,0.017398827615661454,17398.827615661456,-0.008688517712440324,False,0.032,8.0,0.0
2019-01-28,-0.005574731365478591,0.017580352536481957,17580.352536481958,0.005574731365478591,False,0.032,8.0,0.0
2019-01-29,0.0003139092925961373,0.017338281307164645,17338.281307164645,-0.0003139092925961373,False,0.032,8.0,0.0
2019-01-30,0.013601329528412998,0.01681103910349962,16811.039103499617,-0.013601329528412998,False,0.032,8.0,0.0
2019-01-31,0.008251081377219372,0.0180478573931505,18047.857393150498,-0.008251081377219372,False,0.032,8.0,0.0
2019-02-01,-0.003934639084921977,0.018118726918119166,18118.726918119166,0.003934639084921977,False,0.028,7.0,0.0
2019-02-04,0.0024585856221959416,0.01770926272923961,17709.26272923961,-0.0024585856221959416,False,0.024,6.0,0.0
2019-02-05,0.006792699434946403,0.017226830396238686,17226.830396238685,-0.006792699434946403,False,0.024,6.0,0.0
2019-02-06,-0.004830243325269578,0.01714469018439326,17144.69018439326,0.004830243325269578,False,0.024,6.0,0.0
2019-02-07,-0.004792312860566095,0.016848737440328658,16848.73744032866,0.004792312860566095,False,0.02,5.0,0.0
2019-02-08,0.0011178877486189176,0.016562144047136084,16562.144047136084,-0.0011178877486189176,False,0.02,5.0,0.0
2019-02-11,-0.002509907997617011,0.016070224778103496,16070.224778103497,0.002509907997617011,False,0.02,5.0,0.0
2019-02-12,0.007106923042093462,0.015646168078895708,15646.168078895707,-0.007106923042093462,False,0.02,5.0,0.0
2019-02-13,-0.0021742811775466555,0.015700801704678528,15700.801704678528,0.0021742811775466555,False,0.02,5.0,0.0
2019-02-14,0.0024404134932447087,0.015272830357628615,15272.830357628616,-0.0024404134932447087,False,0.02,5.0,0.0
2019-02-15,0.004240767102345689,0.014872715181298861,14872.715181298861,-0.004240767102345689,False,0.02,5.0,0.0
2019-02-19,0.005862843010015784,0.014620720991597792,14620.720991597793,-0.005862843010015784,False,0.02,5.0,0.0
2019-02-20,0.0005800837173259189,0.014563684728962552,14563.684728962553,-0.0005800837173259189,False,0.02,5.0,0.0
2019-02-21,-0.005913675870454283,0.014123884852427734,14123.884852427735,0.005913675870454283,False,0.02,5.0,0.0
2019-02-22,0.006839448228792255,0.01410215657695004,14102.15657695004,-0.006839448228792255,False,0.02,5.0,0.0
2019-02-25,0.002432121787785891,0.014217174251044557,14217.174251044558,-0.002432121787785891,False,0.02,5.0,0.0
2019-02-26,0.0006999657010214877,0.013853559566481969,13853.559566481968,-0.0006999657010214877,False,0.02,5.0,0.0
2019-02-27,-0.005601927672607809,0.013437445441999358,13437.445441999358,0.005601927672607809,False,0.02,5.0,0.0
2019-02-28,-0.005241829862996906,0.013413466215738074,13413.466215738074,0.005241829862996906,False,0.02,5.0,0.0
2019-03-01,-0.0023819102747499213,0.01334345897535297,13343.458975352969,0.0023819102747499213,False,0.02,5.0,0.0
2019-03-04,0.0006317498530386434,0.013007970074019421,13007.970074019422,-0.0006317498530386434,False,0.02,5.0,0.0
2019-03-05,0.0025325190322687875,0.012616831777492519,12616.831777492518,-0.0025325190322687875,False,0.02,5.0,0.0
2019-03-06,-0.002909146471323254,0.012317304011780297,12317.304011780298,0.002909146471323254,False,0.02,5.0,0.0
2019-03-07,-0.006692730604329201,0.012056579715443322,12056.579715443322,0.006692730604329201,False,0.02,5.0,0.0
2019-03-08,0.0008976619768008565,0.012295699689817998,12295.699689817999,-0.0008976619768008565,False,0.02,5.0,0.0
2019-03-11,0.00923716649065085,0.01193209245339042,11932.09245339042,-0.00923716649065085,False,0.02,5.0,0.0
2019-03-12,0.005503602526857642,0.012709784164932824,12709.784164932824,-0.005503602526857642,False,0.02,5.0,0.0
2019-03-13,0.00408263322905913,0.012715414149814959,12715.414149814958,-0.00408263322905913,False,0.02,5.0,0.0
2019-03-14,-0.005298411312685158,0.01254564245350364,12545.64245350364,0.005298411312685158,False,0.02,5.0,0.0
2019-03-15,0.008002442141861498,0.012532569384792094,12532.569384792094,-0.008002442141861498,False,0.02,5.0,0.0
2019-03-18,0.003428748899412271,0.012978279630320513,12978.279630320514,-0.003428748899412271,False,0.02,5.0,0.0
2019-03-19,0.0009228930752080313,0.012733696834679044,12733.696834679044,-0.0009228930752080313,False,0.02,5.0,0.0
2019-03-20,0.0039010755615794816,0.012356973006048466,12356.973006048465,-0.0039010755615794816,False,0.02,5.0,0.0
2019-03-21,0.005295142780213391,0.012185020079578671,12185.020079578671,-0.005295142780213391,False,0.02,5.0,0.0
2019-03-22,-0.010522858237995526,0.012193060634412958,12193.06063441296,0.010522858237995526,False,0.02,5.0,0.0
2019-03-25,0.001792980368155006,0.013255421733304299,13255.4217333043,-0.001792980368155006,False,0.02,5.0,0.0
2019-03-26,0.0018970247416272956,0.012892157133405824,12892.157133405824,-0.0018970247416272956,False,0.02,5.0,0.0
2019-03-27,-0.0036923702341942204,0.01254606713757996,12546.067137579961,0.0036923702341942204,False,0.02,5.0,0.0
2019-03-28,0.00041323426807293723,0.012344496269653676,12344.496269653677,-0.00041323426807293723,False,0.02,5.0,0.0
2019-03-29,0.004837791043087747,0.011970749425134345,11970.749425134345,-0.004837791043087747,False,0.02,5.0,0.0
2019-04-01,0.004702133401268039,0.011928980764131887,11928.980764131888,-0.004702133401268039,False,0.02,5.0,0.0
2019-04-02,0.0013245442575412047,0.01187189897625167,11871.89897625167,-0.0013245442575412047,False,0.02,5.0,0.0
2019-04-03,0.0008150358232878574,0.011534953381738421,11534.953381738422,-0.0008150358232878574,False,0.02,5.0,0.0
2019-04-04,0.0027634362872487107,0.011193191789813027,11193.191789813027,-0.0027634362872487107,False,0.02,5.0,0.0
2019-04-05,0.0035910565508111116,0.010965855726768342,10965.85572676834,-0.0035910565508111116,False,0.02,5.0,0.0
2019-04-08,0.0008210076116179854,0.010826929304274003,10826.929304274003,-0.0008210076116179854,False,0.02,5.0,0.0
2019-04-09,-0.00045668627889858813,0.010507517720784225,10507.517720784224,0.00045668627889858813,False,0.02,5.0,0.0
2019-04-10,0.0038043316874401874,0.010190739717069115,10190.739717069115,-0.0038043316874401874,False,0.02,5.0,0.0
2019-04-11,-0.006418990711936744,0.010115318417709048,10115.318417709048,0.006418990711936744,False,0.02,5.0,0.0
2019-04-12,0.0020496956263358797,0.010467082081946025,10467.082081946026,-0.0020496956263358797,False,0.02,5.0,0.0
2019-04-15,-0.0010077766705906433,0.010215205473306682,10215.205473306682,0.0010077766705906433,False,0.02,5.0,0.0
2019-04-16,-0.0007297246971820659,0.009920644191585403,9920.644191585403,0.0007297246971820659,False,0.02,5.0,0.0
2019-04-17,0.0004926335373109048,0.009627405659186006,9627.405659186006,-0.0004926335373109048,False,0.02,5.0,0.0
2019-04-18,0.0017123950492832886,0.0093383364358332,9338.3364358332,-0.0017123950492832886,False,0.02,5.0,0.0
2019-04-22,-0.0015238460313217184,0.00910628423619482,9106.28423619482,0.0015238460313217184,False,0.02,5.0,0.0
2019-04-23,0.0048036267958669,0.00887146930462225,8871.46930462225,-0.0048036267958669,False,0.02,5.0,0.0
2019-04-24,-0.0015644219015158445,0.00902626735322429,9026.26735322429,0.0015644219015158445,False,0.02,5.0,0.0
2019-04-25,0.0002891148241446651,0.008796578970042048,8796.578970042048,-0.0002891148241446651,False,0.02,5.0,0.0
2019-04-26,0.0038954301300349052,0.008530190821235753,8530.190821235754,-0.0038954301300349052,False,0.02,5.0,0.0
2019-04-29,-0.0010539243652738285,0.008563038791510548,8563.038791510548,0.0010539243652738285,False,0.02,5.0,0.0
2019-04-30,7.088160803036888e-06,0.008323867681625225,8323.867681625225,-7.088160803036888e-06,False,0.02,5.0,0.0
2019-05-01,-0.004144526721568398,0.008070290149963895,8070.290149963895,0.004144526721568398,False,0.02,5.0,0.0
2019-05-02,-0.002557447552508308,0.008173092914870792,8173.092914870792,0.002557447552508308,False,0.02,5.0,0.0
2019-05-03,0.009278562671114888,0.008057002109522626,8057.002109522626,-0.009278562671114888,False,0.02,5.0,0.0
2019-05-06,-0.005348217278408529,0.00943268390846638,9432.683908466379,0.005348217278408529,False,0.02,5.0,0.0
2019-05-07,-0.00896653758955972,0.009639757162640799,9639.757162640799,0.00896653758955972,False,0.02,5.0,0.0
2019-05-08,-0.002424607071577345,0.010651573168202812,10651.573168202813,0.002424607071577345,False,0.02,5.0,0.0
2019-05-09,-0.0035425727931607475,0.010419095490675549,10419.095490675549,0.0035425727931607475,False,0.02,5.0,0.0
2019-05-10,0.0025590946585396734,0.01030141720828078,10301.41720828078,-0.0025590946585396734,False,0.02,5.0,0.0
2019-05-13,-0.01502280247110148,0.010093492125866984,10093.492125866984,0.01502280247110148,True,0.024,6.0,0.0049293103452344965
2019-05-14,0.005882137668884746,0.013001874486845456,13001.874486845456,-0.005882137668884746,False,0.024,6.0,0.0
2019-05-15,0.005499304952603134,0.013043801607911432,13043.801607911431,-0.005499304952603134,False,0.024,6.0,0.0
2019-05-16,0.0007879886861748008,0.013028907118684955,13028.907118684956,-0.0007879886861748008,False,0.024,6.0,0.0
2019-05-17,-0.0079141885248327,0.01263997225778688,12639.97225778688,0.0079141885248327,False,0.024,6.0,0.0
2019-05-20,-0.005971928657940229,0.013058369113253697,13058.369113253697,0.005971928657940229,False,0.024,6.0,0.0
2019-05-21,0.005652642102606521,0.013109931720989013,13109.931720989014,-0.005652642102606521,False,0.024,6.0,0.0
2019-05-22,-0.0015420454445358226,0.013112339988865613,13112.339988865613,0.0015420454445358226,False,0.024,6.0,0.0
2019-05-23,-0.00427996865670448,0.012743217425720417,12743.217425720417,0.00427996865670448,False,0.024,6.0,0.0
2019-05-24,0.0009399968256647462,0.012593425373363552,12593.425373363552,-0.0009399968256647462,False,0.024,6.0,0.0
2019-05-28,-0.0012464149064754793,0.012221522652016738,12221.522652016738,0.0012464149064754793,False,0.024,6.0,0.0
2019-05-29,-0.0010179377304039728,0.011870473365961566,11870.473365961567,0.0010179377304039728,False,0.024,6.0,0.0
2019-05-30,0.005554053207392774,0.01152345942219236,11523.45942219236,-0.005554053207392774,False,0.024,6.0,0.0
2019-05-31,3.7662200585097603e-06,0.011612033289749543,11612.033289749543,-3.7662200585097603e-06,False,0.024,6.0,0.0
2019-06-03,0.0011299297807097594,0.011258284181028182,11258.284181028183,-0.0011299297807097594,False,0.024,6.0,0.0
2019-06-04,0.008194441182598067,0.010934285540887214,10934.285540887213,-0.008194441182598067,False,0.024,6.0,0.0
2019-06-05,0.000996885893044386,0.01158400789042836,11584.00789042836,-0.000996885893044386,False,0.024,6.0,0.0
2019-06-06,0.004286186549620963,0.011245469261255038,11245.469261255037,-0.004286186549620963,False,0.024,6.0,0.0
2019-06-07,0.01028845714908284,0.011173110007236737,11173.110007236737,-0.01028845714908284,False,0.024,6.0,0.0
2019-06-10,0.0014641609180319653,0.012317458697866504,12317.458697866505,-0.0014641609180319653,False,0.024,6.0,0.0
2019-06-11,0.0023668400293843208,0.011971328746280192,11971.328746280193,-0.0023668400293843208,False,0.024,6.0,0.0
2019-06-12,-0.0024561758755291315,0.011684732475357121,11684.732475357121,0.0024561758755291315,False,0.024,6.0,0.0
2019-06-13,0.0035861300200166427,0.011414899352189338,11414.899352189337,-0.0035861300200166427,False,0.024,6.0,0.0
2019-06-14,-0.002845030991280551,0.011254237246720084,11254.237246720084,0.002845030991280551,False,0.024,6.0,0.0
2019-06-17,0.002293569850470112,0.011031168679469914,11031.168679469914,-0.002293569850470112,False,0.024,6.0,0.0
2019-06-18,0.011849897452188873,0.010774675197098004,10774.675197098004,-0.011849897452188873,False,0.024,6.0,0.0
2019-06-19,0.004370177539329179,0.012438823241620014,12438.823241620014,-0.004370177539329179,False,0.024,6.0,0.0
2019-06-20,0.012266685023079706,0.012314316566099437,12314.316566099436,-0.012266685023079706,False,0.024,6.0,0.0
2019-06-21,-0.0021101165050386728,0.013834884215961903,13834.884215961903,0.0021101165050386728,False,0.024,6.0,0.0
2019-06-24,0.003942475009973779,0.01346720451151644,13467.20451151644,-0.003942475009973779,False,0.02,5.0,0.0
2019-06-25,-0.00644776372007625,0.013248800756383159,13248.80075638316,0.00644776372007625,False,0.02,5.0,0.0
2019-06-26,-0.000489834276086376,0.013360329814714196,13360.329814714196,0.000489834276086376,False,0.02,5.0,0.0
2019-06-27,0.004093386574678949,0.012956327373758092,12956.327373758093,-0.004093386574678949,False,0.02,5.0,0.0
2019-06-28,0.0014140794074865683,0.012776356113922685,12776.356113922684,-0.0014140794074865683,False,0.02,5.0,0.0
2019-07-01,0.0025500190881468936,0.012413317974764991,12413.31797476499,-0.0025500190881468936,False,0.02,5.0,0.0
2019-07-02,0.006621335135852347,0.012122562335463133,12122.562335463133,-0.006621335135852347,False,0.02,5.0,0.0
2019-07-03,0.004490260483410324,0.01234403696963168,12344.03696963168,-0.004490260483410324,False,0.02,5.0,0.0
2019-07-05,-0.0069055120275447026,0.012238453878388195,12238.453878388196,0.0069055120275447026,False,0.02,5.0,0.0
2019-07-08,-0.004727648539682373,0.012501091764083087,12501.091764083087,0.004727648539682373,False,0.02,5.0,0.0
2019-07-09,0.0012667536889533926,0.012416046977663237,12416.046977663236,-0.0012667536889533926,False,0.02,5.0,0.0
2019-07-10,0.006697334548636036,0.012059427259342032,12059.427259342032,-0.006697334548636036,False,0.02,5.0,0.0
2019-07-11,-0.004408332894789902,0.012299138166060767,12299.138166060768,0.004408332894789902,False,0.02,5.0,0.0
2019-07-12,0.003670889538190681,0.012186179132560315,12186.179132560315,-0.003670889538190681,False,0.02,5.0,0.0
2019-07-15,0.0026058475891013178,0.011998684945222127,11998.684945222127,-0.0026058475891013178,False,0.02,5.0,0.0
2019-07-16,-0.004242132957227685,0.011727543783473852,11727.543783473851,0.004242132957227685,False,0.02,5.0,0.0
2019-07-17,0.002502519297740813,0.011624397331882029,11624.397331882028,-0.002502519297740813,False,0.02,5.0,0.0
2019-07-18,0.005014262230094158,0.01136013068825707,11360.13068825707,-0.005014262230094158,False,0.02,5.0,0.0
2019-07-19,-0.00701301714126923,0.011378648171297684,11378.648171297684,0.00701301714126923,False,0.02,5.0,0.0
2019-07-22,0.0024793605550299746,0.011733516805023747,11733.516805023746,-0.0024793605550299746,False,0.02,5.0,0.0
2019-07-23,0.0007501810468390379,0.011463462862639058,11463.462862639059,-0.0007501810468390379,False,0.02,5.0,0.0
2019-07-24,0.004555756075231222,0.011122457533530273,11122.457533530272,-0.004555756075231222,False,0.02,5.0,0.0
2019-07-25,-0.006989332974283792,0.01109170509481675,11091.70509481675,0.006989332974283792,False,0.02,5.0,0.0
2019-07-26,0.004623972596396131,0.011467644961560714,11467.644961560714,-0.004623972596396131,False,0.02,5.0,0.0
2019-07-29,-3.230350542025023e-05,0.011426250951088126,11426.250951088126,3.230350542025023e-05,False,0.02,5.0,0.0
2019-07-30,-0.0017471488641451986,0.011078176609598877,11078.176609598877,0.0017471488641451986,False,0.02,5.0,0.0
2019-07-31,-0.008427703245211405,0.010786734218726168,10786.734218726167,0.008427703245211405,False,0.02,5.0,0.0
2019-08-01,0.0021143521118340168,0.011508066254812044,11508.066254812044,-0.0021143521118340168,False,0.02,5.0,0.0
2019-08-02,-0.0053186016562347,0.011222347397687325,11222.347397687325,0.0053186016562347,False,0.02,5.0,0.0
2019-08-05,-0.014225947556186868,0.011294687323101328,11294.687323101329,0.014225947556186868,True,0.024,6.0,0.0029312602330855402
2019-08-06,0.011696602214474572,0.013624629579201531,13624.629579201532,-0.011696602214474572,False,0.024,6.0,0.0
2019-08-07,0.005217044486318657,0.014795841962390492,14795.841962390492,-0.005217044486318657,False,0.024,6.0,0.0
2019-08-08,0.012175046611706099,0.014649909026333766,14649.909026333766,-0.012175046611706099,False,0.024,6.0,0.0
2019-08-09,-0.006340713734024917,0.01580745148963372,15807.451489633719,0.006340713734024917,False,0.024,6.0,0.0
2019-08-12,-0.001027905413436914,0.015746046828992798,15746.046828992798,0.001027905413436914,False,0.024,6.0,0.0
2019-08-13,0.008154779526000657,0.015277591444952858,15277.591444952857,-0.008154779526000657,False,0.024,6.0,0.0
2019-08-14,-0.0117821895223559,0.015523985005714369,15523.985005714369,0.0117821895223559,False,0.02,5.0,0.0
2019-08-15,0.005195698333633913,0.016480631409595197,16480.631409595197,-0.005195698333633913,False,0.02,5.0,0.0
2019-08-16,0.00604778341647847,0.016250546934502227,16250.546934502227,-0.00604778341647847,False,0.02,5.0,0.0
2019-08-19,0.0012001853647343407,0.016127990688407572,16127.990688407572,-0.0012001853647343407,False,0.02,5.0,0.0
2019-08-20,0.0009487135902112254,0.015651616235192765,15651.616235192765,-0.0009487135902112254,False,0.02,5.0,0.0
2019-08-21,0.0033473249731206913,0.015184431707835693,15184.431707835693,-0.0033473249731206913,False,0.02,5.0,0.0
2019-08-22,-0.005133968520526367,0.014844905860668238,14844.905860668237,0.005133968520526367,False,0.02,5.0,0.0
2019-08-23,-0.007238676625947104,0.014686988791836162,14686.988791836162,0.007238676625947104,False,0.02,5.0,0.0
2019-08-26,0.0055273866252291805,0.014824967814273103,14824.967814273103,-0.0055273866252291805,False,0.02,5.0,0.0
2019-08-27,0.0041457879621844326,0.014714399182951705,14714.399182951705,-0.0041457879621844326,False,0.02,5.0,0.0
2019-08-28,0.002377631585583684,0.014460420658670496,14460.420658670497,-0.002377631585583684,False,0.02,5.0,0.0
2019-08-29,0.005653004980318776,0.014085211709074598,14085.211709074598,-0.005653004980318776,False,0.02,5.0,0.0
2019-08-30,0.000527917968079139,0.014030905122411683,14030.905122411683,-0.000527917968079139,False,0.02,5.0,0.0
2019-09-03,-0.001314027097186865,0.013606793064095929,13606.79306409593,0.001314027097186865,False,0.02,5.0,0.0
2019-09-04,0.01005972760314018,0.01321350827297435,13213.50827297435,-0.01005972760314018,False,0.02,5.0,0.0
2019-09-05,7.786729138634683e-05,0.014035006418667588,14035.006418667588,-7.786729138634683e-05,False,0.02,5.0,0.0
2019-09-06,0.0005514472977076857,0.01360751592697877,13607.515926978771,-0.0005514472977076857,False,0.02,5.0,0.0
2019-09-09,-0.0039864847424289085,0.01319671791916356,13196.71791916356,0.0039864847424289085,False,0.02,5.0,0.0
2019-09-10,-0.00569444793728402,0.012994788619433826,12994.788619433826,0.00569444793728402,False,0.02,5.0,0.0
2019-09-11,0.0055579965258890415,0.013010075485253658,13010.075485253657,-0.0055579965258890415,False,0.02,5.0,0.0
2019-09-12,0.002064277922553215,0.013005274921822131,13005.27492182213,-0.002064277922553215,False,0.02,5.0,0.0
2019-09-13,-0.005631855971384603,0.012663831536751116,12663.831536751117,0.005631855971384603,False,0.02,5.0,0.0
2019-09-16,0.001144716358129716,0.012690526982641897,12690.526982641897,-0.001144716358129716,False,0.02,5.0,0.0
2019-09-17,0.002947345841645488,0.012321201379604518,12321.201379604518,-0.002947345841645488,False,0.02,5.0,0.0
2019-09-18,-0.0011830328144756483,0.01206333375690217,12063.33375690217,0.0011830328144756483,False,0.02,5.0,0.0
2019-09-19,0.0009164346627844156,0.011715248117941243,11715.248117941243,-0.0009164346627844156,False,0.02,5.0,0.0
2019-09-20,0.002138010171417326,0.011370353017308515,11370.353017308515,-0.002138010171417326,False,0.02,5.0,0.0
2019-09-23,0.0013104976565599946,0.01109108320457406,11091.08320457406,-0.0013104976565599946,False,0.02,5.0,0.0
2019-09-24,-0.002870203630105017,0.010779103099765123,10779.103099765123,0.002870203630105017,False,0.02,5.0,0.0
2019-09-25,-0.003352078868929387,0.010577936157981886,10577.936157981885,0.003352078868929387,False,0.02,5.0,0.0
2019-09-26,2.8404631174838568e-05,0.010432056011543237,10432.056011543236,-2.8404631174838568e-05,False,0.02,5.0,0.0
2019-09-27,-0.006671964826202559,0.010114266511061213,10114.266511061212,0.006671964826202559,False,0.02,5.0,0.0
2019-09-30,0.0013482427466918968,0.010517373716623478,10517.373716623477,-0.0013482427466918968,False,0.02,5.0,0.0
2019-10-01,-0.0037326415029096172,0.010225873651131492,10225.873651131493,0.0037326415029096172,False,0.02,5.0,0.0
2019-10-02,-0.005676261862600374,0.010139945370763931,10139.945370763931,0.005676261862600374,False,0.02,5.0,0.0
2019-10-03,0.009146604820573502,0.010349475361664947,10349.475361664947,-0.009146604820573502,False,0.016,4.0,0.0
2019-10-04,0.008010901856191223,0.01130710442333089,11307.10442333089,-0.008010901856191223,False,0.016,4.0,0.0
2019-10-07,-0.006489645494417595,0.011875096914481981,11875.096914481981,0.006489645494417595,False,0.016,4.0,0.0
2019-10-08,-0.005241255147830315,0.012092655997701103,12092.655997701104,0.005241255147830315,False,0.016,4.0,0.0
2019-10-09,0.00444189000066666,0.012098699064959724,12098.699064959725,-0.00444189000066666,False,0.012,3.0,0.0
2019-10-10,0.0002432687180662806,0.01200010558870969,12000.10558870969,-0.0002432687180662806,False,0.012,3.0,0.0
2019-10-11,0.004280049075630155,0.011635359837112808,11635.359837112808,-0.004280049075630155,False,0.012,3.0,0.0
2019-10-14,0.0011459878024223436,0.011541536892996583,11541.536892996583,-0.0011459878024223436,False,0.012,3.0,0.0
2019-10-15,0.002492576051856288,0.011208973726266457,11208.973726266457,-0.002492576051856288,False,0.012,3.0,0.0
2019-10-16,0.0011445663084206803,0.010959929356411028,10959.929356411028,-0.0011445663084206803,False,0.012,3.0,0.0
2019-10-17,0.0016782781109750068,0.010646043101169006,10646.043101169007,-0.0016782781109750068,False,0.012,3.0,0.0
2019-10-18,-0.004053336660354279,0.010365931403221432,10365.931403221432,0.004053336660354279,False,0.012,3.0,0.0
2019-10-21,0.0024813330403570255,0.010312142229625076,10312.142229625075,-0.0024813330403570255,False,0.012,3.0,0.0
2019-10-22,-0.0003483774018405272,0.010097481230364571,10097.481230364572,0.0003483774018405272,False,0.012,3.0,0.0
2019-10-23,0.0016865859108064817,0.00979188383452519,9791.88383452519,-0.0016865859108064817,False,0.008,2.0,0.0
2019-10-24,0.0032942100920318575,0.00954210674328527,9542.10674328527,-0.0032942100920318575,False,0.008,2.0,0.0
2019-10-25,0.0033206301935063687,0.009439937888041455,9439.937888041455,-0.0033206301935063687,False,0.008,2.0,0.0
2019-10-28,0.000731847690098464,0.009345916995633486,9345.916995633486,-0.000731847690098464,False,0.008,2.0,0.0
2019-10-29,-0.0030560608592292704,0.00907079443034297,9070.79443034297,0.0030560608592292704,False,0.008,2.0,0.0
2019-10-30,0.0064969216096383954,0.008965222739771257,8965.222739771256,-0.0064969216096383954,False,0.008,2.0,0.0
2019-10-31,0.002672148972312294,0.009447691060079498,9447.691060079498,-0.002672148972312294,False,0.008,2.0,0.0
2019-11-01,0.006242219199529897,0.009285575555260306,9285.575555260306,-0.006242219199529897,False,0.008,2.0,0.0
2019-11-04,0.0008229738384080367,0.009679936165444365,9679.936165444366,-0.0008229738384080367,False,0.008,2.0,0.0
2019-11-05,-0.004451148067756705,0.009396755733605473,9396.755733605472,0.004451148067756705,False,0.008,2.0,0.0
2019-11-06,0.0010266407396240186,0.00945698355050669,9456.98355050669,-0.0010266407396240186,False,0.008,2.0,0.0
2019-11-07,-0.0038913250886655204,0.009187530187765438,9187.530187765438,0.0038913250886655204,False,0.008,2.0,0.0
2019-11-08,-0.0026376941450200865,0.009179488878048394,9179.488878048394,0.0026376941450200865,False,0.008,2.0,0.0
2019-11-11,-0.00241680212566362,0.009025874352633202,9025.874352633202,0.00241680212566362,False,0.008,2.0,0.0
2019-11-12,0.001166068892060568,0.008858614675480029,8858.614675480028,-0.001166068892060568,False,0.008,2.0,0.0
2019-11-13,0.0006807539910801408,0.008614410560917744,8614.410560917744,-0.0006807539910801408,False,0.008,2.0,0.0
2019-11-14,0.003179349299522261,0.008360984745080345,8360.984745080345,-0.003179349299522261,False,0.008,2.0,0.0
2019-11-15,0.0037833868584527643,0.00830626226122645,8306.26226122645,-0.0037833868584527643,False,0.008,2.0,0.0
2019-11-18,0.0009368113708638104,0.00833680453380795,8336.80453380795,-0.0009368113708638104,False,0.008,2.0,0.0
2019-11-19,0.0024234162956711324,0.008100441037716689,8100.441037716689,-0.0024234162956711324,False,0.008,2.0,0.0
2019-11-20,-0.0006537785971266749,0.007974154645246435,7974.154645246435,0.0006537785971266749,False,0.008,2.0,0.0
2019-11-21,-0.0035332599126435943,0.007740200577421236,7740.200577421236,0.0035332599126435943,False,0.008,2.0,0.0
2019-11-22,0.00045458182926130244,0.007769798191026083,7769.798191026082,-0.00045458182926130244,False,0.008,2.0,0.0
2019-11-25,0.005552336586453133,0.00753755122250835,7537.55122250835,-0.005552336586453133,False,0.008,2.0,0.0
2019-11-26,0.0023664111903410447,0.007963429788779995,7963.429788779996,-0.0023664111903410447,False,0.008,2.0,0.0
2019-11-27,0.000879778415201238,0.007837704118061102,7837.704118061101,-0.000879778415201238,False,0.008,2.0,0.0
2019-11-29,-0.003986383985887953,0.007615455412231489,7615.4554122314885,0.003986383985887953,False,0.008,2.0,0.0
2019-12-02,-0.0065619045291166024,0.0077249957847927465,7724.995784792746,0.0065619045291166024,False,0.008,2.0,0.0
2019-12-03,0.0021670069201512377,0.008371185055239656,8371.185055239657,-0.0021670069201512377,False,0.008,2.0,0.0
2019-12-04,0.0014893892673912168,0.008209565393235353,8209.565393235353,-0.0014893892673912168,False,0.008,2.0,0.0
2019-12-05,0.0007886103879337636,0.008004589437713226,8004.589437713226,-0.0007886103879337636,False,0.008,2.0,0.0
2019-12-06,0.002041574421245307,0.007773736966938041,7773.7369669380405,-0.002041574421245307,False,0.008,2.0,0.0
2019-12-09,-0.0019499522229954993,0.007626174813449562,7626.174813449562,0.0019499522229954993,False,0.008,2.0,0.0
2019-12-10,0.0008910291554460104,0.0074768772197596435,7476.877219759644,-0.0008910291554460104,False,0.008,2.0,0.0
2019-12-11,0.007503118149450749,0.007266861238687879,7266.8612386878785,-0.007503118149450749,False,0.008,2.0,0.0
2019-12-12,0.0026995725506395738,0.008241308778018163,8241.308778018163,-0.0026995725506395738,False,0.008,2.0,0.0
2019-12-13,0.00389766065825512,0.008136979373387273,8136.979373387273,-0.00389766065825512,False,0.008,2.0,0.0
2019-12-16,0.0032662639945066686,0.008195778117525726,8195.778117525726,-0.0032662639945066686,False,0.008,2.0,0.0
2019-12-17,0.0016637578503376548,0.008161172319039105,8161.172319039106,-0.0016637578503376548,False,0.008,2.0,0.0
2019-12-18,-0.00037828283985756877,0.007969145896208436,7969.145896208436,0.00037828283985756877,False,0.008,2.0,0.0
2019-12-19,0.002997896066505445,0.007729379986912872,7729.3799869128725,-0.002997896066505445,False,0.008,2.0,0.0
2019-12-20,0.002552127641677782,0.007686159083543842,7686.159083543842,-0.002552127641677782,False,0.008,2.0,0.0
2019-12-23,0.0014262889259626156,0.00759258812997102,7592.58812997102,-0.0014262889259626156,False,0.008,2.0,0.0
2019-12-24,0.0021204899737133466,0.0074060188957182855,7406.018895718285,-0.0021204899737133466,False,0.008,2.0,0.0
2019-12-26,0.006319284350552402,0.007281362283078932,7281.362283078932,-0.006319284350552402,False,0.008,2.0,0.0
2019-12-27,0.0007324882954962364,0.007924900535115322,7924.900535115322,-0.0007324882954962364,False,0.008,2.0,0.0
2019-12-30,-0.004051541426053285,0.007694805206177062,7694.805206177062,0.004051541426053285,False,0.008,2.0,0.0
2019-12-31,-0.00027048355380041576,0.007809455578734973,7809.455578734973,0.00027048355380041576,False,0.008,2.0,0.0
2020-01-02,0.012993993564276175,0.007573116738909598,7573.116738909598,-0.012993993564276175,False,0.008,2.0,0.0
2020-01-03,-0.001325924995735206,0.010427697871175989,10427.69787117599,0.001325924995735206,False,0.008,2.0,0.0
2020-01-06,0.0025242065117834006,0.010138221815345228,10138.221815345229,-0.0025242065117834006,False,0.008,2.0,0.0
2020-01-07,-0.0009202568749773211,0.009934056607837439,9934.056607837438,0.0009202568749773211,False,0.008,2.0,0.0
2020-01-08,0.0009076161871354626,0.00964569038434103,9645.69038434103,-0.0009076161871354626,False,0.008,2.0,0.0
2020-01-09,0.003954424736730222,0.009366134253789281,9366.134253789282,-0.003954424736730222,False,0.008,2.0,0.0
2020-01-10,0.0029547506222352025,0.009356212077545105,9356.212077545106,-0.0029547506222352025,False,0.008,2.0,0.0
2020-01-13,0.004707047117681373,0.00922612114984505,9226.12114984505,-0.004707047117681373,False,0.008,2.0,0.0
2020-01-14,-0.0013649580970263473,0.009338548268603574,9338.548268603574,0.0013649580970263473,False,0.008,2.0,0.0
2020-01-15,0.0014630608786686985,0.009087406242384377,9087.406242384377,-0.0014630608786686985,False,0.008,2.0,0.0
2020-01-16,0.003905977908552516,0.008849924292802595,8849.924292802594,-0.003905977908552516,False,0.008,2.0,0.0
2020-01-17,0.0014027706999755864,0.008864306938371966,8864.306938371967,-0.0014027706999755864,False,0.008,2.0,0.0
2020-01-21,-0.003223313746844015,0.008631358041540454,8631.358041540454,0.003223313746844015,False,0.008,2.0,0.0
2020-01-22,0.0029657762511064775,0.008567614337912413,8567.614337912413,-0.0029657762511064775,False,0.008,2.0,0.0
2020-01-23,0.0006534684152187831,0.008476785966470475,8476.785966470476,-0.0006534684152187831,False,0.008,2.0,0.0
2020-01-24,-0.002276268257990366,0.008226980360164829,8226.98036016483,0.002276268257990366,False,0.008,2.0,0.0
2020-01-27,-0.009766741963983729,0.008081131354526726,8081.131354526726,0.009766741963983729,True,0.012,3.0,0.0016856106094570028
2020-01-28,0.0034881021319266296,0.009610442004658618,9610.442004658618,-0.0034881021319266296,False,0.012,3.0,0.0
2020-01-29,0.004166642876570337,0.009527313596390046,9527.313596390046,-0.004166642876570337,False,0.012,3.0,0.0
2020-01-30,-0.0015770882506917383,0.009537339658411472,9537.339658411473,0.0015770882506917383,False,0.012,3.0,0.0
2020-01-31,-0.007867018114406422,0.00929036205488499,9290.36205488499,0.007867018114406422,False,0.012,3.0,0.0
2020-02-03,0.005278543144016323,0.010061247329528481,10061.247329528482,-0.005278543144016323,False,0.012,3.0,0.0
2020-02-04,0.007497532098436621,0.010207961529282631,10207.961529282631,-0.007497532098436621,False,0.012,3.0,0.0
2020-02-05,0.00217272633286707,0.010779770643680235,10779.770643680235,-0.00217272633286707,False,0.012,3.0,0.0
2020-02-06,0.004560566765658169,0.010524454214912805,10524.454214912805,-0.004560566765658169,False,0.012,3.0,0.0
2020-02-07,-0.0016760578816713114,0.010529574204623164,10529.574204623164,0.0016760578816713114,False,0.012,3.0,0.0
2020-02-10,0.006085372405467338,0.010253379581919991,10253.379581919991,-0.006085372405467338,False,0.012,3.0,0.0
2020-02-11,0.00129937984889581,0.01052846631520532,10528.46631520532,-0.00129937984889581,False,0.012,3.0,0.0
2020-02-12,0.004777675470329501,0.010234545882821477,10234.545882821476,-0.004777675470329501,False,0.012,3.0,0.0
2020-02-13,-0.0011991332028525872,0.010289467779675434,10289.467779675433,0.0011991332028525872,False,0.012,3.0,0.0
2020-02-14,0.002694848771038716,0.009999383519714723,9999.383519714724,-0.002694848771038716,False,0.012,3.0,0.0
2020-02-18,0.002182550453092169,0.009815627811117309,9815.627811117309,-0.002182550453092169,False,0.012,3.0,0.0
2020-02-19,0.005483400442674679,0.009597527729194087,9597.527729194087,-0.005483400442674679,False,0.012,3.0,0.0
2020-02-20,-0.00341473141809725,0.009815761454587246,9815.761454587246,0.00341473141809725,False,0.012,3.0,0.0
2020-02-21,-0.0021767668823634563,0.009713625005796327,9713.625005796326,0.0021767668823634563,False,0.012,3.0,0.0
2020-02-24,-0.017047523128644396,0.009499043922233538,9499.043922233539,0.017047523128644396,True,0.016,4.0,0.0075484792064108575
2020-02-25,-0.01559251728627682,0.013386021664795968,13386.021664795968,0.01559251728627682,True,0.02,5.0,0.002206495621480852
2020-02-26,0.0017063610298850397,0.01572834922952492,15728.34922952492,-0.0017063610298850397,False,0.02,5.0,0.0
2020-02-27,-0.021588045845373417,0.015280169164482806,15280.169164482806,0.021588045845373417,True,0.024,6.0,0.006307876680890612
2020-02-28,-0.004204257238585573,0.019256306016430087,19256.306016430088,0.004204257238585573,False,0.024,6.0,0.0
2020-03-02,0.022959393636125917,0.018822767306835134,18822.767306835136,-0.022959393636125917,False,0.024,6.0,0.0
2020-03-03,-0.004100576050227667,0.022454538723787092,22454.538723787093,0.004100576050227667,False,0.024,6.0,0.0
2020-03-04,0.018528906614185114,0.02189552240510394,21895.52240510394,-0.018528906614185114,False,0.024,6.0,0.0
2020-03-05,-0.007631933053780916,0.023709278491072405,23709.278491072404,0.007631933053780916,False,0.024,6.0,0.0
2020-03-06,-0.0002962226299140226,0.023394774975078806,23394.774975078806,0.0002962226299140226,False,0.024,6.0,0.0
2020-03-09,-0.037416743636723496,0.02268270396781211,22682.70396781211,0.037416743636723496,True,0.028,7.0,0.014734039668911385
2020-03-10,0.01693037713946317,0.03063067111943643,30630.671119436432,-0.01693037713946317,False,0.028,7.0,0.0
2020-03-11,-0.03584762557403836,0.031225292649726764,31225.292649726765,0.03584762557403836,True,0.032,8.0,0.004622332924311596
2020-03-12,-0.06423336084953389,0.03652111439892588,36521.11439892588,0.06423336084953389,True,0.036,9.0,0.027712246450608012
2020-03-13,0.03783153617619013,0.05092650003691482,50926.50003691482,-0.03783153617619013,False,0.036,9.0,0.0
2020-03-16,-0.06013699877194989,0.053876119571742966,53876.119571742965,0.06013699877194989,True,0.04,10.0,0.006260879200206924
2020-03-17,0.02912574253546312,0.06247232684050215,62472.32684050215,-0.02912574253546312,False,0.04,10.0,0.0
2020-03-18,-0.048749780413862444,0.06280192361108751,62801.923611087506,0.048749780413862444,False,0.04,10.0,0.0
2020-03-19,0.004843301350388485,0.06692631830779347,66926.31830779347,-0.004843301350388485,False,0.04,10.0,0.0
2020-03-20,0.0030619434959375793,0.06494614037947075,64946.140379470744,-0.0030619434959375793,False,0.04,10.0,0.0
2020-03-23,0.0073254879105403735,0.06299178861958445,62991.78861958445,-0.0073254879105403735,False,0.04,10.0,0.0
2020-03-24,0.054619031364430234,0.061215296644444625,61215.29664444463,-0.054619031364430234,False,0.04,10.0,0.0
2020-03-25,0.005370335604434362,0.06701620795346497,67016.20795346497,-0.005370335604434362,False,0.04,10.0,0.0
2020-03-26,0.033331568082072806,0.06504665023425311,65046.65023425312,-0.033331568082072806,False,0.04,10.0,0.0
2020-03-27,-0.020158008053060256,0.0658631722130334,65863.1722130334,0.020158008053060256,False,0.04,10.0,0.0
2020-03-30,0.01630249220523368,0.0648816297191684,64881.6297191684,-0.01630249220523368,False,0.04,10.0,0.0
2020-03-31,-0.011324960021166031,0.06358732483809469,63587.32483809469,0.011324960021166031,False,0.04,10.0,0.0
2020-04-01,-0.021360894854082192,0.06198703951140427,61987.03951140427,0.021360894854082192,False,0.04,10.0,0.0
2020-04-02,0.019956016542700274,0.06131893979006652,61318.93979006652,-0.019956016542700274,False,0.04,10.0,0.0
2020-04-03,-0.008056395893544233,0.06052872415383621,60528.72415383621,0.008056395893544233,False,0.04,10.0,0.0
2020-04-06,0.04367865976382437,0.05886406856880578,58864.06856880578,-0.04367865976382437,False,0.04,10.0,0.0
2020-04-07,-0.002012615550655705,0.06226216192397485,62262.161923974854,0.002012615550655705,False,0.04,10.0,0.0
2020-04-08,0.009773460772464816,0.060376299084239575,60376.299084239574,-0.009773460772464816,False,0.04,10.0,0.0
2020-04-09,0.00818809525764286,0.058801330468629336,58801.330468629334,-0.00818809525764286,False,0.04,10.0,0.0
2020-04-13,0.0022196027597988226,0.05720062126871158,57200.621268711584,-0.0022196027597988226,False,0.04,10.0,0.0
2020-04-14,0.020697896795902993,0.05547248106299623,55472.48106299623,-0.020697896795902993,False,0.04,10.0,0.0
2020-04-15,-0.007402869998804373,0.05506062724316045,55060.62724316045,0.007402869998804373,False,0.04,10.0,0.0
2020-04-16,0.007788290868040094,0.05354967252574824,53549.67252574825,-0.007788290868040094,False,0.04,10.0,0.0
2020-04-17,0.005206473829482139,0.05210767403091442,52107.67403091442,-0.005206473829482139,False,0.04,10.0,0.0
2020-04-20,-0.0053956096076295266,0.05060730426269068,50607.30426269068,0.0053956096076295266,False,0.04,10.0,0.0
2020-04-21,-0.017830124794256875,0.049161840385685614,49161.84038568562,0.017830124794256875,False,0.04,10.0,0.0
2020-04-22,0.017722973291792933,0.048735040437703464,48735.040437703465,-0.017722973291792933,False,0.04,10.0,0.0
2020-04-23,0.001884578776398849,0.04831761280412543,48317.61280412543,-0.001884578776398849,False,0.04,10.0,0.0
2020-04-24,0.00527349041503613,0.046857971251298404,46857.971251298404,-0.00527349041503613,False,0.04,10.0,0.0
2020-04-27,0.0034887761835418647,0.045529764897368666,45529.76489736867,-0.0034887761835418647,False,0.04,10.0,0.0
2020-04-28,-0.0028900515891209897,0.04418748910878844,44187.48910878844,0.0028900515891209897,False,0.04,10.0,0.0
2020-04-29,0.018225818832555297,0.04287300176042311,42873.00176042311,-0.018225818832555297,False,0.04,10.0,0.0
2020-04-30,-0.012124266319873934,0.042844744858402756,42844.74485840276,0.012124266319873934,False,0.04,10.0,0.0
2020-05-01,-0.015189983967699062,0.04211014174457667,42110.14174457667,0.015189983967699062,False,0.04,10.0,0.0
2020-05-04,0.004795130999655251,0.04173477209960601,41734.77209960601,-0.004795130999655251,False,0.04,10.0,0.0
2020-05-05,0.004803707395611579,0.04055551704436881,40555.51704436881,-0.004803707395611579,False,0.04,10.0,0.0
2020-05-06,-0.006535448567870117,0.03941519921527636,39415.199215276356,0.006535448567870117,False,0.04,10.0,0.0
2020-05-07,0.01302062735860301,0.03839548999680627,38395.48999680627,-0.01302062735860301,False,0.04,10.0,0.0
2020-05-08,0.006460829991987094,0.03795802587434901,37958.02587434901,-0.006460829991987094,False,0.036,9.0,0.0
2020-05-11,-0.0022820435249331973,0.03698536639927966,36985.36639927966,0.0022820435249331973,False,0.036,9.0,0.0
2020-05-12,-0.006108023310400635,0.035882214351123966,35882.21435112396,0.006108023310400635,False,0.036,9.0,0.0
2020-05-13,-0.003100564123717309,0.034962776050300036,34962.77605030004,0.003100564123717309,False,0.036,9.0,0.0
2020-05-14,0.009160748801266294,0.03394368278096716,33943.68278096716,-0.009160748801266294,False,0.036,9.0,0.0
2020-05-15,9.454657644476521e-05,0.03332105842061671,33321.05842061671,-9.454657644476521e-05,False,0.036,9.0,0.0
2020-05-18,0.01174135986833291,0.032306009670760936,32306.009670760937,-0.01174135986833291,False,0.036,9.0,0.0
2020-05-19,-0.0014797509802753294,0.03202846295192377,32028.462951923768,0.0014797509802753294,False,0.036,9.0,0.0
2020-05-20,0.011103667427003394,0.031064193313313518,31064.193313313517,-0.011103667427003394,False,0.036,9.0,0.0
2020-05-21,-0.00825998962160963,0.03077530620719009,30775.30620719009,0.00825998962160963,False,0.036,9.0,0.0
2020-05-22,-0.0006830648138789195,0.030206732399485646,30206.732399485645,0.0006830648138789195,False,0.036,9.0,0.0
2020-05-26,0.0007911968978182138,0.02928910011287983,29289.10011287983,-0.0007911968978182138,False,0.036,9.0,0.0
2020-05-27,0.00470503541863756,0.028400414972787662,28400.41497278766,-0.00470503541863756,False,0.036,9.0,0.0
2020-05-28,-0.002087772496365847,0.02766544521875672,27665.445218756722,0.002087772496365847,False,0.036,9.0,0.0
2020-05-29,0.010172701706975928,0.026849015020672176,26849.015020672177,-0.010172701706975928,False,0.036,9.0,0.0
2020-06-01,0.005594239418796398,0.02666870928016482,26668.70928016482,-0.005594239418796398,False,0.036,9.0,0.0
2020-06-02,0.005741849572441349,0.026052042773742123,26052.042773742123,-0.005741849572441349,False,0.036,9.0,0.0
2020-06-03,0.0018677827811879328,0.02546942929252697,25469.42929252697,-0.0018677827811879328,False,0.036,9.0,0.0
2020-06-04,-0.005537364853573013,0.024716454416789,24716.454416789,0.005537364853573013,False,0.036,9.0,0.0
2020-06-05,0.008878605509379245,0.02417034205800428,24170.34205800428,-0.008878605509379245,False,0.036,9.0,0.0
2020-06-08,0.008124550637564098,0.02397394771632937,23973.94771632937,-0.008124550637564098,False,0.036,9.0,0.0
2020-06-09,0.0027974854800605796,0.023700189103001614,23700.189103001616,-0.0027974854800605796,False,0.036,9.0,0.0
2020-06-10,0.008582063736366675,0.02303341508561194,23033.415085611938,-0.008582063736366675,False,0.036,9.0,0.0
2020-06-11,-0.029541642033609542,0.022860920140884644,22860.920140884646,0.029541642033609542,True,0.04,10.0,0.006680721892724898
2020-06-12,0.006591954134514544,0.027832441193733442,27832.44119373344,-0.006591954134514544,False,0.04,10.0,0.0
2020-06-15,0.0022383738208309194,0.027244745507848486,27244.745507848485,-0.0022383738208309194,False,0.04,10.0,0.0
2020-06-16,0.005391712371078449,0.02644553850534843,26445.53850534843,-0.005391712371078449,False,0.04,10.0,0.0
2020-06-17,0.002933577847004521,0.025823325217296845,25823.325217296846,-0.002933577847004521,False,0.04,10.0,0.0
2020-06-18,0.002443009433429211,0.025092387775470754,25092.387775470754,-0.002443009433429211,False,0.04,10.0,0.0
2020-06-19,0.0011409752811164515,0.02436777043137797,24367.77043137797,-0.0011409752811164515,False,0.04,10.0,0.0
2020-06-22,0.007453579027340852,0.023634374582039944,23634.374582039945,-0.007453579027340852,False,0.04,10.0,0.0
2020-06-23,0.004870124910657925,0.023304685853718612,23304.685853718613,-0.004870124910657925,False,0.04,10.0,0.0
2020-06-24,-0.010423651023708725,0.02276452231827818,22764.52231827818,0.010423651023708725,False,0.04,10.0,0.0
2020-06-25,0.005348582309086348,0.02285631246707265,22856.31246707265,-0.005348582309086348,False,0.04,10.0,0.0
2020-06-26,-0.008863949811128058,0.022368628708395233,22368.628708395234,0.008863949811128058,False,0.04,10.0,0.0
2020-06-29,0.005501001373749649,0.022267618690570257,22267.618690570256,-0.005501001373749649,False,0.04,10.0,0.0
2020-06-30,0.005750987822259046,0.021815641111249482,21815.641111249482,-0.005750987822259046,False,0.04,10.0,0.0
2020-07-01,0.004701231921111737,0.02140342028500481,21403.42028500481,-0.004701231921111737,False,0.04,10.0,0.0
2020-07-02,0.00764882780959173,0.020923591983158796,20923.591983158796,-0.00764882780959173,False,0.04,10.0,0.0
2020-07-06,0.016990445265756014,0.020749123638461264,20749.123638461264,-0.016990445265756014,False,0.04,10.0,0.0
2020-07-07,-0.0027053515922460082,0.022325576277942752,22325.576277942753,0.0027053515922460082,False,0.04,10.0,0.0
2020-07-08,0.009793714197215442,0.021700277197935405,21700.277197935404,-0.009793714197215442,False,0.04,10.0,0.0
2020-07-09,0.0031896362373440516,0.02176679619631006,21766.79619631006,-0.0031896362373440516,False,0.04,10.0,0.0
2020-07-10,0.0005970951070730646,0.021181817127749292,21181.81712774929,-0.0005970951070730646,False,0.04,10.0,0.0
2020-07-13,-0.006277666907441271,0.02053935203391447,20539.352033914467,0.006277666907441271,False,0.04,10.0,0.0
2020-07-14,0.005507100174341329,0.020232393752811186,20232.393752811186,-0.005507100174341329,False,0.04,10.0,0.0
2020-07-15,0.0020920318323840227,0.0198654659414944,19865.4659414944,-0.0020920318323840227,False,0.04,10.0,0.0
2020-07-16,-0.00579183240465182,0.019297141595716733,19297.141595716734,0.00579183240465182,False,0.04,10.0,0.0
2020-07-17,0.0031688498295326275,0.018998145120363855,18998.145120363853,-0.0031688498295326275,False,0.04,10.0,0.0
2020-07-20,0.011318100216720285,0.018507684746659127,18507.684746659128,-0.011318100216720285,False,0.04,10.0,0.0
2020-07-21,0.002717932105992671,0.019067720218721825,19067.720218721824,-0.002717932105992671,False,0.04,10.0,0.0
2020-07-22,0.00461203588957515,0.01855160336029236,18551.60336029236,-0.00461203588957515,False,0.04,10.0,0.0
2020-07-23,-0.005117241361000668,0.01817743688796352,18177.436887963522,0.005117241361000668,False,0.04,10.0,0.0
2020-07-24,-0.0016684370517671134,0.017863288130642644,17863.288130642642,0.0016684370517671134,False,0.04,10.0,0.0
2020-07-27,0.01134174066858178,0.017345176237744717,17345.176237744716,-0.01134174066858178,False,0.04,10.0,0.0
2020-07-28,-0.002404943968043783,0.01801592071566635,18015.92071566635,0.002404943968043783,False,0.04,10.0,0.0
2020-07-29,0.009148338471210549,0.01752076082042715,17520.76082042715,-0.009148338471210549,False,0.04,10.0,0.0
2020-07-30,-0.0023654774652706934,0.01776891678447166,17768.91678447166,0.0023654774652706934,False,0.04,10.0,0.0
2020-07-31,0.005462098158854256,0.01728025663803843,17280.256638038427,-0.005462098158854256,False,0.036,9.0,0.0
2020-08-03,0.004697226577898528,0.01704049613315075,17040.49613315075,-0.004697226577898528,False,0.036,9.0,0.0
2020-08-04,0.010338167217877503,0.016736793599519708,16736.793599519708,-0.010338167217877503,False,0.036,9.0,0.0
2020-08-05,0.004019341494339867,0.017263189004990746,17263.189004990745,-0.004019341494339867,False,0.036,9.0,0.0
2020-08-06,0.008385053039599024,0.01689326542300235,16893.26542300235,-0.008385053039599024,False,0.036,9.0,0.0
2020-08-07,-0.010783310654121216,0.01706135404820721,17061.35404820721,0.010783310654121216,False,0.036,9.0,0.0
2020-08-10,-0.0013418511200270044,0.01764602080593356,17646.02080593356,0.0013418511200270044,False,0.036,9.0,0.0
2020-08-11,-0.019100867102198694,0.017125530506894547,17125.530506894545,0.019100867102198694,True,0.04,10.0,0.0019753365953041474
2020-08-12,0.007756452179406393,0.0198533703866926,19853.3703866926,-0.007756452179406393,False,0.04,10.0,0.0
2020-08-13,0.002095568547250616,0.01974949465328937,19749.49465328937,-0.002095568547250616,False,0.04,10.0,0.0
2020-08-14,-0.0022332691210855907,0.01918504461178223,19185.044611782232,0.0022332691210855907,False,0.04,10.0,0.0
2020-08-17,0.010330408662793644,0.018644073777641185,18644.073777641184,-0.010330408662793644,False,0.04,10.0,0.0
2020-08-18,0.005365891099846932,0.01901047020741048,19010.47020741048,-0.005365891099846932,False,0.04,10.0,0.0
2020-08-19,-0.012199652357639333,0.018683241431013697,18683.241431013696,0.012199652357639333,False,0.04,10.0,0.0
2020-08-20,0.005954068298233906,0.019402250576636894,19402.250576636892,-0.005954068298233906,False,0.04,10.0,0.0
2020-08-21,0.0026907276434257055,0.019114703476736526,19114.703476736526,-0.0026907276434257055,False,0.04,10.0,0.0
2020-08-24,0.004031888205177214,0.01859571207446595,18595.71207446595,-0.004031888205177214,False,0.04,10.0,0.0
2020-08-25,0.002995052804626286,0.018175012028398777,18175.012028398778,-0.002995052804626286,False,0.04,10.0,0.0
2020-08-26,0.008400204189201399,0.017703784649245855,17703.784649245856,-0.008400204189201399,False,0.04,10.0,0.0
2020-08-27,-0.007576571440690039,0.01781941249368553,17819.41249368553,0.007576571440690039,False,0.04,10.0,0.0
2020-08-28,0.008260653086920101,0.01780785159367316,17807.85159367316,-0.008260653086920101,False,0.04,10.0,0.0
2020-08-31,-0.0017469679376469927,0.0178955397029907,17895.5397029907,0.0017469679376469927,False,0.04,10.0,0.0
2020-09-01,0.011240293347402465,0.01737890426466182,17378.90426466182,-0.011240293347402465,False,0.04,10.0,0.0
2020-09-02,0.003534564962159248,0.018025826505380527,18025.826505380526,-0.003534564962159248,False,0.04,10.0,0.0
2020-09-03,-0.021882357774504913,0.01759236460209643,17592.36460209643,0.021882357774504913,True,0.044,11.0,0.004289993172408482
2020-09-04,-0.007453730386466884,0.021128344026108893,21128.344026108894,0.007453730386466884,False,0.044,11.0,0.0
2020-09-08,-0.017706962469441014,0.02092039624978265,20920.39624978265,0.017706962469441014,False,0.044,11.0,0.0
2020-09-09,0.01421253568444807,0.022654200344525456,22654.200344525456,-0.01421253568444807,False,0.044,11.0,0.0
2020-09-10,-0.010299330405928718,0.02340963354465061,23409.63354465061,0.010299330405928718,False,0.044,11.0,0.0
2020-09-11,0.00106006312285023,0.023443009194799292,23443.00919479929,-0.00106006312285023,False,0.044,11.0,0.0
2020-09-14,0.010916152575359384,0.02273686634148562,22736.86634148562,-0.010916152575359384,False,0.044,11.0,0.0
2020-09-15,0.00498585131460545,0.022905039644154516,22905.039644154516,-0.00498585131460545,False,0.044,11.0,0.0
2020-09-16,-0.004279483180493093,0.0223882637685181,22388.2637685181,0.004279483180493093,False,0.044,11.0,0.0
2020-09-17,-0.0061691377688562156,0.021842781225681035,21842.781225681036,0.0061691377688562156,False,0.044,11.0,0.0
2020-09-18,-0.006774481588554116,0.02146715406282229,21467.15406282229,0.006774481588554116,False,0.044,11.0,0.0
2020-09-21,-0.006590782975063215,0.021168152037835158,21168.152037835156,0.006590782975063215,False,0.044,11.0,0.0
2020-09-22,0.003129077676422254,0.020864090436092792,20864.090436092793,-0.003129077676422254,False,0.044,11.0,0.0
2020-09-23,-0.017905063331909044,0.020306919173453074,20306.919173453076,0.017905063331909044,False,0.044,11.0,0.0
2020-09-24,0.002046042018059069,0.022174965215438703,22174.965215438704,-0.002046042018059069,False,0.044,11.0,0.0
2020-09-25,0.007499600863457534,0.02153101674958265,21531.01674958265,-0.007499600863457534,False,0.044,11.0,0.0
2020-09-28,0.011154193932463332,0.021308045452709885,21308.045452709885,-0.011154193932463332,False,0.044,11.0,0.0
2020-09-29,-0.00021196059388477477,0.021614588178722662,21614.58817872266,0.00021196059388477477,False,0.044,11.0,0.0
2020-09-30,0.0029946119563847963,0.02095646881785562,20956.46881785562,-0.0029946119563847963,False,0.044,11.0,0.0
2020-10-01,0.008432352865982961,0.020389583251898536,20389.583251898537,-0.008432352865982961,False,0.044,11.0,0.0
2020-10-02,-0.010743048236517639,0.020344031705545045,20344.031705545043,0.010743048236517639,False,0.044,11.0,0.0
2020-10-05,0.0075610782905806365,0.02065243459078895,20652.43459078895,-0.0075610782905806365,False,0.044,11.0,0.0
2020-10-06,-0.0073278626067999845,0.020481589798099886,20481.589798099885,0.0073278626067999845,False,0.044,11.0,0.0
2020-10-07,0.007586612231047441,0.020291922637974826,20291.922637974825,-0.007586612231047441,False,0.044,11.0,0.0
2020-10-08,0.006266986744615544,0.0201431337957369,20143.1337957369,-0.006266986744615544,False,0.044,11.0,0.0
2020-10-09,0.009799072221027761,0.019853318561045854,19853.318561045853,-0.009799072221027761,False,0.044,11.0,0.0
2020-10-12,0.0111999363026414,0.02004207071180468,20042.07071180468,-0.0111999363026414,False,0.044,11.0,0.0
2020-10-13,-0.003847792664851402,0.020452753884280278,20452.75388428028,0.003847792664851402,False,0.044,11.0,0.0
2020-10-14,-0.0031972585302020963,0.019950533423162362,19950.533423162364,0.0031972585302020963,False,0.044,11.0,0.0
2020-10-15,-0.002648878637743968,0.019428374352532456,19428.374352532457,0.002648878637743968,False,0.044,11.0,0.0
2020-10-16,-0.0017613281935389138,0.01889688859218126,18896.888592181258,0.0017613281935389138,False,0.044,11.0,0.0
2020-10-19,-0.007531382492575212,0.018348684048081588,18348.684048081588,0.007531382492575212,False,0.044,11.0,0.0
2020-10-20,0.0024931809312726872,0.018300056619700574,18300.056619700576,-0.0024931809312726872,False,0.044,11.0,0.0
2020-10-21,0.000848338970584539,0.017799352579066008,17799.35257906601,-0.000848338970584539,False,0.044,11.0,0.0
2020-10-22,-0.002992945261400193,0.017263882086863625,17263.882086863625,0.002992945261400193,False,0.044,11.0,0.0
2020-10-23,0.0032557444478127583,0.016824619513080865,16824.619513080866,-0.0032557444478127583,False,0.044,11.0,0.0
2020-10-26,-0.007525989200628747,0.01641723715244888,16417.23715244888,0.007525989200628747,False,0.044,11.0,0.0
2020-10-27,0.003615428272174692,0.01648472274363855,16484.72274363855,-0.003615428272174692,False,0.044,11.0,0.0
2020-10-28,-0.022683672745554495,0.016114768246863656,16114.768246863656,0.022683672745554495,True,0.048,12.0,0.006568904498690839
2020-10-29,0.00476983411108074,0.020277714500496827,20277.714500496826,-0.00476983411108074,False,0.048,12.0,0.0
2020-10-30,-0.010474056350852013,0.019846970215459798,19846.970215459798,0.010474056350852013,False,0.048,12.0,0.0
2020-11-02,0.008675890886972893,0.020146738791698166,20146.738791698168,-0.008675890886972893,False,0.048,12.0,0.0
2020-11-03,0.007849188889622384,0.020148924737956705,20148.924737956706,-0.007849188889622384,False,0.048,12.0,0.0
2020-11-04,0.023912896350212234,0.020040607552017527,20040.60755201753,-0.023912896350212234,False,0.048,12.0,0.0
2020-11-05,0.017469873518814974,0.023732010225951585,23732.010225951584,-0.017469873518814974,False,0.048,12.0,0.0
2020-11-06,-0.001106705126795382,0.02507024688510342,25070.246885103417,0.001106705126795382,False,0.048,12.0,0.0
2020-11-09,-0.013253852800544766,0.024314685896048637,24314.68589604864,0.013253852800544766,False,0.048,12.0,0.0
2020-11-10,-0.006646433400888419,0.024754240323699883,24754.240323699883,0.006646433400888419,False,0.048,12.0,0.0
2020-11-11,0.0071157774446726,0.02429712576294365,24297.125762943648,-0.0071157774446726,False,0.048,12.0,0.0
2020-11-12,0.0002373461303749159,0.023903366846602183,23903.366846602185,-0.0002373461303749159,False,0.048,12.0,0.0
2020-11-13,0.008433904806430515,0.023175568643773403,23175.568643773404,-0.008433904806430515,False,0.048,12.0,0.0
2020-11-16,0.006048025863400009,0.02297776511597282,22977.76511597282,-0.006048025863400009,False,0.048,12.0,0.0
2020-11-17,-0.0013426322299031849,0.022542772791053607,22542.77279105361,0.0013426322299031849,False,0.048,12.0,0.0
2020-11-18,-0.0051459337787847625,0.02186941603159778,21869.41603159778,0.0051459337787847625,False,0.048,12.0,0.0
2020-11-19,0.0033892259366154146,0.021404992408262952,21404.99240826295,-0.0033892259366154146,False,0.048,12.0,0.0
2020-11-20,0.0007483229608399979,0.020842581797032984,20842.581797032984,-0.0007483229608399979,False,0.048,12.0,0.0
2020-11-23,-0.0031194866280231047,0.020212131469047056,20212.131469047057,0.0031194866280231047,False,0.048,12.0,0.0
2020-11-24,0.0036601048566730077,0.019676846688536326,19676.846688536327,-0.0036601048566730077,False,0.048,12.0,0.0
2020-11-25,-0.0009123874980548009,0.019191080779574928,19191.080779574928,0.0009123874980548009,False,0.048,12.0,0.0
2020-11-27,0.004207768967024239,0.0186137055633048,18613.7055633048,-0.004207768967024239,False,0.048,12.0,0.0
2020-11-30,-0.007297851751101759,0.01820524627595259,18205.246275952588,0.007297851751101759,False,0.048,12.0,0.0
2020-12-01,0.00995381700493303,0.018133916861563154,18133.916861563153,-0.00995381700493303,False,0.048,12.0,0.0
2020-12-02,0.0008765814373321578,0.018473785168801583,18473.785168801583,-0.0008765814373321578,False,0.048,12.0,0.0
2020-12-03,0.0057071478888030885,0.017917963124133754,17917.963124133756,-0.0057071478888030885,False,0.048,12.0,0.0
2020-12-04,0.001104488295992079,0.01767389661497513,17673.896614975132,-0.001104488295992079,False,0.048,12.0,0.0
2020-12-07,0.005508407145511463,0.017147032998297562,17147.032998297564,-0.005508407145511463,False,0.048,12.0,0.0
2020-12-08,0.0029834962885959995,0.016918396396071435,16918.396396071435,-0.0029834962885959995,False,0.048,12.0,0.0
2020-12-09,-0.012131548699033613,0.01649086310566502,16490.86310566502,0.012131548699033613,False,0.048,12.0,0.0
2020-12-10,0.004705736467333322,0.01741899006638196,17418.99006638196,-0.004705736467333322,False,0.048,12.0,0.0
2020-12-11,-0.0010073877183797153,0.017099894358410764,17099.894358410766,0.0010073877183797153,False,0.048,12.0,0.0
2020-12-14,-0.0021400668864840267,0.016588897884402223,16588.897884402224,0.0021400668864840267,False,0.048,12.0,0.0
2020-12-15,0.00913316651528997,0.016129699088970828,16129.699088970829,-0.00913316651528997,False,0.048,12.0,0.0
2020-12-16,0.0029361229192621744,0.016481597741042266,16481.597741042267,-0.0029361229192621744,False,0.048,12.0,0.0
2020-12-17,0.005301955308966356,0.01606685338208096,16066.853382080959,-0.005301955308966356,False,0.048,12.0,0.0
2020-12-18,-0.002576942202689248,0.015867674346466566,15867.674346466565,0.002576942202689248,False,0.048,12.0,0.0
2020-12-21,-0.0038725459358392557,0.015454203554014185,15454.203554014184,0.0038725459358392557,False,0.048,12.0,0.0
2020-12-22,-0.001934043416878262,0.015145034430657374,15145.034430657373,0.001934043416878262,False,0.048,12.0,0.0
2020-12-23,0.0011666441814680351,0.014724956470962043,14724.956470962043,-0.0011666441814680351,False,0.048,12.0,0.0
2020-12-24,0.0023753508739661868,0.014291845116354663,14291.845116354663,-0.0023753508739661868,False,0.048,12.0,0.0
2020-12-28,0.0036555521396333113,0.013922411998861073,13922.411998861073,-0.0036555521396333113,False,0.048,12.0,0.0
2020-12-29,0.0032556358790231115,0.013658063961748694,13658.063961748694,-0.0032556358790231115,False,0.048,12.0,0.0
2020-12-30,0.00492115026913531,0.01337130667612279,13371.30667612279,-0.00492115026913531,False,0.048,12.0,0.0
2020-12-31,0.0024270751202884132,0.013263791174625637,13263.791174625638,-0.0024270751202884132,False,0.048,12.0,0.0
2021-01-04,-5.869248715568683e-05,0.012933880147534972,12933.880147534972,5.869248715568683e-05,False,0.048,12.0,0.0
2021-01-05,0.006941034409014768,0.01253990665462869,12539.90665462869,-0.006941034409014768,False,0.048,12.0,0.0
2021-01-06,-0.010618786920691913,0.012785082907240152,12785.082907240152,0.010618786920691913,False,0.048,12.0,0.0
2021-01-07,0.0074739170768253205,0.013793662102338674,13793.662102338674,-0.0074739170768253205,False,0.048,12.0,0.0
2021-01-08,0.001514476027650069,0.014035224605667116,14035.224605667116,-0.001514476027650069,False,0.048,12.0,0.0
2021-01-11,-0.007665936811884188,0.013634993708591702,13634.993708591703,0.007665936811884188,False,0.048,12.0,0.0
2021-01-12,0.0028242295024680786,0.013922664406950072,13922.664406950073,-0.0028242295024680786,False,0.048,12.0,0.0
2021-01-13,0.0037203316034835733,0.013594122029393856,13594.122029393855,-0.0037203316034835733,False,0.048,12.0,0.0
2021-01-14,-0.0018796987102997155,0.013349399359717871,13349.399359717872,0.0018796987102997155,False,0.048,12.0,0.0
2021-01-15,-0.007560405759921519,0.01298696945510324,12986.96945510324,0.007560405759921519,False,0.048,12.0,0.0
2021-01-19,0.010140210595337696,0.013307976565369726,13307.976565369725,-0.010140210595337696,False,0.048,12.0,0.0
2021-01-20,0.014384656172620726,0.014137341401852513,14137.341401852513,-0.014384656172620726,False,0.048,12.0,0.0
2021-01-21,0.0006089872218568935,0.015970653308707665,15970.653308707664,-0.0006089872218568935,False,0.048,12.0,0.0
2021-01-22,-0.003951194252608215,0.015488011045835083,15488.011045835083,0.003951194252608215,False,0.044,11.0,0.0
2021-01-25,0.006476072231662578,0.015184043794833796,15184.043794833795,-0.006476072231662578,False,0.044,11.0,0.0
2021-01-26,-0.002348817989943819,0.015176963047508749,15176.963047508749,0.002348817989943819,False,0.044,11.0,0.0
2021-01-27,-0.016773651565747238,0.014775358630113705,14775.358630113706,0.016773651565747238,True,0.048,12.0,0.001998292935633533
2021-01-28,0.0033832494291918818,0.017221280102353378,17221.28010235338,-0.0033832494291918818,False,0.048,12.0,0.0
2021-01-29,-0.014471085175481702,0.016807585608915987,16807.585608915986,0.014471085175481702,False,0.048,12.0,0.0
2021-02-01,0.01583780404764812,0.018263194560913666,18263.194560913667,-0.01583780404764812,False,0.048,12.0,0.0
2021-02-02,0.004961356923961757,0.019874141696115313,19874.14169611531,-0.004961356923961757,False,0.048,12.0,0.0
2021-02-03,-0.0017031959458551297,0.019474995888482498,19474.9958884825,0.0017031959458551297,False,0.048,12.0,0.0
2021-02-04,-0.00013030461589829133,0.018906636167886133,18906.636167886132,0.00013030461589829133,False,0.048,12.0,0.0
2021-02-05,0.0034868511402952325,0.018330814251477756,18330.814251477757,-0.0034868511402952325,False,0.048,12.0,0.0
2021-02-08,0.006032216635870747,0.017883107596309393,17883.107596309394,-0.006032216635870747,False,0.048,12.0,0.0
2021-02-09,0.002755755031574392,0.0176757678260804,17675.7678260804,-0.002755755031574392,False,0.048,12.0,0.0
2021-02-10,0.002222549789482264,0.017209088821185183,17209.08882118518,-0.002222549789482264,False,0.048,12.0,0.0
2021-02-11,0.0007260574059584805,0.01673282913373206,16732.829133732062,-0.0007260574059584805,False,0.048,12.0,0.0
2021-02-12,-0.0008124485419216176,0.016228354581311548,16228.354581311547,0.0008124485419216176,False,0.048,12.0,0.0
2021-02-16,-0.006145721353876099,0.0157407832548528,15740.7832548528,0.006145721353876099,False,0.048,12.0,0.0
2021-02-17,-0.0018450512595039608,0.015657915626940588,15657.915626940588,0.0018450512595039608,False,0.048,12.0,0.0
2021-02-18,-0.0053076972925525595,0.015217276278285181,15217.27627828518,0.0053076972925525595,False,0.048,12.0,0.0
2021-02-19,-0.001759540630526657,0.015060520821445248,15060.520821445247,0.001759540630526657,False,0.044,11.0,0.0
2021-02-22,-0.011125134411472004,0.014636100513204093,14636.100513204094,0.011125134411472004,False,0.04,10.0,0.0
2021-02-23,-0.0004942966790911996,0.015541939159987746,15541.939159987747,0.0004942966790911996,False,0.04,10.0,0.0
2021-02-24,0.0011149789064541337,0.015071101403482914,15071.101403482913,-0.0011149789064541337,False,0.036,9.0,0.0
2021-02-25,-0.02337875036800381,0.014625781638481052,14625.781638481052,0.02337875036800381,True,0.04,10.0,0.00875296872952276
2021-02-26,-0.0010986515911898256,0.01945651866546445,19456.51866546445,0.0010986515911898256,False,0.04,10.0,0.0
2021-03-01,0.01323703704225323,0.01887418057368304,18874.18057368304,-0.01323703704225323,False,0.04,10.0,0.0
2021-03-02,-0.005622207517927547,0.01979284373714909,19792.84373714909,0.005622207517927547,False,0.04,10.0,0.0
2021-03-03,-0.013229370511473305,0.01945546731023951,19455.46731023951,0.013229370511473305,False,0.04,10.0,0.0
2021-03-04,-0.013664407218936825,0.02031340596702655,20313.40596702655,0.013664407218936825,False,0.04,10.0,0.0
2021-03-05,0.009385101807333207,0.02117795172107603,21177.951721076028,-0.009385101807333207,False,0.036,9.0,0.0
2021-03-08,-0.015674566149107186,0.02121782563278056,21217.82563278056,0.015674566149107186,False,0.036,9.0,0.0
2021-03-09,0.022160591682987674,0.02242685699964218,22426.85699964218,-0.022160591682987674,False,0.032,8.0,0.0
2021-03-10,0.0011977290222976,0.025144588013160572,25144.588013160574,-0.0011977290222976,False,0.028,7.0,0.0
2021-03-11,0.011323242337348806,0.024388134564209657,24388.134564209657,-0.011323242337348806,False,0.028,7.0,0.0
2021-03-12,-0.009200121134634021,0.024509746409137913,24509.746409137915,0.009200121134634021,False,0.024,6.0,0.0
2021-03-15,0.005866221469826627,0.024334512473607784,24334.512473607785,-0.005866221469826627,False,0.024,6.0,0.0
2021-03-16,0.0010765274700497598,0.023828818983694662,23828.818983694662,-0.0010765274700497598,False,0.024,6.0,0.0
2021-03-17,0.0016955317814546732,0.023111040038806308,23111.04003880631,-0.0016955317814546732,False,0.024,6.0,0.0
2021-03-18,-0.01589840476992759,0.022427805450389363,22427.80545038936,0.01589840476992759,False,0.024,6.0,0.0
2021-03-19,0.0048821021540507385,0.02355632527362753,23556.325273627528,-0.0048821021540507385,False,0.024,6.0,0.0
2021-03-22,0.006703076626807137,0.02300751958578568,23007.51958578568,-0.006703076626807137,False,0.024,6.0,0.0
2021-03-23,-0.005921871967543303,0.022631283359107593,22631.283359107594,0.005921871967543303,False,0.024,6.0,0.0
2021-03-24,-0.0071966888717983415,0.022199813747717984,22199.813747717984,0.0071966888717983415,False,0.024,6.0,0.0
2021-03-25,-0.0005963046528294936,0.021910716651406842,21910.71665140684,0.0005963046528294936,False,0.024,6.0,0.0
2021-03-26,0.011292072753665928,0.021245945386490547,21245.945386490548,-0.011292072753665928,False,0.024,6.0,0.0
2021-03-29,-0.005623888751818473,0.02158034563479858,21580.345634798578,0.005623888751818473,False,0.024,6.0,0.0
2021-03-30,-0.0032649640577896207,0.021166925212881466,21166.925212881466,0.0032649640577896207,False,0.024,6.0,0.0
2021-03-31,0.006806438875069754,0.020606257402002868,20606.25740200287,-0.006806438875069754,False,0.024,6.0,0.0
2021-04-01,0.013363887162836586,0.02035151054826888,20351.51054826888,-0.013363887162836586,False,0.024,6.0,0.0
2021-04-05,0.006696673835307943,0.021150051686069322,21150.051686069324,-0.006696673835307943,False,0.024,6.0,0.0
2021-04-06,0.0038166967332063043,0.020857783499496813,20857.783499496814,-0.0038166967332063043,False,0.024,6.0,0.0
2021-04-07,-0.004184106563884749,0.020338988790419302,20338.988790419302,0.004184106563884749,False,0.024,6.0,0.0
2021-04-08,0.00848021900795044,0.019862997692974865,19862.997692974866,-0.00848021900795044,False,0.024,6.0,0.0
2021-04-09,-0.0012696960071550299,0.019854920106401736,19854.920106401736,0.0012696960071550299,False,0.024,6.0,0.0
2021-04-12,-0.002683311370181696,0.019263651296220437,19263.651296220436,0.002683311370181696,False,0.024,6.0,0.0
2021-04-13,0.006669960065912451,0.01873928909819149,18739.28909819149,-0.006669960065912451,False,0.024,6.0,0.0
2021-04-14,-0.003578759339206106,0.01856171542124552,18561.71542124552,0.003578759339206106,False,0.024,6.0,0.0
2021-04-15,0.013583382158617407,0.018111427852861402,18111.4278528614,-0.013583382158617407,False,0.024,6.0,0.0
2021-04-16,0.0010753434227579908,0.019189964740784948,19189.964740784948,-0.0010753434227579908,False,0.024,6.0,0.0
2021-04-19,-0.004676340967425219,0.018615449201431048,18615.44920143105,0.004676340967425219,False,0.024,6.0,0.0
2021-04-20,-0.0029142128467659623,0.018244005700636855,18244.005700636855,0.0029142128467659623,False,0.024,6.0,0.0
2021-04-21,0.007217281863295755,0.017766001083547624,17766.001083547624,-0.007217281863295755,False,0.024,6.0,0.0
2021-04-22,-0.005364614624433451,0.017708952767238034,17708.95276723803,0.005364614624433451,False,0.024,6.0,0.0
2021-04-23,0.006347024003575541,0.017439482545704824,17439.482545704825,-0.006347024003575541,False,0.024,6.0,0.0
2021-04-26,0.0022191947369510695,0.017290703150498056,17290.703150498055,-0.0022191947369510695,False,0.024,6.0,0.0
2021-04-27,-0.003267332736898898,0.016811587330852956,16811.587330852955,0.003267332736898898,False,0.024,6.0,0.0
2021-04-28,0.0014849734725956188,0.016405431090428618,16405.431090428618,-0.0014849734725956188,False,0.024,6.0,0.0
2021-04-29,0.00010446715423819687,0.01592814867516146,15928.148675161461,-0.00010446715423819687,False,0.024,6.0,0.0
2021-04-30,-0.006366712925825868,0.015443027835584643,15443.027835584642,0.006366712925825868,False,0.024,6.0,0.0
2021-05-03,0.0020819564145141637,0.015405848289657562,15405.848289657562,-0.0020819564145141637,False,0.024,6.0,0.0
2021-05-04,-0.007201918492219073,0.014983565564357478,14983.565564357477,0.007201918492219073,False,0.024,6.0,0.0
2021-05-05,0.0014852274732402916,0.015095659345217345,15095.659345217346,-0.0014852274732402916,False,0.024,6.0,0.0
2021-05-06,0.00867207779940351,0.014660234694183493,14660.234694183493,-0.00867207779940351,False,0.024,6.0,0.0
2021-05-07,0.005960685295834712,0.01504816274543846,15048.16274543846,-0.005960685295834712,False,0.024,6.0,0.0
2021-05-10,-0.012034533677665715,0.014979898914722758,14979.898914722758,0.012034533677665715,False,0.024,6.0,0.0
2021-05-11,-0.0037168486120356284,0.016061189548254577,16061.189548254577,0.0037168486120356284,False,0.024,6.0,0.0
2021-05-12,-0.019040480184391993,0.01571527946294763,15715.27946294763,0.019040480184391993,True,0.028,7.0,0.003325200721444363
2021-05-13,0.00481109837605067,0.018704904794582942,18704.90479458294,-0.00481109837605067,False,0.028,7.0,0.0
2021-05-14,0.01479458423248774,0.01834113123162468,18341.13123162468,-0.01479458423248774,False,0.028,7.0,0.0
2021-05-17,-6.21475238267174e-06,0.019679596191915893,19679.596191915894,6.21475238267174e-06,False,0.028,7.0,0.0
2021-05-18,-0.0005114733973386132,0.019080076740980945,19080.076740980945,0.0005114733973386132,False,0.028,7.0,0.0
2021-05-19,-0.0012383077602857284,0.018501116600506216,18501.116600506215,0.0012383077602857284,False,0.028,7.0,0.0
2021-05-20,0.009739470345892665,0.017951371938004217,17951.371938004217,-0.009739470345892665,False,0.028,7.0,0.0
2021-05-21,-0.002845058863701433,0.018267952954889585,18267.952954889584,0.002845058863701433,False,0.028,7.0,0.0
2021-05-24,0.008151681685754442,0.017785481948504975,17785.481948504974,-0.008151681685754442,False,0.028,7.0,0.0
2021-05-25,0.005478663649349258,0.01785836390386077,17858.36390386077,-0.005478663649349258,False,0.028,7.0,0.0
2021-05-26,0.0018794918040069943,0.01759353340313781,17593.533403137808,-0.0018794918040069943,False,0.028,7.0,0.0
2021-05-27,-0.0013322021128601815,0.017091153271415117,17091.153271415118,0.0013322021128601815,False,0.028,7.0,0.0
2021-05-28,0.002709292141592346,0.016587867812521726,16587.867812521727,-0.002709292141592346,False,0.028,7.0,0.0
2021-06-01,0.0026948001886573317,0.016156466230394677,16156.466230394677,-0.0026948001886573317,False,0.028,7.0,0.0
2021-06-02,0.002467654260183316,0.01573936373445504,15739.36373445504,-0.002467654260183316,False,0.028,7.0,0.0
2021-06-03,-0.009629238608030865,0.015324529393854211,15324.52939385421,0.009629238608030865,False,0.028,7.0,0.0
2021-06-04,0.011920888110626705,0.015838526013756543,15838.526013756544,-0.011920888110626705,False,0.028,7.0,0.0
2021-06-07,-0.0004114594005298233,0.016791415753273285,16791.415753273286,0.0004114594005298233,False,0.028,7.0,0.0
2021-06-08,-4.472140879383516e-05,0.01628156988947084,16281.56988947084,4.472140879383516e-05,False,0.028,7.0,0.0
2021-06-09,0.0005541860543671673,0.01578558825038022,15785.58825038022,-0.0005541860543671673,False,0.024,6.0,0.0
2021-06-10,0.00667487692340143,0.015307953337914649,15307.953337914649,-0.00667487692340143,False,0.024,6.0,0.0
2021-06-11,-0.0024045569866696375,0.015321250473685204,15321.250473685204,0.0024045569866696375,False,0.024,6.0,0.0
2021-06-14,0.00020283758499533024,0.014917564586997351,14917.56458699735,-0.00020283758499533024,False,0.024,6.0,0.0
2021-06-15,-0.004040169321902277,0.01446357732157043,14463.57732157043,0.004040169321902277,False,0.024,6.0,0.0
2021-06-16,-0.008119936011926464,0.014210688077164406,14210.688077164406,0.008119936011926464,False,0.024,6.0,0.0
2021-06-17,0.00042424597495556107,0.014533977418077805,14533.977418077806,-0.00042424597495556107,False,0.024,6.0,0.0
2021-06-18,-0.003007433387833647,0.014093287518831675,14093.287518831676,0.003007433387833647,False,0.024,6.0,0.0
2021-06-21,0.004055159064969339,0.013770999643226138,13770.999643226138,-0.004055159064969339,False,0.024,6.0,0.0
2021-06-22,0.0016654799906533626,0.013549970447321072,13549.970447321073,-0.0016654799906533626,False,0.024,6.0,0.0
2021-06-23,0.0004267880691329661,0.013171419650335869,13171.419650335869,-0.0004267880691329661,False,0.024,6.0,0.0
2021-06-24,0.004453899342201684,0.012772480723489755,12772.480723489754,-0.004453899342201684,False,0.024,6.0,0.0
2021-06-25,0.0007218966939426918,0.012640787325868008,12640.787325868008,-0.0007218966939426918,False,0.024,6.0,0.0
2021-06-28,0.0050599191836100624,0.012262599788299296,12262.599788299296,-0.0050599191836100624,False,0.024,6.0,0.0
2021-06-29,-0.0010792145223646802,0.012233668525851544,12233.668525851544,0.0010792145223646802,False,0.024,6.0,0.0
2021-06-30,0.00041721825251239675,0.011876913831677518,11876.913831677517,-0.00041721825251239675,False,0.024,6.0,0.0
2021-07-01,0.0007614253646986314,0.011517549239769812,11517.549239769813,-0.0007614253646986314,False,0.024,6.0,0.0
2021-07-02,0.006124264072698615,0.011175104601031943,11175.104601031942,-0.006124264072698615,False,0.024,6.0,0.0
2021-07-06,0.0003316942066927011,0.011382833304625554,11382.833304625554,-0.0003316942066927011,False,0.024,6.0,0.0
2021-07-07,0.0034390207543025355,0.011037684799624085,11037.684799624085,-0.0034390207543025355,False,0.024,6.0,0.0
2021-07-08,-0.006350924894675015,0.01087938421396863,10879.38421396863,0.006350924894675015,False,0.024,6.0,0.0
2021-07-09,0.004692674132049347,0.01115152106358706,11151.52106358706,-0.004692674132049347,False,0.024,6.0,0.0
2021-07-12,0.0011767963907725056,0.011137576855257854,11137.576855257854,-0.0011767963907725056,False,0.024,6.0,0.0
2021-07-13,-0.001765645258315285,0.010819083175197725,10819.083175197724,0.001765645258315285,False,0.024,6.0,0.0
2021-07-14,0.005937954159726423,0.010537632703414608,10537.632703414607,-0.005937954159726423,False,0.024,6.0,0.0
2021-07-15,0.0006358229029667982,0.01076235927863467,10762.35927863467,-0.0006358229029667982,False,0.024,6.0,0.0
2021-07-16,-0.007061628378822294,0.01044078286574471,10440.78286574471,0.007061628378822294,False,0.024,6.0,0.0
2021-07-19,-0.003329331215687525,0.010893195813089342,10893.195813089342,0.003329331215687525,False,0.024,6.0,0.0
2021-07-20,0.0036473079955820385,0.010730390641878461,10730.39064187846,-0.0036473079955820385,False,0.024,6.0,0.0
2021-07-21,0.0011725630850875303,0.010609072784214102,10609.072784214102,-0.0011725630850875303,False,0.024,6.0,0.0
2021-07-22,0.004398445914722249,0.010307556936518423,10307.556936518422,-0.004398445914722249,False,0.024,6.0,0.0
2021-07-23,-0.000535912950887507,0.010303057933785824,10303.057933785823,0.000535912950887507,False,0.024,6.0,0.0
2021-07-26,-0.004227461295777624,0.009993852173128615,9993.852173128615,0.004227461295777624,False,0.024,6.0,0.0
2021-07-27,-0.004685946822333964,0.009984365458556762,9984.365458556762,0.004685946822333964,False,0.024,6.0,0.0
2021-07-28,0.007137924674436481,0.010041732657642265,10041.732657642264,-0.007137924674436481,False,0.024,6.0,0.0
2021-07-29,0.0032997418722616302,0.010551320399838119,10551.32039983812,-0.0032997418722616302,False,0.024,6.0,0.0
2021-07-30,-0.00456958209495244,0.010401255649965371,10401.255649965371,0.00456958209495244,False,0.024,6.0,0.0
2021-08-02,0.0025674109749151295,0.01041514878212647,10415.14878212647,-0.0025674109749151295,False,0.024,6.0,0.0
2021-08-03,0.0036507511937057925,0.010203292949672956,10203.292949672956,-0.0036507511937057925,False,0.024,6.0,0.0
2021-08-04,0.0007983001075667407,0.010108834474331063,10108.834474331063,-0.0007983001075667407,False,0.024,6.0,0.0
2021-08-05,0.00042031397811035374,0.009811429910203163,9811.429910203164,-0.00042031397811035374,False,0.024,6.0,0.0
2021-08-06,-0.010564400048185641,0.009515548992729462,9515.548992729462,0.010564400048185641,True,0.028,7.0,0.0010488510554561795
2021-08-09,-0.003403007456833929,0.011016038477295381,11016.03847729538,0.003403007456833929,False,0.024,6.0,0.0
2021-08-10,-0.0013694791154382103,0.010855056473711832,10855.056473711831,0.0013694791154382103,False,0.024,6.0,0.0
2021-08-11,0.003324297281600686,0.010553260525219002,10553.260525219002,-0.003324297281600686,False,0.024,6.0,0.0
2021-08-12,-0.0007170770846160355,0.010405643878241526,10405.643878241526,0.0007170770846160355,False,0.024,6.0,0.0
2021-08-13,0.006588911802380993,0.010096917681593317,10096.917681593317,-0.006588911802380993,False,0.024,6.0,0.0
2021-08-16,0.0002229274890202637,0.010484651764267792,10484.651764267792,-0.0002229274890202637,False,0.024,6.0,0.0
2021-08-17,-0.007119797385031391,0.010166040745898886,10166.040745898885,0.007119797385031391,False,0.024,6.0,0.0
2021-08-18,-0.002968350763073935,0.010658691710551341,10658.691710551342,0.002968350763073935,False,0.024,6.0,0.0
2021-08-19,-0.0012501759497499652,0.010471500993331722,10471.500993331721,0.0012501759497499652,False,0.024,6.0,0.0
2021-08-20,0.003742536403041474,0.01017746044042084,10177.46044042084,-0.003742536403041474,False,0.024,6.0,0.0
2021-08-23,0.010083615106093527,0.01009524573650151,10095.24573650151,-0.010083615106093527,False,0.024,6.0,0.0
2021-08-24,0.0038154430763140293,0.011349704994462128,11349.704994462129,-0.0038154430763140293,False,0.024,6.0,0.0
2021-08-25,-0.002165808096800781,0.011216679937549377,11216.679937549377,0.002165808096800781,False,0.024,6.0,0.0
2021-08-26,-0.0035746389224065927,0.010944780340828257,10944.780340828258,0.0035746389224065927,False,0.024,6.0,0.0
2021-08-27,0.010571411888817873,0.010805097363269026,10805.097363269026,-0.010571411888817873,False,0.024,6.0,0.0
2021-08-30,0.0030850253334332666,0.012084428642606728,12084.428642606728,-0.0030850253334332666,False,0.024,6.0,0.0
2021-08-31,0.0013275021918899288,0.011847439995841862,11847.439995841862,-0.0013275021918899288,False,0.024,6.0,0.0
2021-09-01,0.0033415666524657,0.011511401086078064,11511.401086078064,-0.0033415666524657,False,0.02,5.0,0.0
2021-09-02,-4.08322795574233e-05,0.011321986947550993,11321.986947550993,4.08322795574233e-05,False,0.02,5.0,0.0
2021-09-03,0.0019462833550339955,0.010977098274183344,10977.098274183343,-0.0019462833550339955,False,0.02,5.0,0.0
2021-09-07,-0.0048687444134025044,0.010700322744318033,10700.322744318033,0.0048687444134025044,False,0.02,5.0,0.0
2021-09-08,-0.0029992510608695573,0.010738916305603769,10738.916305603769,0.0029992510608695573,False,0.02,5.0,0.0
2021-09-09,0.0013807274055684937,0.010551105536573778,10551.105536573777,-0.0013807274055684937,False,0.02,5.0,0.0
2021-09-10,-0.006098133057524069,0.010259888651749791,10259.888651749792,0.006098133057524069,False,0.02,5.0,0.0
2021-09-13,0.0027901618954543355,0.01053682100877243,10536.821008772431,-0.0027901618954543355,False,0.02,5.0,0.0
2021-09-14,0.0003924241406155772,0.01033881125402478,10338.81125402478,-0.0003924241406155772,False,0.02,5.0,0.0
2021-09-15,0.0012448055064502082,0.010026343395902087,10026.343395902088,-0.0012448055064502082,False,0.02,5.0,0.0
2021-09-16,-0.007885759341800825,0.009746746392308183,9746.746392308183,0.007885759341800825,False,0.02,5.0,0.0
2021-09-17,-0.006447256353502318,0.010463818887246679,10463.818887246678,0.006447256353502318,False,0.02,5.0,0.0
2021-09-20,-0.008930961953693696,0.010789783384641134,10789.783384641134,0.008930961953693696,False,0.02,5.0,0.0
2021-09-21,0.002699121928253656,0.011633318435100844,11633.318435100844,-0.002699121928253656,False,0.02,5.0,0.0
2021-09-22,0.006767043561895303,0.011383306863999314,11383.306863999314,-0.006767043561895303,False,0.02,5.0,0.0
2021-09-23,-0.0009843722925835909,0.011690785607512142,11690.785607512142,0.0009843722925835909,False,0.02,5.0,0.0
2021-09-24,-0.004068460161232412,0.011348508445710904,11348.508445710904,0.004068460161232412,False,0.02,5.0,0.0
2021-09-27,-0.001187649279069869,0.01124438106010963,11244.38106010963,0.001187649279069869,False,0.02,5.0,0.0
2021-09-28,-0.017331160394928637,0.01092281791642314,10922.81791642314,0.017331160394928637,True,0.024,6.0,0.0064083424785054965
2021-09-29,-0.0024084775116975264,0.014480450008015828,14480.450008015829,0.0024084775116975264,False,0.024,6.0,0.0
2021-09-30,0.001989011985471678,0.014106240243496874,14106.240243496875,-0.001989011985471678,False,0.024,6.0,0.0
2021-10-01,0.005552350417544716,0.013723391527357081,13723.391527357082,-0.005552350417544716,False,0.024,6.0,0.0
2021-10-04,-0.00929105237193948,0.013676331842270758,13676.331842270758,0.00929105237193948,False,0.024,6.0,0.0
2021-10-05,0.0033296034181056204,0.014277604830615147,14277.604830615148,-0.0033296034181056204,False,0.024,6.0,0.0
2021-10-06,0.0026546067122323216,0.013972074273080549,13972.074273080549,-0.0026546067122323216,False,0.024,6.0,0.0
2021-10-07,0.004324798693684762,0.013630625979876002,13630.625979876002,-0.004324798693684762,False,0.024,6.0,0.0
2021-10-08,-0.0019260604670236605,0.013443203985005264,13443.203985005264,0.0019260604670236605,False,0.024,6.0,0.0
2021-10-11,-0.00426044326386883,0.013079799026096194,13079.799026096194,0.00426044326386883,False,0.024,6.0,0.0
2021-10-12,0.0021077960498692818,0.012911633285993864,12911.633285993865,-0.0021077960498692818,False,0.024,6.0,0.0
2021-10-13,0.010599687208519405,0.012575782158570227,12575.782158570228,-0.010599687208519405,False,0.024,6.0,0.0
2021-10-14,0.008905279651651865,0.01360676131117988,13606.76131117988,-0.008905279651651865,False,0.024,6.0,0.0
2021-10-15,0.0008556412981212125,0.014134582080017161,14134.58208001716,-0.0008556412981212125,False,0.024,6.0,0.0
2021-10-18,0.002544362807763445,0.013712656780168437,13712.656780168438,-0.002544362807763445,False,0.024,6.0,0.0
2021-10-19,0.0036039264386428685,0.013373737851825357,13373.737851825357,-0.0036039264386428685,False,0.024,6.0,0.0
2021-10-20,0.0008890807932516734,0.01312794447615139,13127.94447615139,-0.0008890807932516734,False,0.024,6.0,0.0
2021-10-21,2.980079656476074e-05,0.012738093470973816,12738.093470973816,-2.980079656476074e-05,False,0.024,6.0,0.0
2021-10-22,0.0011162660727272124,0.012350051503248466,12350.051503248465,-0.0011162660727272124,False,0.024,6.0,0.0
2021-10-25,0.005235450076052884,0.011990702867240332,11990.702867240332,-0.005235450076052884,False,0.024,6.0,0.0
2021-10-26,-4.855369621648013e-05,0.012002113114854012,12002.113114854012,4.855369621648013e-05,False,0.02,5.0,0.0
2021-10-27,0.0021276066982893085,0.01163651329086098,11636.513290860981,-0.0021276066982893085,False,0.02,5.0,0.0
2021-10-28,0.0036200919385626527,0.011346974035307945,11346.974035307945,-0.0036200919385626527,False,0.02,5.0,0.0
2021-10-29,-0.0026037609613680512,0.011193032854369836,11193.032854369836,0.0026037609613680512,False,0.02,5.0,0.0
2021-11-01,0.0022030329388935677,0.010953007112633193,10953.007112633193,-0.0022030329388935677,False,0.02,5.0,0.0
2021-11-02,0.0003100354829845389,0.01069327888592016,10693.278885920161,-0.0003100354829845389,False,0.02,5.0,0.0
2021-11-03,0.0005580971555678272,0.010369023708110733,10369.023708110733,-0.0005580971555678272,False,0.02,5.0,0.0
2021-11-04,0.007406944207279099,0.010058170452721612,10058.170452721612,-0.007406944207279099,False,0.02,5.0,0.0
2021-11-05,0.006253080152454648,0.010625982001438385,10625.982001438386,-0.006253080152454648,False,0.02,5.0,0.0
2021-11-08,0.0020891160351013574,0.01090107502192276,10901.07502192276,-0.0020891160351013574,False,0.02,5.0,0.0
2021-11-09,0.0007732075640606961,0.010635817441308487,10635.817441308487,-0.0007732075640606961,False,0.02,5.0,0.0
2021-11-10,-0.006853676182752011,0.010321216300943889,10321.216300943888,0.006853676182752011,False,0.02,5.0,0.0
2021-11-11,0.00489506305338292,0.01074190815137732,10741.90815137732,-0.00489506305338292,False,0.02,5.0,0.0
2021-11-12,0.0036543156459823757,0.010781741417734903,10781.741417734904,-0.0036543156459823757,False,0.02,5.0,0.0
2021-11-15,-0.0034518467026192217,0.010658678380996277,10658.678380996278,0.0034518467026192217,False,0.02,5.0,0.0
2021-11-16,0.0005304484051833703,0.010519506758263018,10519.506758263018,-0.0005304484051833703,False,0.02,5.0,0.0
2021-11-17,0.0019918500126056005,0.010203518391438878,10203.518391438878,-0.0019918500126056005,False,0.02,5.0,0.0
2021-11-18,0.00042124988216982775,0.009957578565751366,9957.578565751366,-0.00042124988216982775,False,0.02,5.0,0.0
2021-11-19,0.001026044669495385,0.009657214378621921,9657.21437862192,-0.001026044669495385,False,0.02,5.0,0.0
2021-11-22,-0.011324900038439225,0.009381254192739743,9381.254192739743,0.011324900038439225,True,0.024,6.0,0.0019436458456994817
2021-11-23,-0.005466828830939941,0.01115226763424846,11152.26763424846,0.005466828830939941,False,0.024,6.0,0.0
2021-11-24,0.003920437016615197,0.01125233985512264,11252.33985512264,-0.003920437016615197,False,0.024,6.0,0.0
2021-11-26,-0.010229268041428942,0.011135934435722097,11135.934435722098,0.010229268041428942,False,0.024,6.0,0.0
2021-11-29,0.005690743483185767,0.012269713025049742,12269.713025049741,-0.005690743483185767,False,0.024,6.0,0.0
2021-11-30,-0.005337295083431194,0.012329996589652123,12329.996589652123,0.005337295083431194,False,0.024,6.0,0.0
2021-12-01,-0.002855628566441859,0.012335198167813146,12335.198167813145,0.002855628566441859,False,0.024,6.0,0.0
2021-12-02,0.006094915386007216,0.012069614814895383,12069.614814895383,-0.006094915386007216,False,0.024,6.0,0.0
2021-12-03,-0.00397077096914571,0.012206454310827456,12206.454310827456,0.00397077096914571,False,0.024,6.0,0.0
2021-12-06,0.0022857864884240136,0.012048960236226964,12048.960236226963,-0.0022857864884240136,False,0.024,6.0,0.0
2021-12-07,0.012417931620704413,0.011754291412986392,11754.291412986391,-0.012417931620704413,False,0.024,6.0,0.0
2021-12-08,-0.0011258446134674526,0.013414396886388728,13414.396886388728,0.0011258446134674526,False,0.024,6.0,0.0
2021-12-09,-0.005351450006938508,0.01302155383356673,13021.55383356673,0.005351450006938508,False,0.024,6.0,0.0
2021-12-10,0.004578095374577851,0.01298793162618934,12987.93162618934,-0.004578095374577851,False,0.024,6.0,0.0
2021-12-13,-0.004372707771393802,0.012859659625943803,12859.659625943803,0.004372707771393802,False,0.024,6.0,0.0
2021-12-14,-0.006243737554756046,0.012714452657827516,12714.452657827516,0.006243737554756046,False,0.024,6.0,0.0
2021-12-15,0.006041023779900412,0.012830299666918123,12830.299666918123,-0.006041023779900412,False,0.024,6.0,0.0
2021-12-16,-0.004161304641995534,0.012906962632701849,12906.962632701849,0.004161304641995534,False,0.024,6.0,0.0
2021-12-17,-0.002279892702647124,0.01273645136411264,12736.45136411264,0.002279892702647124,False,0.024,6.0,0.0
2021-12-20,-0.009401498111877094,0.012416601564001466,12416.601564001467,0.009401498111877094,False,0.024,6.0,0.0
2021-12-21,0.010555302556129931,0.013176589861522195,13176.589861522194,-0.010555302556129931,False,0.024,6.0,0.0
2021-12-22,0.008194520876850043,0.014120302805650707,14120.302805650706,-0.008194520876850043,False,0.024,6.0,0.0
2021-12-23,0.002499153031865342,0.014464596533868218,14464.596533868218,-0.002499153031865342,False,0.024,6.0,0.0
2021-12-27,0.007997038259545165,0.014096069141724508,14096.069141724509,-0.007997038259545165,False,0.024,6.0,0.0
2021-12-28,-0.003398794006014838,0.014406370303285317,14406.370303285317,0.003398794006014838,False,0.024,6.0,0.0
2021-12-29,-0.002920211433138409,0.014101131959795215,14101.131959795215,0.002920211433138409,False,0.024,6.0,0.0
2021-12-30,0.004253263776208782,0.01377245245976101,13772.452459761009,-0.004253263776208782,False,0.024,6.0,0.0
2021-12-31,-0.0009723853200912959,0.013571063784311202,13571.063784311202,0.0009723853200912959,False,0.024,6.0,0.0
2022-01-03,-0.003810351814762214,0.013169296619737283,13169.296619737283,0.003810351814762214,False,0.024,6.0,0.0
2022-01-04,-0.002710454526899131,0.01295140909854912,12951.40909854912,0.002710454526899131,False,0.024,6.0,0.0
2022-01-05,-0.014935001902750544,0.012651489533805536,12651.489533805536,0.014935001902750544,True,0.028,7.0,0.002283512368945008
2022-01-06,-0.0013471452609751468,0.014929345254221432,14929.345254221433,0.0013471452609751468,False,0.028,7.0,0.0
2022-01-07,-0.0016684155519550272,0.014494879068566634,14494.879068566634,0.0016684155519550272,False,0.028,7.0,0.0
2022-01-10,0.0009828084365664847,0.014085428797678977,14085.428797678976,-0.0009828084365664847,False,0.028,7.0,0.0
2022-01-11,0.013193992560799783,0.01366780857026414,13667.80857026414,-0.013193992560799783,False,0.028,7.0,0.0
2022-01-12,0.004414716906378758,0.015235717051997208,15235.717051997208,-0.004414716906378758,False,0.028,7.0,0.0
2022-01-13,-0.009494096362971938,0.014984259401540228,14984.259401540228,0.009494096362971938,False,0.028,7.0,0.0
2022-01-14,-0.002351289169142379,0.015502430288327861,15502.430288327861,0.002351289169142379,False,0.028,7.0,0.0
2022-01-18,-0.01521787652207438,0.0150897655178643,15089.7655178643,0.01521787652207438,True,0.032,8.0,0.0001281110042100804
2022-01-19,0.001140589793711588,0.01700698020054596,17006.98020054596,-0.001140589793711588,False,0.032,8.0,0.0
2022-01-20,-0.0029042725694160775,0.01650168378240428,16501.68378240428,0.0029042725694160775,False,0.032,8.0,0.0
2022-01-21,-0.010639159007998967,0.016084344193980575,16084.344193980574,0.010639159007998967,False,0.032,8.0,0.0
2022-01-24,-0.0015956772690565836,0.016731367360189917,16731.367360189917,0.0015956772690565836,False,0.028,7.0,0.0
2022-01-25,-0.007134139673948492,0.016247126388686257,16247.126388686258,0.007134139673948492,False,0.028,7.0,0.0
2022-01-26,-0.008996878226794715,0.016268299821350952,16268.299821350953,0.008996878226794715,False,0.028,7.0,0.0
2022-01-27,-0.004219164585266544,0.016584983815142822,16584.983815142823,0.004219164585266544,False,0.028,7.0,0.0
2022-01-28,0.011691544273565958,0.016258484812851373,16258.484812851373,-0.011691544273565958,False,0.028,7.0,0.0
2022-01-31,0.016704035971448032,0.01711326551239262,17113.26551239262,-0.016704035971448032,False,0.028,7.0,0.0
2022-02-01,0.0034432920108050658,0.0191283871913313,19128.3871913313,-0.0034432920108050658,False,0.028,7.0,0.0
2022-02-02,0.004644828856522221,0.01864916551364583,18649.16551364583,-0.004644828856522221,False,0.028,7.0,0.0
2022-02-03,-0.016775033226556137,0.018273735409224837,18273.73540922484,0.016775033226556137,False,0.028,7.0,0.0
2022-02-04,0.0013178140964130948,0.020131284905667783,20131.284905667784,-0.0013178140964130948,False,0.028,7.0,0.0
2022-02-07,-0.0010516407824044506,0.019532445387764726,19532.445387764725,0.0010516407824044506,False,0.028,7.0,0.0
2022-02-08,0.00510242372069818,0.018946887712620094,18946.887712620093,-0.00510242372069818,False,0.028,7.0,0.0
2022-02-09,0.01136249888742107,0.01859836854852975,18598.36854852975,-0.01136249888742107,False,0.028,7.0,0.0
2022-02-10,-0.01338271940694793,0.019159017724219112,19159.017724219113,0.01338271940694793,False,0.028,7.0,0.0
2022-02-11,-0.006543670738432517,0.020079820317849478,20079.820317849477,0.006543670738432517,False,0.028,7.0,0.0
2022-02-14,-0.003219803950698852,0.019821991598340166,19821.991598340166,0.003219803950698852,False,0.028,7.0,0.0
2022-02-15,0.008368195397019076,0.019305517892176088,19305.51789217609,-0.008368195397019076,False,0.028,7.0,0.0
2022-02-16,0.004872476055345132,0.01931526506167763,19315.26506167763,-0.004872476055345132,False,0.028,7.0,0.0
2022-02-17,-0.008329630611200334,0.01893155384851211,18931.55384851211,0.008329630611200334,False,0.028,7.0,0.0
2022-02-18,-0.003608764847514201,0.01895861369119436,18958.61369119436,0.003608764847514201,False,0.028,7.0,0.0
2022-02-22,-0.006048821399978998,0.01849573185453522,18495.73185453522,0.006048821399978998,False,0.024,6.0,0.0
2022-02-23,-0.012857593674186997,0.018260538674131212,18260.538674131214,0.012857593674186997,False,0.024,6.0,0.0
2022-02-24,0.004443405350110874,0.01916041120666379,19160.41120666379,-0.004443405350110874,False,0.024,6.0,0.0
2022-02-25,0.010694020217677536,0.018748471255615254,18748.471255615255,-0.010694020217677536,False,0.024,6.0,0.0
2022-02-28,0.003921974146151497,0.019171588103972216,19171.588103972215,-0.003921974146151497,False,0.024,6.0,0.0
2022-03-01,-0.0028166761851803556,0.018721418483544253,18721.418483544254,0.0028166761851803556,False,0.024,6.0,0.0
2022-03-02,-0.0015356149253534345,0.018221915069298922,18221.915069298924,0.0015356149253534345,False,0.024,6.0,0.0
2022-03-03,-0.0034393614959854044,0.01768845977032868,17688.459770328678,0.0034393614959854044,False,0.024,6.0,0.0
2022-03-04,-0.001925095309565994,0.01726122295306297,17261.22295306297,0.001925095309565994,False,0.024,6.0,0.0
2022-03-07,-0.019310974896339816,0.01677129139324899,16771.29139324899,0.019310974896339816,True,0.028,7.0,0.002539683503090827
2022-03-08,0.0016658375275493632,0.01963389501297767,19633.895012977668,-0.0016658375275493632,False,0.028,7.0,0.0
2022-03-09,0.01032226303912307,0.01905942099234718,19059.42099234718,-0.01032226303912307,False,0.028,7.0,0.0
2022-03-10,-0.009119620171434263,0.01939236422749787,19392.36422749787,0.009119620171434263,False,0.028,7.0,0.0
2022-03-11,-0.011612685393561329,0.01950655217225362,19506.55217225362,0.011612685393561329,False,0.028,7.0,0.0
2022-03-14,-0.01782612568591486,0.020036574800103443,20036.574800103444,0.01782612568591486,False,0.028,7.0,0.0
2022-03-15,0.006869988013316531,0.021921701059379833,21921.701059379833,-0.006869988013316531,False,0.028,7.0,0.0
2022-03-16,0.03117174509089251,0.021611403092665172,21611.403092665172,-0.03117174509089251,False,0.028,7.0,0.0
2022-03-17,0.003387034073172246,0.02746901171185944,27469.011711859443,-0.003387034073172246,False,0.028,7.0,0.0
2022-03-18,0.00983094737550676,0.026702039683790105,26702.039683790106,-0.00983094737550676,False,0.028,7.0,0.0
2022-03-21,-0.006804042390761267,0.026487766241034803,26487.766241034802,0.006804042390761267,False,0.028,7.0,0.0
2022-03-22,0.0058857732955148075,0.02597187462726691,25971.874627266912,-0.0058857732955148075,False,0.028,7.0,0.0
2022-03-23,0.00034531591084594496,0.025403047306225644,25403.047306225642,-0.00034531591084594496,False,0.028,7.0,0.0
2022-03-24,0.00840838970993385,0.024629954193073032,24629.954193073034,-0.00840838970993385,False,0.028,7.0,0.0
2022-03-25,-0.00436935691922622,0.024355577421136542,24355.577421136542,0.00436935691922622,False,0.028,7.0,0.0
2022-03-28,0.0032521941741812557,0.023744508878986707,23744.508878986708,-0.0032521941741812557,False,0.028,7.0,0.0
2022-03-29,0.010923058011013254,0.023095627736829903,23095.6277368299,-0.010923058011013254,False,0.028,7.0,0.0
2022-03-30,-0.0008415176152105408,0.0232410448277407,23241.0448277407,0.0008415176152105408,False,0.028,7.0,0.0
2022-03-31,-0.008004509564859031,0.022538130832043684,22538.130832043684,0.008004509564859031,False,0.028,7.0,0.0
2022-04-01,0.002996496619117339,0.022322509070761977,22322.50907076198,-0.002996496619117339,False,0.028,7.0,0.0
2022-04-04,0.008939875975524925,0.021709729338379603,21709.729338379602,-0.008939875975524925,False,0.028,7.0,0.0
2022-04-05,-0.016420829113842683,0.02165606548170003,21656.06548170003,0.016420829113842683,False,0.028,7.0,0.0
2022-04-06,-0.010109552693392887,0.022987018793192836,22987.018793192834,0.010109552693392887,False,0.028,7.0,0.0
2022-04-07,-0.0008572784756324614,0.023019243686199346,23019.243686199345,0.0008572784756324614,False,0.028,7.0,0.0
2022-04-08,-0.004065393906187542,0.022323330525082792,22323.33052508279,0.004065393906187542,False,0.028,7.0,0.0
2022-04-11,-0.012815776681298874,0.021766899232446985,21766.899232446984,0.012815776681298874,False,0.028,7.0,0.0
2022-04-12,-0.0009576512786396485,0.02233164441424179,22331.644414241793,0.0009576512786396485,False,0.028,7.0,0.0
2022-04-13,0.010342993048924142,0.021658208497111114,21658.208497111114,-0.010342993048924142,False,0.028,7.0,0.0
2022-04-14,-0.014322236165856062,0.02180986871734333,21809.86871734333,0.014322236165856062,False,0.028,7.0,0.0
2022-04-18,-0.0008166774519639874,0.02266577843825312,22665.778438253117,0.0008166774519639874,False,0.028,7.0,0.0
2022-04-19,0.0021798429497303035,0.02198021458436957,21980.214584369573,-0.0021798429497303035,False,0.028,7.0,0.0
2022-04-20,0.0007531697385821934,0.021346779384111468,21346.77938411147,-0.0007531697385821934,False,0.028,7.0,0.0
2022-04-21,-0.013173252386647506,0.020700920009873187,20700.920009873185,0.013173252386647506,False,0.028,7.0,0.0
2022-04-22,-0.015705612591435505,0.021428146280532467,21428.146280532466,0.015705612591435505,False,0.028,7.0,0.0
2022-04-25,0.0006717818941358142,0.02262103962243114,22621.03962243114,-0.0006717818941358142,False,0.028,7.0,0.0
2022-04-26,-0.015396424129730569,0.02193525217339542,21935.25217339542,0.015396424129730569,False,0.028,7.0,0.0
2022-04-27,-0.001420935236227239,0.023005636371518753,23005.636371518754,0.001420935236227239,False,0.028,7.0,0.0
2022-04-28,0.016415196157233677,0.022319483908670706,22319.483908670707,-0.016415196157233677,False,0.028,7.0,0.0
2022-04-29,-0.01829778755773699,0.02357470489962493,23574.70489962493,0.01829778755773699,False,0.028,7.0,0.0
2022-05-02,-0.0029148730026891554,0.025122455607958054,25122.455607958054,0.0029148730026891554,False,0.028,7.0,0.0
2022-05-03,0.004473618051440287,0.024413693573400386,24413.693573400386,-0.004473618051440287,False,0.028,7.0,0.0
2022-05-04,0.018077532964747345,0.023806833186836428,23806.83318683643,-0.018077532964747345,False,0.028,7.0,0.0
2022-05-05,-0.03080318652216927,0.025275974841513962,25275.974841513962,0.03080318652216927,True,0.032,8.0,0.005527211680655307
2022-05-06,-0.008952779942888744,0.03014369790169291,30143.697901692907,0.008952779942888744,False,0.032,8.0,0.0
2022-05-09,-0.021131253548192588,0.02966733066515976,29667.33066515976,0.021131253548192588,False,0.028,7.0,0.0
2022-05-10,0.003972688526211954,0.03118229996953083,31182.29996953083,-0.003972688526211954,False,0.028,7.0,0.0
2022-05-11,-0.005023053933261523,0.030316998451353154,30316.998451353153,0.005023053933261523,False,0.028,7.0,0.0
2022-05-12,-0.005432585330748197,0.02953245748141957,29532.45748141957,0.005432585330748197,False,0.028,7.0,0.0
2022-05-13,0.013148401505710727,0.028799641512020257,28799.64151202026,-0.013148401505710727,False,0.028,7.0,0.0
2022-05-16,-0.0022193572366973947,0.02891004736713924,28910.04736713924,0.0022193572366973947,False,0.028,7.0,0.0
2022-05-17,0.010531232899564237,0.02805784704354076,28057.84704354076,-0.010531232899564237,False,0.028,7.0,0.0
2022-05-18,-0.018302436570460334,0.027857156872675315,27857.156872675314,0.018302436570460334,False,0.028,7.0,0.0
2022-05-19,0.004295680209268871,0.02895224061530689,28952.240615306888,-0.004295680209268871,False,0.028,7.0,0.0
2022-05-20,0.0027051843127951173,0.028176767043279934,28176.767043279935,-0.0027051843127951173,False,0.028,7.0,0.0
2022-05-23,0.006213812150775033,0.027361846625457195,27361.846625457194,-0.006213812150775033,False,0.028,7.0,0.0
2022-05-24,-0.0038024118638136485,0.026763558823518285,26763.558823518284,0.0038024118638136485,False,0.028,7.0,0.0
2022-05-25,0.005132947758916551,0.026038540959987536,26038.540959987535,-0.005132947758916551,False,0.028,7.0,0.0
2022-05-26,0.011390231573097421,0.025414180272878235,25414.180272878235,-0.011390231573097421,False,0.028,7.0,0.0
2022-05-27,0.01433950366870902,0.02548048712515738,25480.487125157382,-0.01433950366870902,False,0.028,7.0,0.0
2022-05-31,-0.005057693702583,0.026020529934017787,26020.529934017788,0.005057693702583,False,0.028,7.0,0.0
2022-06-01,-0.003458783054380477,0.02539193102498305,25391.93102498305,0.003458783054380477,False,0.028,7.0,0.0
2022-06-02,0.015299144882297756,0.02469716096255963,24697.16096255963,-0.015299144882297756,False,0.028,7.0,0.0
2022-06-03,-0.014196999193002881,0.02548247436298439,25482.47436298439,0.014196999193002881,False,0.028,7.0,0.0
2022-06-06,-0.002208693655978977,0.02599697488445258,25996.97488445258,0.002208693655978977,False,0.028,7.0,0.0
2022-06-07,0.007717612323751189,0.02523640625394161,25236.40625394161,-0.007717612323751189,False,0.028,7.0,0.0
2022-06-08,-0.004494227878466362,0.024859687740766558,24859.687740766556,0.004494227878466362,False,0.028,7.0,0.0
2022-06-09,-0.014816697418314553,0.024238036720534296,24238.036720534295,0.014816697418314553,False,0.028,7.0,0.0
2022-06-10,-0.013623255074092544,0.024970369203707682,24970.369203707683,0.013623255074092544,False,0.028,7.0,0.0
2022-06-13,-0.03545334917852734,0.02542386254800357,25423.86254800357,0.03545334917852734,True,0.032,8.0,0.01002948663052377
2022-06-14,-0.0015914532691622353,0.0318706134929855,31870.6134929855,0.0015914532691622353,False,0.032,8.0,0.0
2022-06-15,0.01682141471253762,0.030913011080918498,30913.0110809185,-0.01682141471253762,False,0.032,8.0,0.0
2022-06-16,-0.016984059545727927,0.03146678209542525,31466.78209542525,0.016984059545727927,False,0.032,8.0,0.0
2022-06-17,0.0026221476703998992,0.032006487124089135,32006.487124089133,-0.0026221476703998992,False,0.032,8.0,0.0
2022-06-21,0.009169397931646285,0.03106739327959541,31067.39327959541,-0.009169397931646285,False,0.032,8.0,0.0
2022-06-22,0.002070453641075698,0.030570789641520234,30570.789641520234,-0.002070453641075698,False,0.032,8.0,0.0
2022-06-23,0.005962430507833516,0.029662952719473275,29662.952719473276,-0.005962430507833516,False,0.032,8.0,0.0
2022-06-24,0.01497760599168543,0.028959300346499215,28959.300346499214,-0.01497760599168543,False,0.032,8.0,0.0
2022-06-27,-0.003913518640973645,0.02934561637467581,29345.61637467581,0.003913518640973645,False,0.032,8.0,0.0
2022-06-28,-0.010806038775153804,0.028538894199805678,28538.894199805676,0.010806038775153804,False,0.032,8.0,0.0
2022-06-29,0.0021978339433682105,0.028346381460413232,28346.38146041323,-0.0021978339433682105,False,0.032,8.0,0.0
2022-06-30,-0.004507719472910487,0.027511358060254683,27511.358060254683,0.004507719472910487,False,0.032,8.0,0.0
2022-07-01,0.004075707365861647,0.026796648365588507,26796.648365588506,-0.004075707365861647,False,0.032,8.0,0.0
2022-07-05,-0.00042473966200111705,0.026083916257457092,26083.91625745709,0.00042473966200111705,False,0.032,8.0,0.0
2022-07-06,-0.005782701640752341,0.025290453251362786,25290.453251362786,0.005782701640752341,False,0.032,8.0,0.0
2022-07-07,0.009646480731565422,0.024740430708584796,24740.430708584794,-0.009646480731565422,False,0.032,8.0,0.0
2022-07-08,-0.0020424696052289805,0.024608528484158034,24608.528484158032,0.0020424696052289805,False,0.032,8.0,0.0
2022-07-11,-0.009518796200013791,0.023887224533000545,23887.224533000546,0.009518796200013791,False,0.032,8.0,0.0
2022-07-12,-0.004031113378353469,0.023786235798847113,23786.235798847112,0.004031113378353469,False,0.032,8.0,0.0
2022-07-13,0.0013251630610075838,0.023175730175620683,23175.730175620683,-0.0013251630610075838,False,0.032,8.0,0.0
2022-07-14,-0.0060176641431398895,0.02248238903616815,22482.38903616815,0.0060176641431398895,False,0.032,8.0,0.0
2022-07-15,0.009213605873166131,0.02206556073432411,22065.56073432411,-0.009213605873166131,False,0.032,8.0,0.0
2022-07-18,-0.0038410391857725216,0.022028180780919327,22028.180780919327,0.0038410391857725216,False,0.032,8.0,0.0
2022-07-19,0.014243517198596246,0.021468977463082316,21468.977463082316,-0.014243517198596246,False,0.032,8.0,0.0
2022-07-20,0.0022305123888566314,0.02234142256186409,22341.42256186409,-0.0022305123888566314,False,0.032,8.0,0.0
2022-07-21,0.013470997881598825,0.0216980718749392,21698.0718749392,-0.013470997881598825,False,0.032,8.0,0.0
2022-07-22,-0.0035104074506782106,0.02239381640228687,22393.81640228687,0.0035104074506782106,False,0.032,8.0,0.0
2022-07-25,-0.0026904662045711845,0.021803565441097055,21803.565441097056,0.0026904662045711845,False,0.032,8.0,0.0
2022-07-26,-0.007947033130807957,0.02119486289307372,21194.86289307372,0.007947033130807957,False,0.032,8.0,0.0
2022-07-27,0.018278308555673098,0.02104224989891835,21042.249898918348,-0.018278308555673098,False,0.032,8.0,0.0
2022-07-28,0.009343723146244499,0.022906231115074404,22906.231115074403,-0.009343723146244499,False,0.032,8.0,0.0
2022-07-29,0.005635453977239391,0.02283775115332179,22837.751153321788,-0.005635453977239391,False,0.032,8.0,0.0
2022-08-01,0.0035357843393407865,0.0223736781190844,22373.6781190844,-0.0035357843393407865,False,0.032,8.0,0.0
2022-08-02,-0.008294533592343778,0.0217854557005056,21785.4557005056,0.008294533592343778,False,0.032,8.0,0.0
2022-08-03,0.013787434542136223,0.02164416281891241,21644.162818912413,-0.013787434542136223,False,0.032,8.0,0.0
2022-08-04,0.005450306445694597,0.022407309209842966,22407.309209842966,-0.005450306445694597,False,0.028,7.0,0.0
2022-08-05,-0.008781851843207213,0.021945572400423347,21945.57240042335,0.008781851843207213,False,0.028,7.0,0.0
2022-08-08,0.004293325131243653,0.02185758166711121,21857.58166711121,-0.004293325131243653,False,0.028,7.0,0.0
2022-08-09,-0.003971375566898305,0.021332462916455446,21332.462916455446,0.003971375566898305,False,0.028,7.0,0.0
2022-08-10,0.010476819164525787,0.020806029472025454,20806.029472025453,-0.010476819164525787,False,0.028,7.0,0.0
2022-08-11,-0.005533886964799817,0.021037090981850803,21037.090981850804,0.005533886964799817,False,0.028,7.0,0.0
2022-08-12,0.013264795799811635,0.020638547565073412,20638.54756507341,-0.013264795799811635,False,0.028,7.0,0.0
2022-08-15,-0.0012317121790713424,0.021389894751157264,21389.894751157266,0.0012317121790713424,False,0.028,7.0,0.0
2022-08-16,0.00035597424682973775,0.020750146253840977,20750.146253840976,-0.00035597424682973775,False,0.028,7.0,0.0
2022-08-17,-0.007914324652884242,0.020119035820331505,20119.035820331505,0.007914324652884242,False,0.028,7.0,0.0
2022-08-18,-0.00029534641029891327,0.020020689423755043,20020.689423755044,0.00029534641029891327,False,0.028,7.0,0.0
2022-08-19,-0.013991083685368898,0.01941150816690193,19411.50816690193,0.013991083685368898,False,0.028,7.0,0.0
2022-08-22,-0.01318403480554038,0.020439204673889693,20439.204673889693,0.01318403480554038,False,0.028,7.0,0.0
2022-08-23,0.0007101447008614813,0.021192846756877798,21192.8467568778,-0.0007101447008614813,False,0.028,7.0,0.0
2022-08-24,0.0002954891383724513,0.020551211724062626,20551.211724062625,-0.0002954891383724513,False,0.028,7.0,0.0
2022-08-25,0.014086720982338362,0.019925850474238855,19925.850474238854,-0.014086720982338362,False,0.028,7.0,0.0
2022-08-26,-0.018845463091126804,0.020920132224448173,20920.132224448174,0.018845463091126804,False,0.028,7.0,0.0
2022-08-29,-0.006074173006489692,0.022950280065232063,22950.280065232062,0.006074173006489692,False,0.028,7.0,0.0
2022-08-30,-0.007958267641349192,0.02251872403271306,22518.724032713057,0.007958267641349192,False,0.028,7.0,0.0
2022-08-31,-0.005429194150353434,0.02229871698543306,22298.71698543306,0.005429194150353434,False,0.028,7.0,0.0
2022-09-01,-0.0062774891827538605,0.02183964562170519,21839.64562170519,0.0062774891827538605,False,0.028,7.0,0.0
2022-09-02,-0.003882711123824789,0.021474353610514214,21474.353610514212,0.003882711123824789,False,0.028,7.0,0.0
2022-09-06,-0.010686312033050972,0.020937387478824024,20937.387478824025,0.010686312033050972,False,0.028,7.0,0.0
2022-09-07,0.014605573861975609,0.021193233714534233,21193.23371453423,-0.014605573861975609,False,0.028,7.0,0.0
2022-09-08,-0.0019948420066644213,0.022169185605544105,22169.185605544106,0.0019948420066644213,False,0.028,7.0,0.0
2022-09-09,0.011946853452175122,0.021523860871298355,21523.860871298355,-0.011946853452175122,False,0.028,7.0,0.0
2022-09-12,0.006871302296493908,0.021950523884539757,21950.523884539758,-0.006871302296493908,False,0.028,7.0,0.0
2022-09-13,-0.027965401172951033,0.021639021653622696,21639.021653622694,0.027965401172951033,True,0.032,8.0,0.006326379519328337
2022-09-14,0.003258231531945599,0.026345762116761238,26345.762116761238,-0.003258231531945599,False,0.032,8.0,0.0
2022-09-15,-0.011593973886520392,0.025610552795884752,25610.552795884752,0.011593973886520392,False,0.032,8.0,0.0
2022-09-16,-0.005141370958954417,0.025694249851784444,25694.249851784443,0.005141370958954417,False,0.032,8.0,0.0
2022-09-19,0.004364461204301362,0.025083185384526974,25083.185384526972,-0.004364461204301362,False,0.032,8.0,0.0
2022-09-20,-0.00813309466151575,0.02444588989936216,24445.88989936216,0.00813309466151575,False,0.032,8.0,0.0
2022-09-21,-0.006132969047752491,0.02415003830504346,24150.03830504346,0.006132969047752491,False,0.032,8.0,0.0
2022-09-22,-0.010337855091646154,0.023673707877901736,23673.707877901736,0.010337855091646154,False,0.032,8.0,0.0
2022-09-23,-0.014179298524305085,0.02369642025046365,23696.42025046365,0.014179298524305085,False,0.032,8.0,0.0
2022-09-26,-0.011400678879796256,0.024353923897144424,24353.923897144425,0.011400678879796256,False,0.028,7.0,0.0
2022-09-27,-0.005511677556988115,0.024489418263183585,24489.418263183587,0.005511677556988115,False,0.028,7.0,0.0
2022-09-28,0.02051388939613279,0.02395019944832966,23950.19944832966,-0.02051388939613279,False,0.028,7.0,0.0
2022-09-29,-0.015485369187734889,0.025996946441174448,25996.94644117445,0.015485369187734889,False,0.028,7.0,0.0
2022-09-30,-0.009795897817770216,0.026704980864554233,26704.980864554233,0.009795897817770216,False,0.028,7.0,0.0
2022-10-03,0.02128061501883547,0.02648633687116144,26486.336871161442,-0.02128061501883547,False,0.028,7.0,0.0
2022-10-04,0.02133692365765476,0.028398693541739583,28398.693541739583,-0.02133692365765476,False,0.028,7.0,0.0
2022-10-05,-0.003482607024848661,0.030098624397180453,30098.624397180454,0.003482607024848661,False,0.028,7.0,0.0
2022-10-06,-0.006176004598006712,0.02924910025363364,29249.10025363364,0.006176004598006712,False,0.028,7.0,0.0
2022-10-07,-0.02150827927459491,0.028575598641396156,28575.598641396155,0.02150827927459491,False,0.028,7.0,0.0
2022-10-10,-0.012480946611245925,0.03029497421486842,30294.97421486842,0.012480946611245925,False,0.028,7.0,0.0
2022-10-11,-0.006727006684982917,0.030220858536754,30220.858536754,0.006727006684982917,False,0.028,7.0,0.0
2022-10-12,0.0015542316418942106,0.029549897073296964,29549.897073296965,-0.0015542316418942106,False,0.028,7.0,0.0
2022-10-13,0.007248233897972688,0.028663374226349663,28663.374226349664,-0.007248233897972688,False,0.028,7.0,0.0
2022-10-14,-0.017705630515526653,0.02809542895862093,28095.42895862093,0.017705630515526653,False,0.028,7.0,0.0
2022-10-17,0.016840499329294812,0.02904799850847431,29047.99850847431,-0.016840499329294812,False,0.028,7.0,0.0
2022-10-18,0.00488751400982026,0.029753127986708917,29753.127986708918,-0.00488751400982026,False,0.028,7.0,0.0
2022-10-19,-0.012107900421371755,0.02898086265782975,28980.862657829748,0.012107900421371755,False,0.028,7.0,0.0
2022-10-20,-0.005157881697005018,0.02893268750954293,28932.68750954293,0.005157881697005018,False,0.028,7.0,0.0
2022-10-21,0.012562079370525248,0.028204839677677826,28204.839677677825,-0.012562079370525248,False,0.028,7.0,0.0
2022-10-24,-0.005252579474432517,0.0282670110651386,28267.011065138602,0.005252579474432517,False,0.028,7.0,0.0
2022-10-25,0.015259394895258627,0.02756884467946484,27568.84467946484,-0.015259394895258627,False,0.028,7.0,0.0
2022-10-26,0.0015020209276453088,0.028107792879778635,28107.792879778634,-0.0015020209276453088,False,0.028,7.0,0.0
2022-10-27,-0.004477864530816399,0.02726495397173863,27264.95397173863,0.004477864530816399,False,0.028,7.0,0.0
2022-10-28,0.006243979694579061,0.026557220747071283,26557.220747071282,-0.006243979694579061,False,0.028,7.0,0.0
2022-10-31,-0.007411410661352202,0.025992855148652835,25992.855148652834,0.007411410661352202,False,0.028,7.0,0.0
2022-11-01,0.00467638382522757,0.025552436423933702,25552.4364239337,-0.00467638382522757,False,0.028,7.0,0.0
2022-11-02,-0.015802918162017267,0.024916910099300506,24916.910099300505,0.015802918162017267,False,0.028,7.0,0.0
2022-11-03,-0.006648563656593521,0.02578163551433479,25781.63551433479,0.006648563656593521,False,0.028,7.0,0.0
2022-11-04,0.017340119421577076,0.025281705117346995,25281.705117346995,-0.017340119421577076,False,0.028,7.0,0.0
2022-11-07,0.0014347279562353153,0.026428196267491603,26428.196267491603,-0.0014347279562353153,False,0.028,7.0,0.0
2022-11-08,0.010779084847522791,0.025636126647238078,25636.126647238078,-0.010779084847522791,False,0.028,7.0,0.0
2022-11-09,-0.01253577953070977,0.025602858807583406,25602.858807583405,0.01253577953070977,False,0.028,7.0,0.0
2022-11-10,0.046784594827276794,0.025830280194370166,25830.280194370167,-0.046784594827276794,False,0.028,7.0,0.0
2022-11-11,0.011646848838573209,0.03657736863859326,36577.36863859326,-0.011646848838573209,False,0.028,7.0,0.0
2022-11-14,-0.00470987329537167,0.036078757951528005,36078.75795152801,0.00470987329537167,False,0.028,7.0,0.0
2022-11-15,0.013000345736652453,0.03508246373447959,35082.46373447959,-0.013000345736652453,False,0.028,7.0,0.0
2022-11-16,-0.0035371215076064346,0.034811090681717054,34811.090681717054,0.0035371215076064346,False,0.028,7.0,0.0
2022-11-17,-0.004250632448205983,0.033810736153975056,33810.73615397506,0.004250632448205983,False,0.028,7.0,0.0
2022-11-18,-0.002989346394173564,0.03287008994261686,32870.089942616854,0.002989346394173564,False,0.024,6.0,0.0
2022-11-21,-0.005584034878707312,0.03191422798196302,31914.22798196302,0.005584034878707312,False,0.024,6.0,0.0
2022-11-22,0.009124423088078615,0.031105175008469137,31105.175008469138,-0.009124423088078615,False,0.024,6.0,0.0
2022-11-23,0.009649608009827794,0.030602517301966167,30602.517301966167,-0.009649608009827794,False,0.024,6.0,0.0
2022-11-25,-0.0028153351012012214,0.030175468730596983,30175.468730596982,0.0028153351012012214,False,0.024,6.0,0.0
2022-11-28,-0.008043294634008326,0.029300155206433972,29300.15520643397,0.008043294634008326,False,0.024,6.0,0.0
2022-11-29,0.001093921058968417,0.028774926002159584,28774.926002159584,-0.001093921058968417,False,0.024,6.0,0.0
2022-11-30,0.025224368857330107,0.02790528905719279,27905.28905719279,-0.025224368857330107,False,0.024,6.0,0.0
2022-12-01,0.009506442760792178,0.030636383881456074,30636.383881456073,-0.009506442760792178,False,0.024,6.0,0.0
2022-12-02,0.0015581587729525338,0.030193010898414963,30193.010898414963,-0.0015581587729525338,False,0.024,6.0,0.0
2022-12-05,-0.015463878247011722,0.029286672593584535,29286.672593584535,0.015463878247011722,False,0.024,6.0,0.0
2022-12-06,-0.004159331419998469,0.02973038708089305,29730.38708089305,0.004159331419998469,False,0.024,6.0,0.0
2022-12-07,0.004185294271849038,0.028921959126838075,28921.959126838075,-0.004185294271849038,False,0.024,6.0,0.0
2022-12-08,0.005976041442634795,0.028142118693708654,28142.118693708653,-0.005976041442634795,False,0.024,6.0,0.0
2022-12-09,-0.008587307453934013,0.027496484069884638,27496.48406988464,0.008587307453934013,False,0.024,6.0,0.0
2022-12-12,0.003766122178607279,0.02710421045242894,27104.210452428943,-0.003766122178607279,False,0.024,6.0,0.0
2022-12-13,0.010441570366479658,0.02636599257205672,26365.99257205672,-0.010441570366479658,False,0.024,6.0,0.0
2022-12-14,-0.0022901324673960445,0.026246104278193516,26246.104278193518,0.0022901324673960445,False,0.024,6.0,0.0
2022-12-15,-0.018709406229072825,0.02547998309143377,25479.983091433773,0.018709406229072825,False,0.024,6.0,0.0
2022-12-16,-0.004177143794118332,0.02690611730757287,26906.11730757287,0.004177143794118332,False,0.024,6.0,0.0
2022-12-19,-0.008272612699598848,0.026194819638333578,26194.819638333578,0.008272612699598848,False,0.024,6.0,0.0
2022-12-20,-0.0001674855264528704,0.025830613717435207,25830.613717435208,0.0001674855264528704,False,0.024,6.0,0.0
2022-12-21,0.007859819289544401,0.025043891019400872,25043.89101940087,-0.007859819289544401,False,0.024,6.0,0.0
2022-12-22,-0.011982503273453694,0.024690574045857887,24690.574045857888,0.011982503273453694,False,0.024,6.0,0.0
2022-12-23,-0.0009962463316232962,0.024893161570451492,24893.16157045149,0.0009962463316232962,False,0.024,6.0,0.0
2022-12-27,-0.0029219571094186267,0.024141491335468404,24141.491335468403,0.0029219571094186267,False,0.024,6.0,0.0
2022-12-28,-0.010125482661955764,0.023465192495094545,23465.192495094543,0.010125482661955764,False,0.024,6.0,0.0
2022-12-29,0.015198275462004007,0.023470614425276218,23470.614425276217,-0.015198275462004007,False,0.024,6.0,0.0
2022-12-30,-0.004694225941383224,0.024347944059256454,24347.944059256453,0.004694225941383224,False,0.024,6.0,0.0
2023-01-03,0.00498561487029967,0.023757279907740996,23757.279907740995,-0.00498561487029967,False,0.024,6.0,0.0
2023-01-04,0.013137043723996378,0.023208081481589454,23208.081481589456,-0.013137043723996378,False,0.02,5.0,0.0
2023-01-05,-0.0076774122564939,0.023713663792954694,23713.663792954696,0.0076774122564939,False,0.02,5.0,0.0
2023-01-06,0.02170604695082985,0.023403783162590543,23403.783162590542,-0.02170604695082985,False,0.02,5.0,0.0
2023-01-09,0.004192417331769116,0.025843035607887883,25843.035607887883,-0.004192417331769116,False,0.02,5.0,0.0
2023-01-10,0.001957455637545014,0.025169386670202857,25169.386670202857,-0.001957455637545014,False,0.02,5.0,0.0
2023-01-11,0.009938745087160883,0.02442810527429297,24428.105274292968,-0.009938745087160883,False,0.02,5.0,0.0
2023-01-12,0.009038696931742241,0.02435165633943176,24351.65633943176,-0.009038696931742241,False,0.02,5.0,0.0
2023-01-13,0.003993913327176025,0.024165087363171883,24165.087363171882,-0.003993913327176025,False,0.02,5.0,0.0
2023-01-17,-0.003676187960293409,0.02353920091486647,23539.20091486647,0.003676187960293409,False,0.016,4.0,0.0
2023-01-18,-0.0028490727894996404,0.022918041749451938,22918.04174945194,0.0028490727894996404,False,0.016,4.0,0.0
2023-01-19,2.0917225458671958e-05,0.02227909805754789,22279.09805754789,-2.0917225458671958e-05,False,0.016,4.0,0.0
2023-01-20,0.008355447578111885,0.021600390267641892,21600.39026764189,-0.008355447578111885,False,0.016,4.0,0.0
2023-01-23,0.007718435554671111,0.02147676993910031,21476.76993910031,-0.007718435554671111,False,0.016,4.0,0.0
2023-01-24,0.003119508836122931,0.021281943531174245,21281.943531174245,-0.003119508836122931,False,0.016,4.0,0.0
2023-01-25,0.0012270123655211186,0.020710039855606023,20710.039855606025,-0.0012270123655211186,False,0.016,4.0,0.0
2023-01-26,0.005256401790350785,0.020091298650552137,20091.298650552137,-0.005256401790350785,False,0.016,4.0,0.0
2023-01-27,0.0007258236307738477,0.01970818168079803,19708.181680798032,-0.0007258236307738477,False,0.016,4.0,0.0
2023-01-30,-0.011816289939131376,0.019112266879898903,19112.266879898903,0.011816289939131376,False,0.016,4.0,0.0
2023-01-31,0.007829844268913621,0.019715477963437405,19715.477963437406,-0.007829844268913621,False,0.016,4.0,0.0
2023-02-01,0.013791965577606601,0.019628680873380943,19628.68087338094,-0.013791965577606601,False,0.016,4.0,0.0
2023-02-02,0.005003588935394943,0.02058966955230047,20589.66955230047,-0.005003588935394943,False,0.016,4.0,0.0
2023-02-03,-0.017218911111173307,0.020165017290577302,20165.017290577303,0.017218911111173307,False,0.016,4.0,0.0
2023-02-06,-0.00691513151753429,0.02187475471808478,21874.75471808478,0.00691513151753429,False,0.016,4.0,0.0
2023-02-07,0.006132744085994579,0.02157132581419586,21571.325814195858,-0.006132744085994579,False,0.016,4.0,0.0
2023-02-08,-0.0045442326246054165,0.02120413712257081,21204.13712257081,0.0045442326246054165,False,0.016,4.0,0.0
2023-02-09,-0.00603782166199074,0.02072061434246962,20720.61434246962,0.00603782166199074,False,0.016,4.0,0.0
2023-02-10,-0.004624453792887917,0.020381873275011675,20381.873275011676,0.004624453792887917,False,0.016,4.0,0.0
2023-02-13,0.007860797524462204,0.019935889758774188,19935.88975877419,-0.007860797524462204,False,0.016,4.0,0.0
2023-02-14,0.0007306361048795118,0.019840818279656166,19840.818279656167,-0.0007306361048795118,False,0.016,4.0,0.0
2023-02-15,-0.0033572704240802946,0.019240892063928018,19240.89206392802,0.0033572704240802946,False,0.016,4.0,0.0
2023-02-16,-0.009454154758359513,0.018752577034918904,18752.577034918904,0.009454154758359513,False,0.016,4.0,0.0
2023-02-17,-0.001951696692666927,0.018962669711655975,18962.669711655974,0.001951696692666927,False,0.016,4.0,0.0
2023-02-21,-0.015902223638642334,0.018418597811728953,18418.597811728952,0.015902223638642334,False,0.016,4.0,0.0
2023-02-22,-0.00038829185367441656,0.02002508140207838,20025.08140207838,0.00038829185367441656,False,0.016,4.0,0.0
2023-02-23,0.005633668043110296,0.019416297518133934,19416.297518133935,-0.005633668043110296,False,0.016,4.0,0.0
2023-02-24,-0.014016546900082494,0.019096567364211007,19096.56736421101,0.014016546900082494,False,0.016,4.0,0.0
2023-02-27,0.004496450794662365,0.02016414053547118,20164.14053547118,-0.004496450794662365,False,0.016,4.0,0.0
2023-02-28,-0.0005804759407772588,0.019717050825795328,19717.050825795326,0.0005804759407772588,False,0.016,4.0,0.0
2023-03-01,0.0009206366148580615,0.019119251572520233,19119.251572520232,-0.0009206366148580615,False,0.016,4.0,0.0
2023-03-02,0.002037087822969075,0.01854422422185371,18544.22422185371,-0.002037087822969075,False,0.016,4.0,0.0
2023-03-03,0.016118306704090868,0.018016726391662585,18016.726391662585,-0.016118306704090868,False,0.016,4.0,0.0
2023-03-06,-0.0029021148450457225,0.019735420773381553,19735.420773381553,0.0029021148450457225,False,0.012,3.0,0.0
2023-03-07,-0.011138812092246143,0.019205531741381104,19205.531741381103,0.011138812092246143,False,0.012,3.0,0.0
2023-03-08,0.002253084931338223,0.019672558169838057,19672.558169838056,-0.002253084931338223,False,0.012,3.0,0.0
2023-03-09,-0.00911589139234279,0.019116415616158997,19116.415616158996,0.00911589139234279,False,0.012,3.0,0.0
2023-03-10,0.004463661399070707,0.019248237339883272,19248.23733988327,-0.004463661399070707,False,0.012,3.0,0.0
2023-03-13,0.006559719655475216,0.018834400601139365,18834.400601139365,-0.006559719655475216,False,0.012,3.0,0.0
2023-03-14,0.0035609347018584763,0.018639285687624355,18639.285687624357,-0.0035609347018584763,False,0.012,3.0,0.0
2023-03-15,0.0017929086060322508,0.018185022548297448,18185.02254829745,-0.0017929086060322508,False,0.012,3.0,0.0
2023-03-16,0.010679353319929042,0.01766060988082245,17660.60988082245,-0.010679353319929042,False,0.012,3.0,0.0
2023-03-17,0.004326386340158251,0.01817185867653356,18171.85867653356,-0.004326386340158251,False,0.012,3.0,0.0
2023-03-20,0.0016941147277960813,0.01778992207682493,17789.922076824932,-0.0016941147277960813,False,0.012,3.0,0.0
2023-03-21,0.001790464144668125,0.017274964083740924,17274.964083740924,-0.001790464144668125,False,0.012,3.0,0.0
2023-03-22,0.000729597352178635,0.01677974599724769,16779.74599724769,-0.000729597352178635,False,0.012,3.0,0.0
2023-03-23,0.008191806921198098,0.016273878832820974,16273.878832820974,-0.008191806921198098,False,0.012,3.0,0.0
2023-03-24,0.000128060259656704,0.016454146054495453,16454.146054495453,-0.000128060259656704,False,0.012,3.0,0.0
2023-03-27,-0.008631929950637685,0.01595305338042768,15953.05338042768,0.008631929950637685,False,0.012,3.0,0.0
2023-03-28,0.00335084753156083,0.016230354351642624,16230.354351642623,-0.00335084753156083,False,0.012,3.0,0.0
2023-03-29,0.005723818784397117,0.015851336898177495,15851.336898177495,-0.005723818784397117,False,0.012,3.0,0.0
2023-03-30,0.007786078963800236,0.015710738068079693,15710.738068079692,-0.007786078963800236,False,0.012,3.0,0.0
2023-03-31,0.007845684179717094,0.015865143494257862,15865.143494257862,-0.007845684179717094,False,0.012,3.0,0.0
2023-04-03,0.003062997346320473,0.016018373302530028,16018.373302530028,-0.003062997346320473,False,0.012,3.0,0.0
2023-04-04,0.002938308841558102,0.01562816158516329,15628.16158516329,-0.002938308841558102,False,0.012,3.0,0.0
2023-04-05,-0.002134842092458156,0.015244295178017415,15244.295178017415,0.002134842092458156,False,0.012,3.0,0.0
2023-04-06,0.0020348301131291047,0.014829872634672343,14829.872634672343,-0.0020348301131291047,False,0.012,3.0,0.0
2023-04-10,-0.004409736062708847,0.014424773927496335,14424.773927496335,0.004409736062708847,False,0.012,3.0,0.0
2023-04-11,0.001663741613328518,0.014209291489931188,14209.291489931189,-0.001663741613328518,False,0.012,3.0,0.0
2023-04-12,-0.003222162968911424,0.013809002351166149,13809.00235116615,0.003222162968911424,False,0.012,3.0,0.0
2023-04-13,0.010446237359187328,0.01351364195826441,13513.64195826441,-0.010446237359187328,False,0.012,3.0,0.0
2023-04-14,-0.007287835465836779,0.014390810307641305,14390.810307641304,0.007287835465836779,False,0.012,3.0,0.0
2023-04-17,-0.0015268268465756353,0.014557337169774538,14557.337169774539,0.0015268268465756353,False,0.012,3.0,0.0
2023-04-18,0.0013812321412068453,0.014140653242164587,14140.653242164586,-0.0013812321412068453,False,0.012,3.0,0.0
2023-04-19,-0.0032834870308739994,0.013732446217749984,13732.446217749983,0.0032834870308739994,False,0.012,3.0,0.0
2023-04-20,-0.00042311942661781276,0.013444928621122754,13444.928621122754,0.00042311942661781276,False,0.012,3.0,0.0
2023-04-21,-0.004616464380614804,0.013037571583428794,13037.571583428795,0.004616464380614804,False,0.012,3.0,0.0
2023-04-24,0.0018730496877722438,0.012911227313601463,12911.227313601463,-0.0018730496877722438,False,0.012,3.0,0.0
2023-04-25,-0.006740632698552585,0.012563319671435367,12563.319671435367,0.006740632698552585,False,0.012,3.0,0.0
2023-04-26,-0.0017012119370828807,0.012771864122527635,12771.864122527635,0.0017012119370828807,False,0.012,3.0,0.0
2023-04-27,0.01015369586150603,0.012420670004325196,12420.670004325197,-0.01015369586150603,False,0.012,3.0,0.0
2023-04-28,0.007394574410718491,0.013360158711465089,13360.158711465088,-0.007394574410718491,False,0.012,3.0,0.0
2023-05-01,-0.00776098783012682,0.013621287243021486,13621.287243021487,0.00776098783012682,False,0.012,3.0,0.0
2023-05-02,0.0029024153926909602,0.013927151696422614,13927.151696422614,-0.0029024153926909602,False,0.012,3.0,0.0
2023-05-03,-0.00018003547199496605,0.013603786750051415,13603.786750051415,0.00018003547199496605,False,0.012,3.0,0.0
2023-05-04,-0.0010839417390777317,0.013189759587428858,13189.759587428858,0.0010839417390777317,False,0.008,2.0,0.0
2023-05-05,0.0068342864511849125,0.012802854690407874,12802.854690407874,-0.0068342864511849125,False,0.008,2.0,0.0
2023-05-08,-0.00190720654759573,0.013009414174292402,13009.414174292402,0.00190720654759573,False,0.008,2.0,0.0
2023-05-09,-0.002660027388883535,0.012659829823950646,12659.829823950646,0.002660027388883535,False,0.008,2.0,0.0
2023-05-10,0.004663853940905183,0.01236740090031817,12367.400900318169,-0.004663853940905183,False,0.008,2.0,0.0
2023-05-11,-1.4097110919197996e-05,0.012281631362935044,12281.631362935044,1.4097110919197996e-05,False,0.008,2.0,0.0
2023-05-12,-0.0053536115266973995,0.011907486104497433,11907.486104497433,0.0053536115266973995,False,0.008,2.0,0.0
2023-05-15,0.0038132778521859038,0.011941005023225962,11941.005023225962,-0.0038132778521859038,False,0.008,2.0,0.0
2023-05-16,-0.005637262743846038,0.011779390259677815,11779.390259677815,0.005637262743846038,False,0.008,2.0,0.0
2023-05-17,0.004496526671614332,0.011863717002476628,11863.717002476627,-0.004496526671614332,False,0.008,2.0,0.0
2023-05-18,0.0004925898523235439,0.011784236053487137,11784.236053487137,-0.0004925898523235439,False,0.008,2.0,0.0
2023-05-19,-2.220417361706882e-05,0.01142868830062392,11428.688300623919,2.220417361706882e-05,False,0.008,2.0,0.0
2023-05-22,0.0012142358934977171,0.01108053163835156,11080.53163835156,-0.0012142358934977171,False,0.008,2.0,0.0
2023-05-23,-0.007068313385140135,0.010765232844891198,10765.232844891198,0.007068313385140135,False,0.008,2.0,0.0
2023-05-24,-0.0065773601828486026,0.011187486801917156,11187.486801917155,0.0065773601828486026,False,0.008,2.0,0.0
2023-05-25,0.0037608648126214333,0.011475971582453004,11475.971582453003,-0.0037608648126214333,False,0.008,2.0,0.0
2023-05-26,0.013663827280532103,0.011330879588136958,11330.879588136957,-0.013663827280532103,False,0.008,2.0,0.0
2023-05-30,0.0019117655272295365,0.01346512535616235,13465.125356162349,-0.0019117655272295365,False,0.008,2.0,0.0
2023-05-31,-0.0020627623167006398,0.013100297848265156,13100.297848265156,0.0020627623167006398,False,0.008,2.0,0.0
2023-06-01,0.010135985857962604,0.012755484638538116,12755.484638538115,-0.010135985857962604,False,0.008,2.0,0.0
2023-06-02,0.0026984879337567996,0.013649203113454463,13649.203113454463,-0.0026984879337567996,False,0.008,2.0,0.0
2023-06-05,0.000538623845397068,0.013322432695369564,13322.432695369564,-0.000538623845397068,False,0.008,2.0,0.0
2023-06-06,0.0035709242871289734,0.012920223862708392,12920.223862708392,-0.0035709242871289734,False,0.008,2.0,0.0
2023-06-07,-0.01031472162240803,0.012690817151738556,12690.817151738556,0.01031472162240803,False,0.008,2.0,0.0
2023-06-08,0.01009532325789837,0.013636012877387957,13636.012877387957,-0.01009532325789837,False,0.008,2.0,0.0
2023-06-09,0.0012194962492318995,0.014417966873166184,14417.966873166184,-0.0012194962492318995,False,0.008,2.0,0.0
2023-06-12,0.006008068700882286,0.013995999693149297,13995.999693149297,-0.006008068700882286,False,0.004,1.0,0.0
2023-06-13,0.001408736543025091,0.01399485192084998,13994.85192084998,-0.001408736543025091,False,0.004,1.0,0.0
2023-06-14,0.004890479388627922,0.013592238016186092,13592.238016186091,-0.004890479388627922,False,0.004,1.0,0.0
2023-06-15,0.010060083689508083,0.013469599338872205,13469.599338872205,-0.010060083689508083,False,0.004,1.0,0.0
2023-06-16,-0.0037070828471285735,0.014262083953235924,14262.083953235924,0.0037070828471285735,False,0.004,1.0,0.0
2023-06-20,-0.005923880205233667,0.013988029953606144,13988.029953606145,0.005923880205233667,False,0.004,1.0,0.0
2023-06-21,-0.004503768308870937,0.01397569500408773,13975.69500408773,0.004503768308870937,False,0.004,1.0,0.0
2023-06-22,-0.002017565003858546,0.013790841770307148,13790.841770307148,0.002017565003858546,False,0.004,1.0,0.0
2023-06-23,-0.0038675721672684744,0.013420053910620384,13420.053910620383,0.0038675721672684744,False,0.004,1.0,0.0
2023-06-26,-0.002273627755757035,0.013196555623713366,13196.555623713366,0.002273627755757035,False,0.004,1.0,0.0
2023-06-27,0.006226282618778822,0.012859965197072876,12859.965197072876,-0.006226282618778822,False,0.004,1.0,0.0
2023-06-28,-0.0003263247457714114,0.012963179618983918,12963.179618983919,0.0003263247457714114,False,0.004,1.0,0.0
2023-06-29,-0.004500673527618693,0.012569644479490953,12569.644479490953,0.004500673527618693,False,0.004,1.0,0.0
2023-06-30,0.010715408499734692,0.012453659093374229,12453.65909337423,-0.010715408499734692,False,0.004,1.0,0.0
2023-07-03,0.00201614240992829,0.013530396288477523,13530.396288477523,-0.00201614240992829,False,0.004,1.0,0.0
2023-07-05,-0.00410921689710253,0.013168417984737633,13168.417984737633,0.00410921689710253,False,0.004,1.0,0.0
2023-07-06,-0.010588487942860937,0.012980208164183958,12980.208164183958,0.010588487942860937,False,0.004,1.0,0.0
2023-07-07,0.0013866825260593133,0.013956442171415062,13956.442171415063,-0.0013866825260593133,False,0.004,1.0,0.0
2023-07-10,0.0011432326475224743,0.01355432512335221,13554.32512335221,-0.0011432326475224743,False,0.004,1.0,0.0
2023-07-11,0.0060689514574565175,0.013157543096315068,13157.543096315068,-0.0060689514574565175,False,0.004,1.0,0.0
2023-07-12,0.01353970425494908,0.01321717040202265,13217.17040202265,-0.01353970425494908,False,0.004,1.0,0.0
2023-07-13,0.009832508338464453,0.014957929442403059,14957.92944240306,-0.009832508338464453,False,0.004,1.0,0.0
2023-07-14,-0.0030973990102222794,0.015546961545922246,15546.961545922246,0.0030973990102222794,False,0.004,1.0,0.0
2023-07-17,0.0030480988383772448,0.015176323555476311,15176.32355547631,-0.0030480988383772448,False,0.004,1.0,0.0
2023-07-18,0.004860011045890845,0.0148161544666267,14816.1544666267,-0.004860011045890845,False,0.004,1.0,0.0
2023-07-19,0.002297655048340297,0.014629318813727995,14629.318813727996,-0.002297655048340297,False,0.004,1.0,0.0
2023-07-20,-0.010853309329637394,0.014243952586284367,14243.952586284367,0.010853309329637394,False,0.004,1.0,0.0
2023-07-21,-0.0014509400185167111,0.015131629150033757,15131.629150033757,0.0014509400185167111,False,0.004,1.0,0.0
2023-07-24,0.0023574990640642616,0.014693938364046508,14693.938364046508,-0.0023574990640642616,False,0.004,1.0,0.0
2023-07-25,0.004304002876692615,0.01430950066830665,14309.500668306651,-0.004304002876692615,False,0.004,1.0,0.0
2023-07-26,0.0017036676482761635,0.014088691915212568,14088.691915212568,-0.0017036676482761635,False,0.004,1.0,0.0
2023-07-27,-0.011296574880517185,0.013693949084610477,13693.949084610476,0.011296574880517185,False,0.004,1.0,0.0
2023-07-28,0.01306083216246088,0.014755010793127039,14755.01079312704,-0.01306083216246088,False,0.004,1.0,0.0
2023-07-31,0.0016002982368045428,0.01612572829183298,16125.72829183298,-0.0016002982368045428,False,0.004,1.0,0.0
2023-08-01,-0.00891342016098855,0.015661045401632816,15661.045401632815,0.00891342016098855,False,0.004,1.0,0.0
2023-08-02,-0.015044136560131772,0.01601094743211729,16010.947432117291,0.015044136560131772,False,0.004,1.0,0.0
2023-08-03,-0.0047832690001287535,0.017733036150470016,17733.036150470016,0.0047832690001287535,False,0.004,1.0,0.0
2023-08-04,0.0021791993446853342,0.017407535031564635,17407.535031564636,-0.0021791993446853342,False,0.004,1.0,0.0
2023-08-07,0.0007196398310245876,0.016922853637239128,16922.853637239128,-0.0007196398310245876,False,0.004,1.0,0.0
2023-08-08,-0.003936594379145242,0.016412439182208815,16412.439182208815,0.003936594379145242,False,0.004,1.0,0.0
2023-08-09,-0.0029533622272031046,0.01606978795858131,16069.78795858131,0.0029533622272031046,False,0.004,1.0,0.0
2023-08-10,-0.0027655129665830505,0.015670866781077375,15670.866781077375,0.0027655129665830505,False,0.004,1.0,0.0
2023-08-11,-0.004790954880717591,0.0152749773148292,15274.977314829199,0.004790954880717591,False,0.004,1.0,0.0
2023-08-14,0.0013393794601264995,0.015059172273708775,15059.172273708775,-0.0013393794601264995,False,0.004,1.0,0.0
2023-08-15,-0.008487948010637592,0.014620344228659718,14620.344228659718,0.008487948010637592,False,0.004,1.0,0.0
2023-08-16,-0.008104026845589418,0.014977425626257118,14977.425626257118,0.008104026845589418,False,0.004,1.0,0.0
2023-08-17,-0.004402006421662197,0.015237766674693105,15237.766674693105,0.004402006421662197,False,0.004,1.0,0.0
2023-08-18,-0.000759203287400867,0.014985004251819823,14985.004251819822,0.000759203287400867,False,0.004,1.0,0.0
2023-08-21,0.002873703551900087,0.014534940415140243,14534.940415140243,-0.002873703551900087,False,0.004,1.0,0.0
2023-08-22,0.0006215018448099574,0.014186971651365985,14186.971651365986,-0.0006215018448099574,False,0.004,1.0,0.0
2023-08-23,0.015545941865693002,0.013759337924996467,13759.337924996467,-0.015545941865693002,False,0.004,1.0,0.0
2023-08-24,-0.009179498345686743,0.016013613502541164,16013.613502541164,0.009179498345686743,False,0.004,1.0,0.0
2023-08-25,0.003560652562217803,0.016383256014816196,16383.256014816196,-0.003560652562217803,False,0.004,1.0,0.0
2023-08-28,0.0055112130165087874,0.01601321994293291,16013.21994293291,-0.0055112130165087874,False,0.004,1.0,0.0
2023-08-29,0.013834955213794855,0.015839839033277223,15839.839033277223,-0.013834955213794855,False,0.004,1.0,0.0
2023-08-30,0.0015783124135137607,0.017262636237577643,17262.636237577644,-0.0015783124135137607,False,0.004,1.0,0.0
2023-08-31,-0.001602868104867517,0.016760894301156348,16760.89430115635,0.001602868104867517,False,0.004,1.0,0.0
2023-09-01,-0.0005055067063632012,0.016275938466487335,16275.938466487336,0.0005055067063632012,False,0.004,1.0,0.0
2023-09-05,-0.006661881522118219,0.015782736738374055,15782.736738374055,0.006661881522118219,False,0.004,1.0,0.0
2023-09-06,-0.004640349572713998,0.015765788936045157,15765.788936045157,0.004640349572713998,False,0.004,1.0,0.0
2023-09-07,-0.003629536013283552,0.015512527308341668,15512.527308341669,0.003629536013283552,False,0.004,1.0,0.0
2023-09-08,0.0018282194383837604,0.015181495942232238,15181.495942232239,-0.0018282194383837604,False,0.004,1.0,0.0
2023-09-11,0.0050813243400854805,0.014755828286287773,14755.828286287773,-0.0050813243400854805,False,0.004,1.0,0.0
2023-09-12,-0.0038058162971945863,0.01459638519442533,14596.38519442533,0.0038058162971945863,False,0.0,0.0,0.0
2023-09-13,0.0002346011616091159,0.014316927848400274,14316.927848400273,-0.0002346011616091159,False,0.0,0.0,0.0
2023-09-14,0.00335061468552389,0.013881420285053032,13881.420285053031,-0.00335061468552389,False,0.0,0.0,0.0
2023-09-15,-0.006496022920771649,0.013593293784760055,13593.293784760055,0.006496022920771649,False,0.0,0.0,0.0
2023-09-18,0.0023880058259565964,0.013689168964066276,13689.168964066277,-0.0023880058259565964,False,0.0,0.0,0.0
2023-09-19,-0.003683798434726349,0.013341718371830154,13341.718371830155,0.003683798434726349,False,0.0,0.0,0.0
2023-09-20,-0.00477437490043533,0.013104497207104032,13104.497207104032,0.00477437490043533,False,0.0,0.0,0.0
2023-09-21,-0.01701849958876256,0.012993302599381654,12993.302599381654,0.01701849958876256,True,0.004,1.0,0.004025196989380905
2023-09-22,0.004195490418254289,0.015897891640440996,15897.891640440996,-0.004195490418254289,False,0.004,1.0,0.0
2023-09-25,-0.005044774558439502,0.01559788564043709,15597.885640437089,0.005044774558439502,False,0.004,1.0,0.0
2023-09-26,-0.011054699971564764,0.015393514088570205,15393.514088570206,0.011054699971564764,False,0.004,1.0,0.0
2023-09-27,-0.002642282962296183,0.01619952915360915,16199.52915360915,0.002642282962296183,False,0.004,1.0,0.0
2023-09-28,0.002972685260933372,0.015778032205586122,15778.032205586122,-0.002972685260933372,False,0.004,1.0,0.0
2023-09-29,-0.0022143953951200947,0.015390872967748052,15390.872967748051,0.0022143953951200947,False,0.004,1.0,0.0
2023-10-02,-0.004859604208830426,0.014975262307480154,14975.262307480154,0.004859604208830426,False,0.004,1.0,0.0
2023-10-03,-0.013715408946584651,0.014780775692009694,14780.775692009694,0.013715408946584651,False,0.004,1.0,0.0
2023-10-04,0.006385639140030253,0.016323165473526212,16323.165473526213,-0.006385639140030253,False,0.004,1.0,0.0
2023-10-05,-0.0012744749779786348,0.016238831158325043,16238.831158325043,0.0012744749779786348,False,0.004,1.0,0.0
2023-10-06,0.007229083466575292,0.015760872030417424,15760.872030417424,-0.007229083466575292,False,0.004,1.0,0.0
2023-10-09,0.009719715933165141,0.01582625046347664,15826.25046347664,-0.009719715933165141,False,0.004,1.0,0.0
2023-10-10,0.004404984656229672,0.01631314273801279,16313.14273801279,-0.004404984656229672,False,0.004,1.0,0.0
2023-10-11,0.009141084968151558,0.016014125534268717,16014.125534268716,-0.009141084968151558,False,0.004,1.0,0.0
2023-10-12,-0.010187674143167881,0.016376751017510415,16376.751017510414,0.010187674143167881,False,0.004,1.0,0.0
2023-10-13,0.0057611973583324705,0.016905848282545932,16905.848282545932,-0.0057611973583324705,False,0.004,1.0,0.0
2023-10-16,0.001652955604418871,0.016716367527947484,16716.367527947485,-0.001652955604418871,False,0.004,1.0,0.0
2023-10-17,-0.0030221024049170487,0.016234467333870656,16234.467333870656,0.0030221024049170487,False,0.004,1.0,0.0
2023-10-18,-0.007203318898156397,0.015833827622400137,15833.827622400137,0.007203318898156397,False,0.004,1.0,0.0
2023-10-19,-0.006443069676795133,0.01589075738029127,15890.757380291268,0.006443069676795133,False,0.004,1.0,0.0
2023-10-20,-0.006176147895223494,0.015838089721003826,15838.089721003826,0.006176147895223494,False,0.004,1.0,0.0
2023-10-23,0.001821047509063445,0.015753746208709826,15753.746208709827,-0.001821047509063445,False,0.004,1.0,0.0
2023-10-24,0.008624047821769999,0.015309033556906453,15309.033556906454,-0.008624047821769999,False,0.004,1.0,0.0
2023-10-25,-0.014008328258438741,0.015635051561717496,15635.051561717495,0.014008328258438741,False,0.004,1.0,0.0
2023-10-26,-0.003804832151733284,0.017132050913705423,17132.05091370542,0.003804832151733284,False,0.004,1.0,0.0
2023-10-27,0.0013657125467924746,0.016751045824532313,16751.045824532313,-0.0013657125467924746,False,0.004,1.0,0.0
2023-10-30,0.004695878287577693,0.016259376694010706,16259.376694010705,-0.004695878287577693,False,0.004,1.0,0.0
2023-10-31,-0.0009930077096002464,0.01598954784559912,15989.547845599118,0.0009930077096002464,False,0.004,1.0,0.0
2023-11-01,0.011163487012497298,0.015512765402906364,15512.765402906363,-0.011163487012497298,False,0.004,1.0,0.0
2023-11-02,0.01619741689637193,0.016330158352371345,16330.158352371345,-0.01619741689637193,False,0.004,1.0,0.0
2023-11-03,0.010343900128845363,0.01832660110395068,18326.601103950677,-0.010343900128845363,False,0.004,1.0,0.0
2023-11-06,-0.0006104985558976318,0.018720459411213815,18720.459411213815,0.0006104985558976318,False,0.004,1.0,0.0
2023-11-07,0.004219603016616569,0.018153492448339564,18153.492448339563,-0.004219603016616569,False,0.004,1.0,0.0
2023-11-08,0.0003447708345506673,0.0177639487085471,17763.9487085471,-0.0003447708345506673,False,0.004,1.0,0.0
2023-11-09,-0.008775530785714893,0.017223907774159594,17223.907774159594,0.008775530785714893,False,0.004,1.0,0.0
2023-11-10,0.007973567296704355,0.01743185013653803,17431.85013653803,-0.007973567296704355,False,0.004,1.0,0.0
2023-11-13,-0.00020699379810551474,0.017500908769567124,17500.908769567126,0.00020699379810551474,False,0.004,1.0,0.0
2023-11-14,0.01982363139233492,0.01696817055893829,16968.17055893829,-0.01982363139233492,False,0.004,1.0,0.0
2023-11-15,-0.0010832628842083916,0.01995616391885385,19956.16391885385,0.0010832628842083916,False,0.004,1.0,0.0
2023-11-16,0.003243658533505989,0.019358063117429217,19358.063117429218,-0.003243658533505989,False,0.004,1.0,0.0
2023-11-17,0.001465254211209377,0.01885913433345342,18859.13433345342,-0.001465254211209377,False,0.004,1.0,0.0
2023-11-20,0.007359210498029968,0.018303663059799254,18303.663059799255,-0.007359210498029968,False,0.004,1.0,0.0
2023-11-21,-0.0007811909749972924,0.018234814846035695,18234.814846035693,0.0007811909749972924,False,0.004,1.0,0.0
2023-11-22,0.0010411130309277538,0.01768491231723474,17684.91231723474,-0.0010411130309277538,False,0.004,1.0,0.0
2023-11-24,-0.001372356568406241,0.017156419168855228,17156.419168855227,0.001372356568406241,False,0.004,1.0,0.0
2023-11-27,0.003344148010779358,0.016652138275118022,16652.13827511802,-0.003344148010779358,False,0.004,1.0,0.0
2023-11-28,0.005458886609065061,0.01625692053683627,16256.920536836271,-0.005458886609065061,False,0.004,1.0,0.0
2023-11-29,0.0013162471185198532,0.016065693380654732,16065.693380654733,-0.0013162471185198532,False,0.004,1.0,0.0
2023-11-30,-0.0024539557983463967,0.015594315698433926,15594.315698433926,0.0024539557983463967,False,0.004,1.0,0.0
2023-12-01,0.009834717988473064,0.015183777991514028,15183.777991514027,-0.009834717988473064,False,0.004,1.0,0.0
2023-12-04,-0.010290314767170084,0.01575186140915924,15751.86140915924,0.010290314767170084,False,0.004,1.0,0.0
2023-12-05,0.0027819485823356916,0.016359033814603276,16359.033814603275,-0.0027819485823356916,False,0.004,1.0,0.0
2023-12-06,0.0011821715123851995,0.015939697124499667,15939.697124499668,-0.0011821715123851995,False,0.004,1.0,0.0
2023-12-07,0.0044777370674577545,0.01546878484812764,15468.78484812764,-0.0044777370674577545,False,0.004,1.0,0.0
2023-12-08,-0.003421208681946864,0.01521304891746793,15213.04891746793,0.003421208681946864,False,0.004,1.0,0.0
2023-12-11,0.001033745943690212,0.014877879951520998,14877.879951520998,-0.001033745943690212,False,0.004,1.0,0.0
2023-12-12,0.003041953159599808,0.014436662776592354,14436.662776592355,-0.003041953159599808,False,0.004,1.0,0.0
2023-12-13,0.016493686949573406,0.01410379130921206,14103.79130921206,-0.016493686949573406,False,0.004,1.0,0.0
2023-12-14,0.009769928762156854,0.016592696411226862,16592.69641122686,-0.009769928762156854,False,0.004,1.0,0.0
2023-12-15,-0.0021670859126503576,0.017023305461161473,17023.30546116147,0.0021670859126503576,False,0.004,1.0,0.0
2023-12-18,0.0016001805357825916,0.016550839656473373,16550.839656473374,-0.0016001805357825916,False,0.004,1.0,0.0
2023-12-19,0.006380296428848409,0.016072520969693024,16072.520969693023,-0.006380296428848409,False,0.004,1.0,0.0
2023-12-20,-0.009077853643101387,0.01600140236600032,16001.402366000322,0.009077853643101387,False,0.004,1.0,0.0
2023-12-21,0.008131033270565613,0.016353623532946095,16353.623532946094,-0.008131033270565613,False,0.004,1.0,0.0
2023-12-22,-0.0002820382422780376,0.016518552147611967,16518.55214761197,0.0002820382422780376,False,0.004,1.0,0.0
2023-12-26,0.005736030324144404,0.01601613688390075,16016.136883900752,-0.005736030324144404,False,0.004,1.0,0.0
2023-12-27,0.006379235158243945,0.015868502939008548,15868.502939008547,-0.006379235158243945,False,0.004,1.0,0.0
2023-12-28,-0.0010841928692971294,0.01580869787554312,15808.697875543121,0.0010841928692971294,False,0.004,1.0,0.0
2023-12-29,-0.0036612777437177615,0.015339547755341479,15339.547755341478,0.0036612777437177615,False,0.004,1.0,0.0
2024-01-02,-0.008465127883639734,0.015017869149945,15017.869149945,0.008465127883639734,False,0.004,1.0,0.0
2024-01-03,-0.005690144388582819,0.01533860061124821,15338.60061124821,0.005690144388582819,False,0.004,1.0,0.0
2024-01-04,-0.005169397425727884,0.015220703146159573,15220.703146159572,0.005169397425727884,False,0.004,1.0,0.0
2024-01-05,-0.0011165370210072913,0.015048150453204975,15048.150453204975,0.0011165370210072913,False,0.004,1.0,0.0
2024-01-08,0.007956587202220856,0.01460358955967543,14603.589559675429,-0.007956587202220856,False,0.004,1.0,0.0
2024-01-09,-0.0039515576663818,0.014866932342621974,14866.932342621974,0.0039515576663818,False,0.004,1.0,0.0
2024-01-10,0.0006359102977346431,0.014588847733379002,14588.847733379002,-0.0006359102977346431,False,0.004,1.0,0.0
2024-01-11,0.002668350142088483,0.014149053601842385,14149.053601842385,-0.002668350142088483,False,0.004,1.0,0.0
2024-01-12,0.00252388844478193,0.013802027607886501,13802.0276078865,-0.00252388844478193,False,0.004,1.0,0.0
2024-01-16,-0.01102095218754169,0.013458626912056954,13458.626912056954,0.01102095218754169,False,0.004,1.0,0.0
2024-01-17,-0.007739895292580634,0.014481254515029589,14481.254515029588,0.007739895292580634,False,0.004,1.0,0.0
2024-01-18,0.006050352913077029,0.014716542341291812,14716.542341291812,-0.006050352913077029,False,0.004,1.0,0.0
2024-01-19,0.009802700127884244,0.01467885349668742,14678.853496687421,-0.009802700127884244,False,0.004,1.0,0.0
2024-01-22,-0.0006525079515161459,0.015288665837036813,15288.665837036813,0.0006525079515161459,False,0.004,1.0,0.0
2024-01-23,0.0023427939676354376,0.014827574216107291,14827.574216107292,-0.0023427939676354376,False,0.004,1.0,0.0
2024-01-24,0.0007484493725592457,0.014437721089924572,14437.721089924571,-0.0007484493725592457,False,0.004,1.0,0.0
2024-01-25,0.0036906080365033847,0.014004385734731421,14004.38573473142,-0.0036906080365033847,False,0.004,1.0,0.0
2024-01-26,-0.0018132745305295072,0.013739659441747952,13739.659441747952,0.0018132745305295072,False,0.004,1.0,0.0
2024-01-29,0.007449752306630409,0.013361107517500718,13361.107517500719,-0.007449752306630409,False,0.004,1.0,0.0
2024-01-30,-0.0009901508968681136,0.013631920785775947,13631.920785775947,0.0009901508968681136,False,0.004,1.0,0.0
2024-01-31,-0.0064531674156682595,0.013228675570100781,13228.67557010078,0.0064531674156682595,False,0.004,1.0,0.0
2024-02-01,0.012903593188366091,0.01334241946316667,13342.419463166669,-0.012903593188366091,False,0.004,1.0,0.0
2024-02-02,-0.0013902875385729096,0.01487967255593896,14879.67255593896,0.0013902875385729096,False,0.004,1.0,0.0
2024-02-05,-0.005872148162629243,0.01444811457985172,14448.114579851721,0.005872148162629243,False,0.004,1.0,0.0
2024-02-06,0.007726668442638341,0.014402081478828299,14402.081478828299,-0.007726668442638341,False,0.004,1.0,0.0
2024-02-07,0.002957750869274323,0.014641059251789625,14641.059251789626,-0.002957750869274323,False,0.004,1.0,0.0
2024-02-08,-0.001994769137227448,0.014294742685195535,14294.742685195535,0.001994769137227448,False,0.004,1.0,0.0
2024-02-09,0.0028079792624803534,0.013905803024188581,13905.80302418858,-0.0028079792624803534,False,0.004,1.0,0.0
2024-02-12,0.00040812649932353584,0.013576794966424123,13576.794966424122,-0.00040812649932353584,False,0.004,1.0,0.0
2024-02-13,-0.01581915396393585,0.013165245403167948,13165.245403167948,0.01581915396393585,True,0.008,2.0,0.0026539085607679026
2024-02-14,0.007757166132897364,0.01562633808385146,15626.33808385146,-0.007757166132897364,False,0.008,2.0,0.0
2024-02-15,0.005311652038513781,0.01578197371107773,15781.97371107773,-0.005311652038513781,False,0.008,2.0,0.0
2024-02-16,-0.0022818116651127877,0.015597686028115959,15597.686028115959,0.0022818116651127877,False,0.008,2.0,0.0
2024-02-20,-0.0009260094343513049,0.015178314003024003,15178.314003024003,0.0009260094343513049,False,0.008,2.0,0.0
2024-02-21,-0.0016815809845627918,0.014725378869993217,14725.378869993217,0.0016815809845627918,False,0.008,2.0,0.0
2024-02-22,0.013095247288727662,0.014308905390323014,14308.905390323014,-0.013095247288727662,False,0.008,2.0,0.0
2024-02-23,0.003258116987805426,0.015752579881172277,15752.579881172276,-0.003258116987805426,False,0.008,2.0,0.0
2024-02-26,-0.0027664397115122474,0.015385125545707458,15385.125545707459,0.0027664397115122474,False,0.008,2.0,0.0
2024-02-27,-0.0003745055025506262,0.014999501915888457,14999.501915888457,0.0003745055025506262,False,0.008,2.0,0.0
2024-02-28,-0.0023150861928431963,0.014544122413276125,14544.122413276125,0.0023150861928431963,False,0.008,2.0,0.0
2024-02-29,0.004974531556123996,0.014162625115026532,14162.62511502653,-0.004974531556123996,False,0.008,2.0,0.0
2024-03-01,0.01236796497527104,0.01402071702487036,14020.717024870359,-0.01236796497527104,False,0.008,2.0,0.0
2024-03-04,0.0010577538665280883,0.015311956348565291,15311.95634856529,-0.0010577538665280883,False,0.008,2.0,0.0
2024-03-05,-0.003318986729234341,0.01485772359676385,14857.72359676385,0.003318986729234341,False,0.008,2.0,0.0
2024-03-06,0.007984762466820785,0.014528722345111468,14528.722345111468,-0.007984762466820785,False,0.008,2.0,0.0
2024-03-07,0.00720131772547763,0.014802747422231997,14802.747422231998,-0.00720131772547763,False,0.008,2.0,0.0
2024-03-08,-0.002947190601300087,0.014926934377016969,14926.934377016969,0.002947190601300087,False,0.008,2.0,0.0
2024-03-11,-0.00021102485908679473,0.014569317371317878,14569.317371317877,0.00021102485908679473,False,0.008,2.0,0.0
2024-03-12,0.0033580874176300846,0.014125989102712498,14125.989102712498,-0.0033580874176300846,False,0.008,2.0,0.0
2024-03-13,-0.0020475749166913196,0.0138286900765151,13828.690076515099,0.0020475749166913196,False,0.008,2.0,0.0
2024-03-14,-0.005824716791109208,0.01345808647588043,13458.08647588043,0.005824716791109208,False,0.008,2.0,0.0
2024-03-15,-0.005672994933772557,0.013463638156034519,13463.638156034518,0.005672994933772557,False,0.008,2.0,0.0
2024-03-18,0.0031574973681314238,0.013447810135544178,13447.810135544178,-0.0031574973681314238,False,0.008,2.0,0.0
2024-03-19,0.0009615365462786851,0.013161698542882294,13161.698542882294,-0.0009615365462786851,False,0.008,2.0,0.0
2024-03-20,0.008802720286012767,0.012772497988370615,12772.497988370615,-0.008802720286012767,False,0.008,2.0,0.0
2024-03-21,0.002073523008422806,0.013360758870125495,13360.758870125495,-0.002073523008422806,False,0.008,2.0,0.0
2024-03-22,-0.0012518357831869725,0.013007512851392662,13007.512851392661,0.0012518357831869725,False,0.008,2.0,0.0
2024-03-25,-0.001492922576530731,0.012631410198443651,12631.410198443651,0.001492922576530731,False,0.008,2.0,0.0
2024-03-26,3.9172865710779325e-05,0.012276119085035859,12276.119085035858,-3.9172865710779325e-05,False,0.008,2.0,0.0
2024-03-27,0.006136288209384056,0.011902159975401809,11902.159975401808,-0.006136288209384056,False,0.008,2.0,0.0
2024-03-28,0.00273715876956413,0.012057715639437106,12057.715639437105,-0.00273715876956413,False,0.008,2.0,0.0
2024-04-01,-0.0012703802291508472,0.011793979956780911,11793.979956780911,0.0012703802291508472,False,0.008,2.0,0.0
2024-04-02,-0.000513472211477839,0.01145757957637374,11457.579576373739,0.000513472211477839,False,0.008,2.0,0.0
2024-04-03,0.0025248924103806526,0.011112388308879841,11112.388308879841,-0.0025248924103806526,False,0.008,2.0,0.0
2024-04-04,-0.005937948584002784,0.010869505031761026,10869.505031761026,0.005937948584002784,False,0.008,2.0,0.0
2024-04-05,0.00552255370038266,0.011068266629681927,11068.266629681926,-0.00552255370038266,False,0.008,2.0,0.0
2024-04-08,0.0027037642695275643,0.011182998105199097,11182.998105199098,-0.0027037642695275643,False,0.008,2.0,0.0
2024-04-09,0.005279815908626162,0.010951239542698853,10951.239542698853,-0.005279815908626162,False,0.008,2.0,0.0
2024-04-10,-0.012727042345120988,0.011035657429384232,11035.657429384231,0.012727042345120988,True,0.012,3.0,0.0016913849157367562
2024-04-11,0.008893492895007137,0.012925746915141253,12925.746915141253,-0.008893492895007137,False,0.012,3.0,0.0
2024-04-12,-0.012108442254675422,0.013517892221064077,13517.892221064078,0.012108442254675422,False,0.012,3.0,0.0
2024-04-15,-0.006436144155189005,0.014811384009957808,14811.384009957808,0.006436144155189005,False,0.012,3.0,0.0
2024-04-16,-0.004061404858458672,0.014821113105538375,14821.113105538376,0.004061404858458672,False,0.012,3.0,0.0
2024-04-17,-0.003028889279601522,0.0145547801441502,14554.7801441502,0.003028889279601522,False,0.012,3.0,0.0
2024-04-18,-0.0010719923354881367,0.014216543391446446,14216.543391446447,0.0010719923354881367,False,0.012,3.0,0.0
2024-04-19,-0.00533933781029341,0.013796979743926229,13796.97974392623,0.00533933781029341,False,0.012,3.0,0.0
2024-04-22,0.0007418163836939716,0.013718322046382516,13718.322046382516,-0.0007418163836939716,False,0.012,3.0,0.0
2024-04-23,0.0065779038605746415,0.013307122354879228,13307.122354879228,-0.0065779038605746415,False,0.012,3.0,0.0
2024-04-24,-0.0005127795437329219,0.013435204201847203,13435.204201847204,0.0005127795437329219,False,0.012,3.0,0.0
2024-04-25,-0.0014925868903518992,0.013029190702754675,13029.190702754675,0.0014925868903518992,False,0.012,3.0,0.0
2024-04-26,0.008987153153854078,0.012660869793389647,12660.869793389647,-0.008987153153854078,False,0.012,3.0,0.0
2024-04-29,0.004734581468524857,0.013300621759101109,13300.621759101108,-0.004734581468524857,False,0.012,3.0,0.0
2024-04-30,-0.015425634238510356,0.013174635225830657,13174.635225830656,0.015425634238510356,True,0.016,4.0,0.0022509990126796994
2024-05-01,0.00138632082826633,0.015505561310721987,15505.561310721987,-0.00138632082826633,False,0.016,4.0,0.0
2024-05-02,0.00983098045013644,0.015053941282373685,15053.941282373684,-0.00983098045013644,False,0.016,4.0,0.0
2024-05-03,0.010168731731805526,0.015633517293671045,15633.517293671046,-0.010168731731805526,False,0.016,4.0,0.0
2024-05-06,0.007327254841243702,0.016227102405860058,16227.102405860058,-0.007327254841243702,False,0.016,4.0,0.0
2024-05-07,-0.0005771365019159089,0.016277381978807487,16277.381978807487,0.0005771365019159089,False,0.016,4.0,0.0
2024-05-08,-0.0018517930089034353,0.01578493370245875,15784.933702458748,0.0018517930089034353,False,0.016,4.0,0.0
2024-05-09,0.006334951402014077,0.015340396729893182,15340.396729893182,-0.006334951402014077,False,0.016,4.0,0.0
2024-05-10,0.0016508226561620098,0.015304881165249286,15304.881165249286,-0.0016508226561620098,False,0.016,4.0,0.0
2024-05-13,0.00026412933002593073,0.014868420862012512,14868.420862012512,-0.00026412933002593073,False,0.016,4.0,0.0
2024-05-14,0.006099735291379504,0.014416254576577792,14416.254576577792,-0.006099735291379504,False,0.016,4.0,0.0
2024-05-15,0.01303690513293665,0.01440278581178805,14402.78581178805,-0.01303690513293665,False,0.016,4.0,0.0
2024-05-16,-0.0013781494455574307,0.01581715683064559,15817.15683064559,0.0013781494455574307,False,0.016,4.0,0.0
2024-05-17,0.003013614612515659,0.015355397439510258,15355.397439510258,-0.003013614612515659,False,0.016,4.0,0.0
2024-05-20,0.0011081403407640523,0.014986325266027486,14986.325266027487,-0.0011081403407640523,False,0.016,4.0,0.0
2024-05-21,0.00038177759972459754,0.014543496434801259,14543.496434801258,-0.00038177759972459754,False,0.016,4.0,0.0
2024-05-22,-0.004695683940587437,0.014102121102721903,14102.121102721903,0.004695683940587437,False,0.016,4.0,0.0
2024-05-23,-0.009117067509077882,0.013931883842583339,13931.883842583338,0.009117067509077882,False,0.016,4.0,0.0
2024-05-24,0.004552053309179538,0.014472112589073842,14472.112589073842,-0.004552053309179538,False,0.016,4.0,0.0
2024-05-28,-0.00014810628057158054,0.014268986424117341,14268.986424117342,0.00014810628057158054,False,0.016,4.0,0.0
2024-05-29,-0.010070797015778954,0.013834553043171808,13834.553043171807,0.010070797015778954,False,0.016,4.0,0.0
2024-05-30,-0.0017241008753219544,0.014589171865545201,14589.1718655452,0.0017241008753219544,False,0.016,4.0,0.0
2024-05-31,-0.0003084836550924841,0.014178805263075566,14178.805263075566,0.0003084836550924841,False,0.016,4.0,0.0
2024-06-03,0.008361211805232704,0.013747985598716778,13747.985598716778,-0.008361211805232704,False,0.016,4.0,0.0
2024-06-04,-0.0014825513875658786,0.014155118134011848,14155.118134011847,0.0014825513875658786,False,0.016,4.0,0.0
2024-06-05,0.013463737995366777,0.013749873978492656,13749.873978492657,-0.013463737995366777,False,0.016,4.0,0.0
2024-06-06,0.0020982495430883047,0.015381061933135149,15381.061933135148,-0.0020982495430883047,False,0.016,4.0,0.0
2024-06-07,-0.01348363405075117,0.014960349033773095,14960.349033773095,0.01348363405075117,False,0.016,4.0,0.0
2024-06-10,0.003115400600319651,0.016413987587320423,16413.987587320422,-0.003115400600319651,False,0.016,4.0,0.0
2024-06-11,0.003827337749023663,0.01601266465705019,16012.66465705019,-0.003827337749023663,False,0.016,4.0,0.0
2024-06-12,0.008303904230495762,0.015677298122252215,15677.298122252214,-0.008303904230495762,False,0.016,4.0,0.0
2024-06-13,0.002323586607447803,0.015919220771954085,15919.220771954086,-0.002323586607447803,False,0.016,4.0,0.0
2024-06-14,0.005669877037875582,0.01549094708008905,15490.94708008905,-0.005669877037875582,False,0.016,4.0,0.0
2024-06-17,0.002296352870004226,0.015362617268928016,15362.617268928016,-0.002296352870004226,False,0.016,4.0,0.0
2024-06-18,0.005041776976053836,0.01495197982698317,14951.97982698317,-0.005041776976053836,False,0.016,4.0,0.0
2024-06-20,-0.0012465244673810717,0.014778432346720742,14778.432346720741,0.0012465244673810717,False,0.016,4.0,0.0
2024-06-21,-0.0046032506666866535,0.014345817735908116,14345.817735908116,0.0046032506666866535,False,0.016,4.0,0.0
2024-06-24,-0.001326682154146597,0.014153974454275742,14153.974454275742,0.001326682154146597,False,0.016,4.0,0.0
2024-06-25,0.00193530470511194,0.013743595494210104,13743.595494210103,-0.00193530470511194,False,0.016,4.0,0.0
2024-06-26,-0.004462956836419796,0.013370468056238186,13370.468056238185,0.004462956836419796,False,0.016,4.0,0.0
2024-06-27,0.0040345999026163435,0.013210257097871145,13210.257097871145,-0.0040345999026163435,False,0.016,4.0,0.0
2024-06-28,-0.005151366185695472,0.01301252961233581,13012.529612335811,0.005151366185695472,False,0.016,4.0,0.0
2024-07-01,-0.0008765931170340082,0.012953113887537998,12953.113887537998,0.0008765931170340082,False,0.016,4.0,0.0
2024-07-02,0.005602755881398402,0.01256844003176613,12568.44003176613,-0.005602755881398402,False,0.016,4.0,0.0
2024-07-03,0.01038371788020731,0.012596856327677422,12596.856327677422,-0.01038371788020731,False,0.016,4.0,0.0
2024-07-05,0.008420320087760613,0.013570964888538659,13570.96488853866,-0.008420320087760613,False,0.016,4.0,0.0
2024-07-08,-0.0012959265729859393,0.01400512773937683,14005.12773937683,0.0012959265729859393,False,0.016,4.0,0.0
2024-07-09,0.0006474490746294581,0.01359854107198339,13598.54107198339,-0.0006474490746294581,False,0.016,4.0,0.0
2024-07-10,0.006565457499736072,0.013189435808616593,13189.435808616594,-0.006565457499736072,False,0.016,4.0,0.0
2024-07-11,0.0005590712793050569,0.013323678241835786,13323.678241835785,-0.0005590712793050569,False,0.016,4.0,0.0
2024-07-12,0.003978407722063726,0.012921713141361715,12921.713141361715,-0.003978407722063726,False,0.016,4.0,0.0
2024-07-15,-0.002678211321102197,0.012731532109660436,12731.532109660435,0.002678211321102197,False,0.016,4.0,0.0
2024-07-16,0.009204555918799961,0.012437664837374766,12437.664837374767,-0.009204555918799961,False,0.016,4.0,0.0
2024-07-17,-0.012812645989619266,0.013150086236232626,13150.086236232626,0.012812645989619266,False,0.016,4.0,0.0
2024-07-18,-0.007170661273181733,0.014692023101646136,14692.023101646137,0.007170661273181733,False,0.016,4.0,0.0
2024-07-19,-0.009811419128164321,0.014818922427679744,14818.922427679745,0.009811419128164321,False,0.016,4.0,0.0
2024-07-22,0.006208037111973597,0.015416959907002438,15416.959907002438,-0.006208037111973597,False,0.016,4.0,0.0
2024-07-23,-0.0023592022191950114,0.015360210575494426,15360.210575494426,0.0023592022191950114,False,0.016,4.0,0.0
2024-07-24,-0.01747170490049894,0.01495283275873237,14952.83275873237,0.01747170490049894,True,0.02,5.0,0.002518872141766571
2024-07-25,-0.005545189657227612,0.017586762692676082,17586.762692676082,0.005545189657227612,False,0.02,5.0,0.0
2024-07-26,0.010009739089740899,0.01734131571916124,17341.31571916124,-0.010009739089740899,False,0.02,5.0,0.0
2024-07-29,0.0006526800521407639,0.017754227742015266,17754.227742015268,-0.0006526800521407639,False,0.02,5.0,0.0
2024-07-30,-0.0018924396570527025,0.017217379932294784,17217.379932294785,0.0018924396570527025,False,0.02,5.0,0.0
2024-07-31,0.01921551031440494,0.016727665333980513,16727.665333980513,-0.01921551031440494,False,0.02,5.0,0.0
2024-08-01,-0.010132582581662965,0.019568388343411208,19568.388343411207,0.010132582581662965,False,0.02,5.0,0.0
2024-08-02,-0.00546279733037296,0.019831404765885415,19831.404765885414,0.00546279733037296,False,0.02,5.0,0.0
2024-08-05,-0.018941348934777724,0.019477620325135215,19477.620325135216,0.018941348934777724,False,0.02,5.0,0.0
2024-08-06,-0.0011807935696957815,0.02175118571025229,21751.18571025229,0.0011807935696957815,False,0.02,5.0,0.0
2024-08-07,-0.0038167562601641117,0.02109928848701564,21099.28848701564,0.0038167562601641117,False,0.02,5.0,0.0
2024-08-08,0.017196684201120593,0.020571812856020066,20571.812856020064,-0.017196684201120593,False,0.02,5.0,0.0
2024-08-09,0.0054894520259053175,0.022222370972512836,22222.370972512836,-0.0054894520259053175,False,0.02,5.0,0.0
2024-08-12,0.005357606898972067,0.021771281406403636,21771.281406403636,-0.005357606898972067,False,0.02,5.0,0.0
2024-08-13,0.011559700441767773,0.021327680085003454,21327.680085003452,-0.011559700441767773,False,0.02,5.0,0.0
2024-08-14,-0.0007591986625645749,0.021701800589120086,21701.800589120085,0.0007591986625645749,False,0.02,5.0,0.0
2024-08-15,0.009709285534803325,0.02104512340641705,21045.123406417053,-0.009709285534803325,False,0.02,5.0,0.0
2024-08-16,0.008213830206859686,0.021140818730006367,21140.818730006366,-0.008213830206859686,False,0.02,5.0,0.0
2024-08-19,0.007070573880972587,0.02102440540515214,21024.40540515214,-0.007070573880972587,False,0.02,5.0,0.0
2024-08-20,3.1211965878830086e-05,0.020778293973568406,20778.293973568405,-3.1211965878830086e-05,False,0.02,5.0,0.0
2024-08-21,0.002256802082439702,0.020145311284680587,20145.31128468059,-0.002256802082439702,False,0.02,5.0,0.0
2024-08-22,-0.011594541239018753,0.019573895115426794,19573.895115426792,0.011594541239018753,False,0.02,5.0,0.0
2024-08-23,0.011253854906335549,0.020094812403932384,20094.812403932385,-0.011253854906335549,False,0.02,5.0,0.0
2024-08-26,-0.003976653460805513,0.020510927300946637,20510.927300946638,0.003976653460805513,False,0.02,5.0,0.0
2024-08-27,0.001342954407506958,0.02001477450634783,20014.774506347832,-0.001342954407506958,False,0.02,5.0,0.0
2024-08-28,-0.006321406744538938,0.01942012760879927,19420.12760879927,0.006321406744538938,False,0.02,5.0,0.0
2024-08-29,0.00019912138108522113,0.01916998937262809,19169.98937262809,-0.00019912138108522113,False,0.02,5.0,0.0
2024-08-30,0.001151139792546374,0.018586340620771753,18586.340620771753,-0.001151139792546374,False,0.02,5.0,0.0
2024-09-03,-0.011747530083894555,0.018032060883335397,18032.060883335398,0.011747530083894555,False,0.02,5.0,0.0
2024-09-04,0.0017234819782974808,0.018720519267047542,18720.51926704754,-0.0017234819782974808,False,0.02,5.0,0.0
2024-09-05,0.0027803261064625498,0.01817676806800988,18176.76806800988,-0.0027803261064625498,False,0.02,5.0,0.0
2024-09-06,-0.013889619007730248,0.01769410380435613,17694.10380435613,0.013889619007730248,False,0.02,5.0,0.0
2024-09-09,0.008191655330665527,0.018892873884500592,18892.87388450059,-0.008191655330665527,False,0.02,5.0,0.0
2024-09-10,0.004240960491568591,0.018902739859615967,18902.739859615966,-0.004240960491568591,False,0.02,5.0,0.0
2024-09-11,0.007395062567909472,0.018485534269527128,18485.53426952713,-0.007395062567909472,False,0.02,5.0,0.0
2024-09-12,0.007882713253918228,0.018411129208441082,18411.12920844108,-0.007882713253918228,False,0.02,5.0,0.0
2024-09-13,0.005406788547202579,0.018406745657307978,18406.745657307976,-0.005406788547202579,False,0.02,5.0,0.0
2024-09-16,0.0018812668624489384,0.018110004440081557,18110.004440081557,-0.0018812668624489384,False,0.02,5.0,0.0
2024-09-17,-0.001653262174243131,0.0175909960040456,17590.9960040456,0.001653262174243131,False,0.02,5.0,0.0
2024-09-18,-0.006177652101664589,0.017081103125962633,17081.103125962632,0.006177652101664589,False,0.02,5.0,0.0
2024-09-19,0.015160532778584111,0.016930753431662022,16930.753431662022,-0.015160532778584111,False,0.016,4.0,0.0
2024-09-20,0.0006388856659417908,0.018549505265911422,18549.505265911423,-0.0006388856659417908,False,0.016,4.0,0.0
2024-09-23,0.002549671433424749,0.017988097087787317,17988.09708778732,-0.002549671433424749,False,0.016,4.0,0.0
2024-09-24,0.011103739434233996,0.017500521282445333,17500.521282445334,-0.011103739434233996,False,0.016,4.0,0.0
2024-09-25,-0.004302894895570564,0.018108757053076,18108.757053076002,0.004302894895570564,False,0.016,4.0,0.0
2024-09-26,0.011108303900791316,0.017727478658694094,17727.478658694094,-0.011108303900791316,False,0.016,4.0,0.0
2024-09-27,-0.0023338468854132936,0.018315991445724163,18315.99144572416,0.0023338468854132936,False,0.016,4.0,0.0
2024-09-30,-0.004427944885978508,0.017807741964727952,17807.741964727953,0.004427944885978508,False,0.016,4.0,0.0
2024-10-01,0.0004032869909609048,0.0174486473846787,17448.6473846787,-0.0004032869909609048,False,0.016,4.0,0.0
2024-10-02,0.0026624400018191437,0.01691865211478492,16918.65211478492,-0.0026624400018191437,False,0.016,4.0,0.0
2024-10-03,-0.004915408429026358,0.01647325417189773,16473.25417189773,0.004915408429026358,False,0.016,4.0,0.0
2024-10-04,0.00318557813476279,0.01621516270813435,16215.162708134352,-0.00318557813476279,False,0.016,4.0,0.0
2024-10-07,-0.0044744329921574625,0.01582563666892499,15825.636668924988,0.0044744329921574625,False,0.016,4.0,0.0
2024-10-08,-0.0011994344686447665,0.01555392798609294,15553.92798609294,0.0011994344686447665,False,0.016,4.0,0.0
2024-10-09,-0.0003496024591591597,0.015095573599755765,15095.573599755766,0.0003496024591591597,False,0.016,4.0,0.0
2024-10-10,0.000499757631832254,0.014637057384659992,14637.057384659991,-0.000499757631832254,False,0.016,4.0,0.0
2024-10-11,0.004318920670665616,0.014194010768074111,14194.010768074111,-0.004318920670665616,False,0.016,4.0,0.0
2024-10-14,0.0023178039662025587,0.013979937546092431,13979.937546092431,-0.0023178039662025587,False,0.016,4.0,0.0
2024-10-15,-0.005347216984348279,0.013618251219038516,13618.251219038517,0.005347216984348279,False,0.016,4.0,0.0
2024-10-16,0.00428589531052257,0.013550417347620506,13550.417347620505,-0.00428589531052257,False,0.016,4.0,0.0
2024-10-17,-0.0021226349303408833,0.01336269486606024,13362.694866060241,0.0021226349303408833,False,0.016,4.0,0.0
2024-10-18,0.00633246315368723,0.013011953747526856,13011.953747526855,-0.00633246315368723,False,0.016,4.0,0.0
2024-10-21,-0.004871905441832381,0.013121483567083292,13121.48356708329,0.004871905441832381,False,0.016,4.0,0.0
2024-10-22,0.0020257804705658303,0.013021142815592643,13021.142815592642,-0.0020257804705658303,False,0.016,4.0,0.0
2024-10-23,-0.00903079010174821,0.012677133200128414,12677.133200128414,0.00903079010174821,False,0.016,4.0,0.0
2024-10-24,0.004565038059436888,0.01332475898391063,13324.758983910631,-0.004565038059436888,False,0.016,4.0,0.0
2024-10-25,0.0002615755554947307,0.013178131272562368,13178.131272562368,-0.0002615755554947307,False,0.016,4.0,0.0
2024-10-28,0.0010022929513233026,0.012777541731132588,12777.54173113259,-0.0010022929513233026,False,0.016,4.0,0.0
2024-10-29,0.004111212930476827,0.012401445190288532,12401.445190288532,-0.004111212930476827,False,0.016,4.0,0.0
2024-10-30,-0.0023762867150418864,0.012249752075901342,12249.752075901342,0.0023762867150418864,False,0.016,4.0,0.0
2024-10-31,-0.01303963551662728,0.01195351887693348,11953.51887693348,0.01303963551662728,True,0.02,5.0,0.0010861166396937995
2024-11-01,-0.0011362563531209793,0.013766813771453123,13766.813771453122,0.0011362563531209793,False,0.02,5.0,0.0
2024-11-04,0.0034999611505319495,0.013363116498985327,13363.116498985326,-0.0034999611505319495,False,0.02,5.0,0.0
2024-11-05,0.009209829064236752,0.013108629360622312,13108.629360622312,-0.009209829064236752,False,0.02,5.0,0.0
2024-11-06,-0.003618942515905332,0.01375021876044066,13750.218760440659,0.003618942515905332,False,0.02,5.0,0.0
2024-11-07,0.014836735165462666,0.01348988869711626,13489.888697116261,-0.014836735165462666,False,0.02,5.0,0.0
2024-11-08,-0.002650270784964182,0.015573608179961682,15573.608179961682,0.002650270784964182,False,0.02,5.0,0.0
2024-11-11,-0.0071164388547858785,0.015174511629600833,15174.511629600833,0.0071164388547858785,False,0.02,5.0,0.0
2024-11-12,-0.00949970891281464,0.01526088323544581,15260.88323544581,0.00949970891281464,False,0.02,5.0,0.0
2024-11-13,-0.005361842028312425,0.015755141896862602,15755.141896862602,0.005361842028312425,False,0.02,5.0,0.0
2024-11-14,-0.0031510850030156633,0.015577751224998765,15577.751224998765,0.0031510850030156633,False,0.02,5.0,0.0
2024-11-15,-0.008212785854468763,0.015209554383758157,15209.554383758157,0.008212785854468763,False,0.02,5.0,0.0
2024-11-18,0.008650011880108189,0.015471024543288655,15471.024543288655,-0.008650011880108189,False,0.02,5.0,0.0
2024-11-19,0.0047802586488430165,0.01578883781014475,15788.83781014475,-0.0047802586488430165,False,0.02,5.0,0.0
2024-11-20,0.00020917928556545278,0.015548316503407305,15548.316503407304,-0.00020917928556545278,False,0.02,5.0,0.0
2024-11-21,0.0028910344829532254,0.015075123398741452,15075.123398741453,-0.0028910344829532254,False,0.02,5.0,0.0
2024-11-22,0.003676053848770655,0.014708425057712408,14708.425057712408,-0.003676053848770655,False,0.02,5.0,0.0
2024-11-25,0.00041922018442035533,0.01441337844313954,14413.37844313954,-0.00041922018442035533,False,0.02,5.0,0.0
2024-11-26,0.0008981026826123007,0.013976330578606073,13976.330578606074,-0.0008981026826123007,False,0.02,5.0,0.0
2024-11-27,-7.222433379305838e-05,0.013560215991694106,13560.215991694105,7.222433379305838e-05,False,0.02,5.0,0.0
2024-11-29,0.007113151663100715,0.01314718160285579,13147.18160285579,-0.007113151663100715,False,0.02,5.0,0.0
2024-12-02,0.0020516404560960715,0.013375611932338107,13375.611932338106,-0.0020516404560960715,False,0.02,5.0,0.0
2024-12-03,-0.00020272129165346275,0.013020728433047173,13020.728433047174,0.00020272129165346275,False,0.02,5.0,0.0
2024-12-04,0.006975842844884861,0.01262459311023714,12624.59311023714,-0.006975842844884861,False,0.02,5.0,0.0
2024-12-05,-0.0006295356874256754,0.012869299554732394,12869.299554732394,0.0006295356874256754,False,0.02,5.0,0.0
2024-12-06,0.002221505333743701,0.012482404725178965,12482.404725178965,-0.002221505333743701,False,0.02,5.0,0.0
2024-12-09,0.0016579923166591295,0.01216816715488644,12168.16715488644,-0.0016579923166591295,False,0.02,5.0,0.0
2024-12-10,-0.0028293375000035146,0.011835246186685165,11835.246186685165,0.0028293375000035146,False,0.02,5.0,0.0
2024-12-11,0.005960215465100883,0.01158740915767921,11587.40915767921,-0.005960215465100883,False,0.02,5.0,0.0
2024-12-12,-0.008678777081909339,0.011736573216787746,11736.573216787747,0.008678777081909339,False,0.02,5.0,0.0
2024-12-13,-0.002787458874571391,0.01240726140532868,12407.26140532868,0.002787458874571391,False,0.02,5.0,0.0
2024-12-16,0.0037259717171310045,0.012133702193381836,12133.702193381836,-0.0037259717171310045,False,0.02,5.0,0.0
2024-12-17,-0.002464224771013801,0.011954124026726713,11954.124026726713,0.002464224771013801,False,0.02,5.0,0.0
2024-12-18,-0.024169433321582567,0.011674708083921442,11674.708083921441,0.024169433321582567,True,0.024,6.0,0.012494725237661125
2024-12-19,-0.0030288385685052215,0.017827117117928358,17827.11711792836,0.0030288385685052215,False,0.024,6.0,0.0
2024-12-20,0.008181875568101927,0.017369991858405154,17369.991858405152,-0.008181875568101927,False,0.024,6.0,0.0
2024-12-23,0.0015055861247278866,0.017474294136788672,17474.29413678867,-0.0015055861247278866,False,0.024,6.0,0.0
2024-12-24,0.00679071335494692,0.016963665753550895,16963.665753550893,-0.00679071335494692,False,0.024,6.0,0.0
2024-12-26,0.0004103538559013575,0.016895969210320702,16895.9692103207,-0.0004103538559013575,False,0.024,6.0,0.0
2024-12-27,-0.00867203829248262,0.016382918776889042,16382.918776889042,0.00867203829248262,False,0.024,6.0,0.0
2024-12-30,-0.005580519491146418,0.016634779021532133,16634.779021532133,0.005580519491146418,False,0.024,6.0,0.0
2024-12-31,-0.00291773859871165,0.016438528459605764,16438.528459605765,0.00291773859871165,False,0.024,6.0,0.0
2025-01-02,0.0020976233173048975,0.01602423342145465,16024.233421454652,-0.0020976233173048975,False,0.024,6.0,0.0
2025-01-03,0.005429235465514792,0.015581984505431825,15581.984505431825,-0.005429235465514792,False,0.024,6.0,0.0
2025-01-06,0.0030225071799113274,0.015420823608653322,15420.823608653322,-0.0030225071799113274,False,0.024,6.0,0.0
2025-01-07,-0.008376960053659043,0.015049921280206895,15049.921280206894,0.008376960053659043,False,0.024,6.0,0.0
2025-01-08,0.0006939851923684959,0.015352407109853389,15352.40710985339,-0.0006939851923684959,False,0.024,6.0,0.0
2025-01-10,-0.009000330848066708,0.014889963295457838,14889.963295457837,0.009000330848066708,False,0.024,6.0,0.0
2025-01-13,-0.0037559706391694374,0.015320316160253958,15320.316160253959,0.0037559706391694374,False,0.024,6.0,0.0
2025-01-14,0.003061837899579989,0.0150070050352457,15007.0050352457,-0.003061837899579989,False,0.024,6.0,0.0
2025-01-15,0.01580105488821264,0.014654068733984076,14654.068733984075,-0.01580105488821264,False,0.024,6.0,0.0
2025-01-16,2.5837106898185447e-06,0.016820510417264393,16820.510417264395,-2.5837106898185447e-06,False,0.024,6.0,0.0
2025-01-17,0.006247291567040625,0.016308089974706046,16308.089974706047,-0.006247291567040625,False,0.024,6.0,0.0
2025-01-21,0.010028285286023442,0.016207088182197942,16207.088182197942,-0.010028285286023442,False,0.024,6.0,0.0
2025-01-22,0.003803858171649299,0.01672019269204156,16720.19269204156,-0.003803858171649299,False,0.024,6.0,0.0
2025-01-23,0.0001495306646359217,0.01635510148229296,16355.10148229296,-0.0001495306646359217,False,0.024,6.0,0.0
2025-01-24,0.0017403882505678814,0.01585708813860419,15857.08813860419,-0.0017403882505678814,False,0.024,6.0,0.0
2025-01-27,-0.012003310995790106,0.015405971291988417,15405.971291988417,0.012003310995790106,False,0.024,6.0,0.0
2025-01-28,0.007740009306828455,0.016428264936400882,16428.264936400883,-0.007740009306828455,False,0.024,6.0,0.0
2025-01-29,-0.00240142823505789,0.016527173947225336,16527.173947225336,0.00240142823505789,False,0.024,6.0,0.0
2025-01-30,0.009093953449724124,0.016082015029914413,16082.015029914413,-0.009093953449724124,False,0.024,6.0,0.0
2025-01-31,-0.004540718537914446,0.01643067715233795,16430.67715233795,0.004540718537914446,False,0.024,6.0,0.0
2025-02-03,-0.0017020387919701068,0.01613890050417014,16138.90050417014,0.0017020387919701068,False,0.024,6.0,0.0
2025-02-04,0.009962964847932108,0.015677274560294458,15677.274560294458,-0.009962964847932108,False,0.024,6.0,0.0
2025-02-05,0.0057528126044788415,0.016225338731288393,16225.338731288393,-0.0057528126044788415,False,0.024,6.0,0.0
2025-02-06,0.0019561299457568904,0.01606898475083137,16068.98475083137,-0.0019561299457568904,False,0.024,6.0,0.0
2025-02-07,-0.005472642384448267,0.015619284024691506,15619.284024691506,0.005472642384448267,False,0.024,6.0,0.0
2025-02-10,0.008969348889927287,0.015461223287635916,15461.223287635916,-0.008969348889927287,False,0.024,6.0,0.0
2025-02-11,-0.0031128480120737882,0.015837595177292874,15837.595177292875,0.0031128480120737882,False,0.024,6.0,0.0
2025-02-12,-0.0019293841119379044,0.015457233698347481,15457.233698347482,0.0019293841119379044,False,0.02,5.0,0.0
2025-02-13,0.011564688125601831,0.015026618491706284,15026.618491706284,-0.011564688125601831,False,0.02,5.0,0.0
2025-02-14,0.00045851945595274394,0.015989970804006222,15989.970804006221,-0.00045851945595274394,False,0.02,5.0,0.0
2025-02-18,0.0032581310060813217,0.015505053504100249,15505.05350410025,-0.0032581310060813217,False,0.02,5.0,0.0
2025-02-19,0.0005738310915102353,0.015146922271399467,15146.922271399468,-0.0005738310915102353,False,0.02,5.0,0.0
2025-02-20,0.0010084220566637823,0.014689125959119243,14689.125959119243,-0.0010084220566637823,False,0.02,5.0,0.0
2025-02-21,-0.005916708150059091,0.014253224279727944,14253.224279727943,0.005916708150059091,False,0.02,5.0,0.0
2025-02-24,-0.004678202620316441,0.014224363988789592,14224.363988789592,0.004678202620316441,False,0.02,5.0,0.0
2025-02-25,-0.0025670154529422455,0.014046320723406258,14046.320723406257,0.0025670154529422455,False,0.02,5.0,0.0
2025-02-26,0.004059847187759092,0.013696747833103595,13696.747833103595,-0.004059847187759092,False,0.02,5.0,0.0
2025-02-27,-0.017102643510171545,0.013479499041337047,13479.499041337047,0.017102643510171545,True,0.024,6.0,0.0036231444688344973
2025-02-28,0.004740352274210192,0.01630257534176582,16302.57534176582,-0.004740352274210192,False,0.024,6.0,0.0
2025-03-03,-0.006069917283221727,0.016035091088221824,16035.091088221823,0.006069917283221727,False,0.024,6.0,0.0
2025-03-04,-0.0020133140604014165,0.01592672012415571,15926.720124155709,0.0020133140604014165,False,0.024,6.0,0.0
2025-03-05,0.009549805727869388,0.015484088424295432,15484.088424295433,-0.009549805727869388,False,0.024,6.0,0.0
2025-03-06,-0.011988941618029103,0.01596825187404323,15968.25187404323,0.011988941618029103,False,0.024,6.0,0.0
2025-03-07,0.003050083682712601,0.016922133200190405,16922.133200190405,-0.003050083682712601,False,0.024,6.0,0.0
2025-03-10,-0.01751591035345654,0.016498420868557944,16498.420868557943,0.01751591035345654,True,0.028,7.0,0.0010174894848985969
2025-03-11,0.00043754587458741964,0.01885445519968676,18854.45519968676,-0.00043754587458741964,False,0.028,7.0,0.0
2025-03-12,0.004090061224223929,0.018281772815683318,18281.77281568332,-0.004090061224223929,False,0.028,7.0,0.0
2025-03-13,-0.0017736222045044107,0.01787741115328351,17877.41115328351,0.0017736222045044107,False,0.028,7.0,0.0
2025-03-14,0.0116408555417308,0.017362234393931298,17362.2343939313,-0.0116408555417308,False,0.028,7.0,0.0
2025-03-17,0.00832941133563092,0.01809315186546166,18093.15186546166,-0.00832941133563092,False,0.028,7.0,0.0
2025-03-18,-0.004052682972989064,0.018172747603147275,18172.747603147276,0.004052682972989064,False,0.028,7.0,0.0
2025-03-19,0.007199930392204213,0.017769834131648867,17769.834131648866,-0.007199930392204213,False,0.028,7.0,0.0
2025-03-20,-0.0032383506406484797,0.017710274298406065,17710.274298406064,0.0032383506406484797,False,0.028,7.0,0.0
2025-03-21,-0.0030504644923643686,0.01726962163317164,17269.62163317164,0.0030504644923643686,False,0.028,7.0,0.0
2025-03-24,0.00592651612184314,0.016833508560704105,16833.508560704104,-0.00592651612184314,False,0.028,7.0,0.0
2025-03-25,0.0018992615499752175,0.016666436349382648,16666.436349382646,-0.0018992615499752175,False,0.028,7.0,0.0
2025-03-26,-0.00875694064084649,0.0161949127778226,16194.912777822601,0.00875694064084649,False,0.028,7.0,0.0
2025-03-27,0.0014186909695574458,0.01647540693547964,16475.40693547964,-0.0014186909695574458,False,0.028,7.0,0.0
2025-03-28,-0.008765973199117873,0.015993943781629515,15993.943781629514,0.008765973199117873,False,0.028,7.0,0.0
2025-03-31,0.005861543972982131,0.01629139662062015,16291.39662062015,-0.005861543972982131,False,0.028,7.0,0.0
2025-04-01,0.004155285589460611,0.01614439350379718,16144.39350379718,-0.004155285589460611,False,0.028,7.0,0.0
2025-04-02,0.0032782909291012353,0.015830653511687522,15830.653511687522,-0.0032782909291012353,False,0.028,7.0,0.0
2025-04-03,-0.025088716888988838,0.015461654992045505,15461.654992045505,0.025088716888988838,True,0.032,8.0,0.009627061896943333
2025-04-04,-0.03775536904666752,0.02071492179043429,20714.92179043429,0.03775536904666752,True,0.036,9.0,0.01704044725623323
2025-04-07,-0.017644070768403287,0.029431792511326726,29431.792511326727,0.017644070768403287,False,0.036,9.0,0.0
2025-04-08,-0.012236638162669268,0.030254656617027257,30254.656617027256,0.012236638162669268,False,0.036,9.0,0.0
2025-04-09,0.06744834371296182,0.030150368070008208,30150.368070008208,-0.06744834371296182,False,0.032,8.0,0.0
2025-04-10,-0.02134671012281002,0.048287835909299796,48287.8359092998,0.02134671012281002,False,0.032,8.0,0.0
2025-04-11,0.018432989454197555,0.04837125566305422,48371.25566305422,-0.018432989454197555,False,0.032,8.0,0.0
2025-04-14,0.005402231371424882,0.04805955982233239,48059.55982233239,-0.005402231371424882,False,0.032,8.0,0.0
2025-04-15,0.0012278249933231678,0.046697050123365204,46697.0501233652,-0.0012278249933231678,False,0.032,8.0,0.0
2025-04-16,-0.005180627334869903,0.04527987570948078,45279.87570948077,0.005180627334869903,False,0.032,8.0,0.0
2025-04-17,-0.0008568608580729943,0.04399961446514427,43999.61446514427,0.0008568608580729943,False,0.032,8.0,0.0
2025-04-21,-0.007066422423884357,0.04266200319826995,42662.00319826995,0.007066422423884357,False,0.032,8.0,0.0
2025-04-22,0.011737589667567706,0.04155788834724887,41557.88834724887,-0.011737589667567706,False,0.032,8.0,0.0
2025-04-23,0.007085368376049561,0.04084324581797168,40843.24581797168,-0.007085368376049561,False,0.032,8.0,0.0
2025-04-24,0.017179598728078282,0.03980429505932208,39804.29505932208,-0.017179598728078282,False,0.032,8.0,0.0
2025-04-25,0.0026120080407789235,0.039813999191846604,39813.999191846604,-0.0026120080407789235,False,0.032,8.0,0.0
2025-04-28,0.004489420692501179,0.03862978962746033,38629.78962746033,-0.004489420692501179,False,0.032,8.0,0.0
2025-04-29,0.0028612743611766693,0.03754023946016995,37540.23946016995,-0.0028612743611766693,False,0.032,8.0,0.0
2025-04-30,-0.0025569408491329607,0.03643311405002535,36433.114050025346,0.0025569408491329607,False,0.028,7.0,0.0
2025-05-01,-0.0011847131981716163,0.03535325235386972,35353.25235386972,0.0011847131981716163,False,0.028,7.0,0.0
2025-05-02,0.00983665719905944,0.034282897416004474,34282.897416004475,-0.00983665719905944,False,0.028,7.0,0.0
2025-05-05,0.004034233751554583,0.033707822079719514,33707.82207971952,-0.004034233751554583,False,0.028,7.0,0.0
2025-05-06,0.0019436429143246728,0.03276169961607858,32761.699616078582,-0.0019436429143246728,False,0.028,7.0,0.0
2025-05-07,-0.0028298611202594247,0.031782949994611044,31782.949994611045,0.0028298611202594247,False,0.028,7.0,0.0
2025-05-08,-0.002844493981145168,0.030856877673849918,30856.87767384992,0.002844493981145168,False,0.028,7.0,0.0
2025-05-09,0.0027091030089990255,0.029960730823425253,29960.730823425252,-0.0027091030089990255,False,0.028,7.0,0.0
2025-05-12,0.01157817551500562,0.02908899825058381,29088.99825058381,-0.01157817551500562,False,0.028,7.0,0.0
2025-05-13,0.004757780581403415,0.02896426840045493,28964.26840045493,-0.004757780581403415,False,0.028,7.0,0.0
2025-05-14,-0.0025575365016765163,0.028212470406880324,28212.470406880326,0.0025575365016765163,False,0.028,7.0,0.0
2025-05-15,0.0060611310542944006,0.027391802187390624,27391.802187390625,-0.0060611310542944006,False,0.028,7.0,0.0
2025-05-16,0.00012476008470729846,0.026780987359347593,26780.987359347593,-0.00012476008470729846,False,0.028,7.0,0.0
2025-05-19,0.0028395991185485637,0.025965227923105533,25965.227923105533,-0.0028395991185485637,False,0.028,7.0,0.0
2025-05-20,0.0007286108938614036,0.02522617189851218,25226.17189851218,-0.0007286108938614036,False,0.028,7.0,0.0
2025-05-21,-0.008610013742032675,0.024461204911513452,24461.20491151345,0.008610013742032675,False,0.028,7.0,0.0
2025-05-22,-0.0009205539261187834,0.024218201745141985,24218.201745141985,0.0009205539261187834,False,0.028,7.0,0.0
2025-05-23,0.0023210093096107673,0.02348627656153045,23486.276561530452,-0.0023210093096107673,False,0.028,7.0,0.0
2025-05-27,0.007788682182262697,0.022809167792470577,22809.167792470576,-0.007788682182262697,False,0.028,7.0,0.0
2025-05-28,-0.004270511173045489,0.022555286243035846,22555.286243035847,0.004270511173045489,False,0.028,7.0,0.0
2025-05-29,0.004959181693410653,0.02200314456274262,22003.14456274262,-0.004959181693410653,False,0.028,7.0,0.0
2025-05-30,-0.003983291388696575,0.02151919860156167,21519.198601561668,0.003983291388696575,False,0.028,7.0,0.0
2025-06-02,0.007611037426462942,0.020986744843768595,20986.744843768596,-0.007611037426462942,False,0.028,7.0,0.0
2025-06-03,0.001060363291627331,0.020804490605068976,20804.490605068975,-0.001060363291627331,False,0.028,7.0,0.0
2025-06-04,0.007519355918165771,0.020179750196210114,20179.750196210112,-0.007519355918165771,False,0.028,7.0,0.0
2025-06-05,-0.0023114920654965457,0.020028692449308928,20028.69244930893,0.0023114920654965457,False,0.028,7.0,0.0
2025-06-06,-0.0005776805514920987,0.0194631588811559,19463.158881155898,0.0005776805514920987,False,0.028,7.0,0.0
2025-06-09,0.003334276489762455,0.01887310367103267,18873.10367103267,-0.003334276489762455,False,0.028,7.0,0.0
2025-06-10,0.004686512698681433,0.018396531500846962,18396.531500846962,-0.004686512698681433,False,0.028,7.0,0.0
2025-06-11,0.0012841499785687161,0.01803491739733661,18034.91739733661,-0.0012841499785687161,False,0.028,7.0,0.0
2025-06-12,0.006474728534313457,0.017500806181421306,17500.806181421307,-0.006474728534313457,False,0.028,7.0,0.0
2025-06-13,-0.007229345755513506,0.017364164416014242,17364.164416014242,0.007229345755513506,False,0.028,7.0,0.0
2025-06-16,0.0022693836430513594,0.017331878338037964,17331.878338037965,-0.0022693836430513594,False,0.028,7.0,0.0
2025-06-17,-0.003748256845789966,0.016853565642314997,16853.565642314996,0.003748256845789966,False,0.028,7.0,0.0
2025-06-18,-0.0008373683556712973,0.01647914306285831,16479.14306285831,0.0008373683556712973,False,0.028,7.0,0.0
2025-06-20,-0.0028982292643300323,0.01598424572260333,15984.24572260333,0.0028982292643300323,False,0.028,7.0,0.0
2025-06-23,0.0069324729963120115,0.015585052219783237,15585.052219783238,-0.0069324729963120115,False,0.028,7.0,0.0
2025-06-24,0.008757047701903066,0.015618120714315016,15618.120714315017,-0.008757047701903066,False,0.028,7.0,0.0
2025-06-25,0.0016494424951546184,0.0159433719027354,15943.371902735402,-0.0016494424951546184,False,0.028,7.0,0.0
2025-06-26,0.005553466393333407,0.015486222161336681,15486.222161336682,-0.005553466393333407,False,0.028,7.0,0.0
2025-06-27,-0.0040068358421011755,0.015344320865115363,15344.320865115364,0.0040068358421011755,False,0.028,7.0,0.0
2025-06-30,0.007240527353614779,0.01505106252730926,15051.06252730926,-0.007240527353614779,False,0.028,7.0,0.0
2025-07-01,0.0009030821006615229,0.01516461687252971,15164.61687252971,-0.0009030821006615229,False,0.028,7.0,0.0
2025-07-02,0.003003510814785782,0.014711644748003539,14711.644748003539,-0.003003510814785782,False,0.028,7.0,0.0
2025-07-03,0.0016931957358470753,0.014365786047840879,14365.786047840878,-0.0016931957358470753,False,0.028,7.0,0.0
2025-07-07,-0.007586149569260514,0.013961525191978434,13961.525191978433,0.007586149569260514,False,0.028,7.0,0.0
2025-07-08,-0.0010931017251382127,0.01420971137390486,14209.71137390486,0.0010931017251382127,False,0.028,7.0,0.0
2025-07-09,0.005270925556196926,0.013790900425875835,13790.900425875834,-0.005270925556196926,False,0.028,7.0,0.0
2025-07-10,0.0013979841833397842,0.013703977766740478,13703.977766740478,-0.0013979841833397842,False,0.028,7.0,0.0
2025-07-11,-0.002652638444935862,0.013310359633045266,13310.359633045266,0.002652638444935862,False,0.028,7.0,0.0
2025-07-14,0.00024639568672737424,0.012993097315255485,12993.097315255485,-0.00024639568672737424,False,0.028,7.0,0.0
2025-07-15,-0.0014557471693362302,0.012598057660238153,12598.057660238153,0.0014557471693362302,False,0.028,7.0,0.0
2025-07-16,0.00309832748857124,0.012242406893443287,12242.406893443287,-0.00309832748857124,False,0.028,7.0,0.0
2025-07-17,0.0035057418584356626,0.012000044460244674,12000.044460244673,-0.0035057418584356626,False,0.028,7.0,0.0
2025-07-18,3.96935784237495e-05,0.011804736649183592,11804.736649183593,-3.96935784237495e-05,False,0.028,7.0,0.0
2025-07-21,0.007577401924857697,0.011445139165933973,11445.139165933973,-0.007577401924857697,False,0.028,7.0,0.0
2025-07-22,0.002221193220327633,0.011906965563090626,11906.965563090627,-0.002221193220327633,False,0.028,7.0,0.0
2025-07-23,0.0010470178070973058,0.011613411160314259,11613.41116031426,-0.0010470178070973058,False,0.028,7.0,0.0
2025-07-24,-0.0021619920436063643,0.011275415992449661,11275.415992449662,0.0021619920436063643,False,0.024,6.0,0.0
2025-07-25,0.0001296390587842697,0.011001121996767102,11001.121996767102,-0.0001296390587842697,False,0.024,6.0,0.0
2025-07-28,-0.0033488081360592667,0.010666239323542404,10666.239323542404,0.0033488081360592667,False,0.024,6.0,0.0
2025-07-29,0.0031712941785730256,0.010515895026476036,10515.895026476035,-0.0031712941785730256,False,0.024,6.0,0.0
2025-07-30,-0.005932675273175203,0.010354452439491865,10354.452439491864,0.005932675273175203,False,0.024,6.0,0.0
2025-07-31,-0.001512494646078122,0.010592952037583685,10592.952037583686,0.001512494646078122,False,0.024,6.0,0.0
2025-08-01,-0.001797332004320573,0.010306348668978756,10306.348668978755,0.001797332004320573,False,0.024,6.0,0.0
2025-08-04,0.010516158261013642,0.010044726442137355,10044.726442137355,-0.010516158261013642,False,0.024,6.0,0.0
2025-08-05,-0.001022826726418935,0.01143471411762329,11434.71411762329,0.001022826726418935,False,0.024,6.0,0.0
2025-08-06,0.003411399675050397,0.011101677030776975,11101.677030776975,-0.003411399675050397,False,0.024,6.0,0.0
2025-08-07,0.003526428419726635,0.010937609527797817,10937.609527797817,-0.003526428419726635,False,0.024,6.0,0.0
2025-08-08,0.0023518517609548485,0.010793121186281687,10793.121186281687,-0.0023518517609548485,False,0.024,6.0,0.0
2025-08-11,-0.004199465349653142,0.010549788407889957,10549.788407889957,0.004199465349653142,False,0.024,6.0,0.0
2025-08-12,0.005888585989863105,0.010504601095392424,10504.601095392423,-0.005888585989863105,False,0.024,6.0,0.0
2025-08-13,0.005455405378107515,0.010723126240575823,10723.126240575823,-0.005455405378107515,False,0.024,6.0,0.0
2025-08-14,-0.0053424611047607545,0.010851279142036822,10851.279142036821,0.0053424611047607545,False,0.024,6.0,0.0
2025-08-15,-0.002414969856367244,0.010952314158333792,10952.314158333791,0.002414969856367244,False,0.024,6.0,0.0
2025-08-18,0.00014721919025417757,0.010707462359559048,10707.46235955905,-0.00014721919025417757,False,0.024,6.0,0.0
2025-08-19,-0.00536490782739687,0.010381608875741492,10381.608875741493,0.00536490782739687,False,0.024,6.0,0.0
2025-08-20,0.0004630859822196021,0.01051936880426271,10519.36880426271,-0.0004630859822196021,False,0.024,6.0,0.0
2025-08-21,-0.0038548405372812013,0.010202319698846872,10202.319698846872,0.0038548405372812013,False,0.024,6.0,0.0
2025-08-22,0.013768172999816254,0.010132485691874958,10132.48569187496,-0.013768172999816254,False,0.024,6.0,0.0
2025-08-25,-0.0036600883546143996,0.012572223077007819,12572.223077007819,0.0036600883546143996,False,0.024,6.0,0.0
2025-08-26,0.002461185368209651,0.012366369309849082,12366.369309849082,-0.002461185368209651,False,0.024,6.0,0.0
2025-08-27,-0.0002586990964709157,0.01207138748957958,12071.38748957958,0.0002586990964709157,False,0.024,6.0,0.0
2025-08-28,0.00552107069646941,0.011704572768901274,11704.572768901275,-0.00552107069646941,False,0.024,6.0,0.0
2025-08-29,-0.0039576136166808995,0.0117760433173136,11776.0433173136,0.0039576136166808995,False,0.024,6.0,0.0
2025-09-02,-7.838755480273871e-05,0.011637894095215718,11637.894095215719,7.838755480273871e-05,False,0.024,6.0,0.0
2025-09-03,0.007182050162415666,0.011283445372385214,11283.445372385215,-0.007182050162415666,False,0.024,6.0,0.0
2025-09-04,0.0034829236215989435,0.011680175552379407,11680.175552379407,-0.0034829236215989435,False,0.024,6.0,0.0
2025-09-05,0.007835132945549073,0.011496953224160389,11496.953224160388,-0.007835132945549073,False,0.024,6.0,0.0
2025-09-08,0.008233040509164579,0.01200762610872022,12007.62610872022,-0.008233040509164579,False,0.024,6.0,0.0
2025-09-09,0.000538389839554987,0.012551579654167568,12551.579654167568,-0.000538389839554987,False,0.024,6.0,0.0
2025-09-10,0.0038725835543750088,0.012173074606871242,12173.074606871241,-0.0038725835543750088,False,0.024,6.0,0.0
2025-09-11,0.006775442646025698,0.012006765598458508,12006.765598458507,-0.006775442646025698,False,0.024,6.0,0.0
2025-09-12,0.00023262911813637372,0.012264549840331696,12264.549840331696,-0.00023262911813637372,False,0.024,6.0,0.0
2025-09-15,0.0067783889032190904,0.011891661117065272,11891.661117065272,-0.0067783889032190904,False,0.024,6.0,0.0
2025-09-16,0.0018601194720225813,0.01215920978305409,12159.20978305409,-0.0018601194720225813,False,0.024,6.0,0.0
2025-09-17,-0.0018323903557408096,0.011836347549514277,11836.347549514277,0.0018323903557408096,False,0.024,6.0,0.0
2025-09-18,-0.0006154887287144196,0.0115231702316758,11523.1702316758,0.0006154887287144196,False,0.024,6.0,0.0
2025-09-19,0.003632942261710803,0.011177631911898744,11177.631911898745,-0.003632942261710803,False,0.024,6.0,0.0
2025-09-22,0.005853547301239882,0.011033075106846984,11033.075106846984,-0.005853547301239882,False,0.024,6.0,0.0
2025-09-23,-8.925504992307603e-05,0.01120495496553352,11204.954965533521,8.925504992307603e-05,False,0.024,6.0,0.0
2025-09-24,-0.004587796179749271,0.010863725956252996,10863.725956252996,0.004587796179749271,False,0.024,6.0,0.0
2025-09-25,-0.0021190854386156756,0.010852365705660212,10852.365705660211,0.0021190854386156756,False,0.024,6.0,0.0
2025-09-26,0.002563968468431899,0.01059082362902064,10590.82362902064,-0.002563968468431899,False,0.024,6.0,0.0
2025-09-29,0.00825112167890576,0.010371608300575545,10371.608300575544,-0.00825112167890576,False,0.024,6.0,0.0
2025-09-30,0.0032186810724716963,0.011100580039405141,11100.58003940514,-0.0032186810724716963,False,0.024,6.0,0.0
2025-10-01,0.004045483609547951,0.010917577947206929,10917.577947206928,-0.004045483609547951,False,0.024,6.0,0.0
2025-10-02,0.0018674418451496422,0.010833103957044276,10833.103957044275,-0.0018674418451496422,False,0.024,6.0,0.0
2025-10-03,0.0009738126780977078,0.010556853674693794,10556.853674693793,-0.0009738126780977078,False,0.024,6.0,0.0
2025-10-06,0.005321739862457742,0.010250280948462852,10250.280948462852,-0.005321739862457742,False,0.024,6.0,0.0
2025-10-07,-0.0011542534848662856,0.010390397111490665,10390.397111490665,0.0011542534848662856,False,0.024,6.0,0.0
2025-10-08,0.008531320196265924,0.010095313139422602,10095.313139422602,-0.008531320196265924,False,0.024,6.0,0.0
2025-10-09,-0.006724272117444997,0.010928595474977567,10928.595474977566,0.006724272117444997,False,0.024,6.0,0.0
2025-10-10,-0.014479386934555484,0.011267224450400428,11267.224450400428,0.014479386934555484,True,0.028,7.0,0.0032121624841550556
2025-10-13,0.017877364838333267,0.013689792008921783,13689.792008921782,-0.017877364838333267,False,0.028,7.0,0.0
2025-10-14,-0.0013039708111445946,0.016731536836191163,16731.536836191164,0.0013039708111445946,False,0.028,7.0,0.0
2025-10-15,0.008610357983404305,0.0162388358265371,16238.835826537099,-0.008610357983404305,False,0.028,7.0,0.0
2025-10-16,0.005375049881837591,0.016490952347906675,16490.952347906674,-0.005375049881837591,False,0.028,7.0,0.0
2025-10-17,-0.0016582355456780996,0.016279305072859865,16279.305072859865,0.0016582355456780996,False,0.028,7.0,0.0
2025-10-20,0.015379851600504769,0.01581163201746229,15811.63201746229,-0.015379851600504769,False,0.028,7.0,0.0
2025-10-21,-0.01414740546598834,0.01765828308925225,17658.283089252247,0.01414740546598834,False,0.028,7.0,0.0
2025-10-22,-0.0029990859099217953,0.01892345649999794,18923.45649999794,0.0029990859099217953,False,0.028,7.0,0.0
2025-10-23,0.004068366706447658,0.018426394544558123,18426.394544558123,-0.004068366706447658,False,0.028,7.0,0.0
2025-10-24,0.004502353123933057,0.01801484466087955,18014.84466087955,-0.004502353123933057,False,0.028,7.0,0.0
2025-10-27,0.003245473875892691,0.01765346653837435,17653.466538374352,-0.003245473875892691,False,0.028,7.0,0.0
2025-10-28,0.0010871595861960072,0.017215296387417523,17215.296387417522,-0.0010871595861960072,False,0.028,7.0,0.0
2025-10-29,-0.0006328661640893519,0.016702341997164617,16702.341997164618,0.0006328661640893519,False,0.028,7.0,0.0
2025-10-30,-0.004563702241102518,0.016197536500358357,16197.536500358357,0.004563702241102518,False,0.028,7.0,0.0
2025-10-31,-0.000530664891148347,0.015917961919402316,15917.961919402316,0.000530664891148347,False,0.024,6.0,0.0
2025-11-03,0.002456539718211537,0.01543599889974656,15435.998899746559,-0.002456539718211537,False,0.024,6.0,0.0
2025-11-04,-0.013153790778820685,0.015031080177533893,15031.080177533893,0.013153790778820685,False,0.024,6.0,0.0
2025-11-05,0.003922188137707461,0.01638780173518702,16387.80173518702,-0.003922188137707461,False,0.024,6.0,0.0
2025-11-06,-0.005800544736049851,0.016044989718343238,16044.989718343239,0.005800544736049851,False,0.024,6.0,0.0
2025-11-07,-0.00021857091515737885,0.01590347801644693,15903.478016446928,0.00021857091515737885,False,0.024,6.0,0.0
2025-11-10,0.016488940381261207,0.015419497036671882,15419.49703667188,-0.016488940381261207,False,0.024,6.0,0.0
2025-11-11,0.0018445777046378399,0.017657294834499224,17657.294834499222,-0.0018445777046378399,False,0.024,6.0,0.0
2025-11-12,0.0035675283557233596,0.017151620469299897,17151.620469299898,-0.0035675283557233596,False,0.024,6.0,0.0
2025-11-13,-0.012999874308596173,0.016752913610050844,16752.913610050844,0.012999874308596173,False,0.024,6.0,0.0
2025-11-14,-0.004523106445405767,0.01785206027156723,17852.06027156723,0.004523106445405767,False,0.024,6.0,0.0
2025-11-17,-0.007734447941528888,0.017499069817893755,17499.069817893756,0.007734447941528888,False,0.024,6.0,0.0
2025-11-18,-0.0037232980426344935,0.017529099133828274,17529.099133828273,0.0037232980426344935,False,0.024,6.0,0.0
2025-11-19,0.0011850923161091707,0.01712701509965379,17127.015099653792,-0.0011850923161091707,False,0.024,6.0,0.0
2025-11-20,-0.009802209672225715,0.016618983408872915,16618.983408872915,0.009802209672225715,False,0.024,6.0,0.0
2025-11-21,0.003752800219628716,0.017053408405294488,17053.40840529449,-0.003752800219628716,False,0.024,6.0,0.0
2025-11-24,0.014476105816990437,0.01667161425710527,16671.61425710527,-0.014476105816990437,False,0.024,6.0,0.0
2025-11-25,0.004270006934950188,0.018146966357869367,18146.966357869365,-0.004270006934950188,False,0.024,6.0,0.0
2025-11-26,0.007082533498545951,0.01776159158812504,17761.591588125037,-0.007082533498545951,False,0.024,6.0,0.0
2025-11-28,0.004544150511299772,0.017687115809870004,17687.115809870003,-0.004544150511299772,False,0.024,6.0,0.0
2025-12-01,-0.0032577292839935934,0.017342696817057836,17342.696817057837,0.0032577292839935934,False,0.024,6.0,0.0
2025-12-02,0.0008115009770764736,0.016916533514188557,16916.53351418856,-0.0008115009770764736,False,0.024,6.0,0.0
2025-12-03,0.0017057302078608008,0.01640770534548878,16407.705345488783,-0.0017057302078608008,False,0.024,6.0,0.0
2025-12-04,-0.0010252653320590444,0.01593752761502392,15937.52761502392,0.0010252653320590444,False,0.024,6.0,0.0
2025-12-05,0.0014224499697849337,0.015463047184519203,15463.047184519202,-0.0014224499697849337,False,0.024,6.0,0.0
2025-12-08,-0.00260873344910153,0.01501387666299223,15013.87666299223,0.00260873344910153,False,0.024,6.0,0.0
2025-12-09,0.0009767926381031523,0.014632202109663331,14632.20210966333,-0.0009767926381031523,False,0.024,6.0,0.0
2025-12-10,0.00600770226279117,0.014197361561886236,14197.361561886235,-0.00600770226279117,False,0.024,6.0,0.0
2025-12-11,0.0007576612957165275,0.014184177607259901,14184.1776072599,-0.0007576612957165275,False,0.024,6.0,0.0
2025-12-12,-0.009115164865058811,0.013758845984239564,13758.845984239564,0.009115164865058811,False,0.024,6.0,0.0
2025-12-15,-0.0015765477766908286,0.014315262021456138,14315.262021456138,0.0015765477766908286,False,0.024,6.0,0.0
2025-12-16,-0.00027040165046705584,0.013908206206912669,13908.206206912668,0.00027040165046705584,False,0.024,6.0,0.0
2025-12-17,-0.005807030730493357,0.013485386535303416,13485.386535303416,0.005807030730493357,False,0.024,6.0,0.0
2025-12-18,0.00728575757332024,0.013486814941946987,13486.814941946986,-0.00728575757332024,False,0.02,5.0,0.0
2025-12-19,0.005853983401127817,0.013719222390067926,13719.222390067926,-0.005853983401127817,False,0.02,5.0,0.0
2025-12-22,0.007466607113157409,0.01371319406007244,13713.19406007244,-0.007466607113157409,False,0.02,5.0,0.0
2025-12-23,0.0059326518639100986,0.01395963641134893,13959.636411348929,-0.0059326518639100986,False,0.02,5.0,0.0
2025-12-24,0.0020783083903339384,0.013950193557401885,13950.193557401884,-0.0020783083903339384,False,0.02,5.0,0.0
2025-12-26,0.0030399600126250538,0.01357696517501256,13576.96517501256,-0.0030399600126250538,False,0.02,5.0,0.0
2025-12-29,-0.010145266169510149,0.013276849748009363,13276.849748009363,0.010145266169510149,False,0.02,5.0,0.0
2025-12-30,-0.00023448035983510975,0.014110984085613038,14110.984085613038,0.00023448035983510975,False,0.02,5.0,0.0
2025-12-31,-0.00664148667682436,0.013681759121082852,13681.759121082852,0.00664148667682436,False,0.02,5.0,0.0
