Date,Portfolio_Return,Historical_VaR,Historical_VaR_Dollar,Realized_Loss,Exception,Rolling_Exception_Rate,Rolling_Exception_Count,Exception_Severity
2015-12-31,-0.004131080123779941,0.017921580468112274,17921.580468112275,0.004131080123779941,False,,,0.0
2016-01-04,-0.008221152828364975,0.017921580468112274,17921.580468112275,0.008221152828364975,False,,,0.0
2016-01-05,0.0001952698259715557,0.017921580468112274,17921.580468112275,-0.0001952698259715557,False,,,0.0
2016-01-06,-0.0026848425475338275,0.017921580468112274,17921.580468112275,0.0026848425475338275,False,,,0.0
2016-01-07,-0.014047069470360852,0.017921580468112274,17921.580468112275,0.014047069470360852,False,,,0.0
2016-01-08,-0.005970742930071715,0.017921580468112274,17921.580468112275,0.005970742930071715,False,,,0.0
2016-01-11,-0.003222124682802985,0.017921580468112274,17921.580468112275,0.003222124682802985,False,,,0.0
2016-01-12,0.006212993637021791,0.017921580468112274,17921.580468112275,-0.006212993637021791,False,,,0.0
2016-01-13,-0.011033269489743971,0.017921580468112274,17921.580468112275,0.011033269489743971,False,,,0.0
2016-01-14,0.005021919427847155,0.017921580468112274,17921.580468112275,-0.005021919427847155,False,,,0.0
2016-01-15,-0.01322272088261478,0.017921580468112274,17921.580468112275,0.01322272088261478,False,,,0.0
2016-01-19,0.002841750336439186,0.017921580468112274,17921.580468112275,-0.002841750336439186,False,,,0.0
2016-01-20,-0.0027600130401348676,0.017921580468112274,17921.580468112275,0.0027600130401348676,False,,,0.0
2016-01-21,0.0009677301531877401,0.017921580468112274,17921.580468112275,-0.0009677301531877401,False,,,0.0
2016-01-22,0.015042467186383201,0.017921580468112274,17921.580468112275,-0.015042467186383201,False,,,0.0
2016-01-25,-0.006258674511345786,0.017921580468112274,17921.580468112275,0.006258674511345786,False,,,0.0
2016-01-26,0.009818670875383616,0.017921580468112274,17921.580468112275,-0.009818670875383616,False,,,0.0
2016-01-27,-0.007145560504359084,0.017921580468112274,17921.580468112275,0.007145560504359084,False,,,0.0
2016-01-28,0.005171376516050353,0.017921580468112274,17921.580468112275,-0.005171376516050353,False,,,0.0
2016-01-29,0.018001222998230395,0.017921580468112274,17921.580468112275,-0.018001222998230395,False,,,0.0
2016-02-01,1.2915390062295859e-05,0.017921580468112274,17921.580468112275,-1.2915390062295859e-05,False,,,0.0
2016-02-02,-0.010621850708470548,0.017921580468112274,17921.580468112275,0.010621850708470548,False,,,0.0
2016-02-03,0.00639283572039786,0.017921580468112274,17921.580468112275,-0.00639283572039786,False,,,0.0
2016-02-04,0.00520616397377045,0.017921580468112274,17921.580468112275,-0.00520616397377045,False,,,0.0
2016-02-05,-0.00966215075728234,0.017921580468112274,17921.580468112275,0.00966215075728234,False,,,0.0
2016-02-08,-0.0014894926511116455,0.017921580468112274,17921.580468112275,0.0014894926511116455,False,,,0.0
2016-02-09,-0.0036067597978725724,0.017921580468112274,17921.580468112275,0.0036067597978725724,False,,,0.0
2016-02-10,0.004729924446251777,0.017921580468112274,17921.580468112275,-0.004729924446251777,False,,,0.0
2016-02-11,0.0032038399806512356,0.017921580468112274,17921.580468112275,-0.0032038399806512356,False,,,0.0
2016-02-12,0.006141871498339845,0.017921580468112274,17921.580468112275,-0.006141871498339845,False,,,0.0
2016-02-16,0.004138469193716898,0.017921580468112274,17921.580468112275,-0.004138469193716898,False,,,0.0
2016-02-17,0.011741329441419236,0.017921580468112274,17921.580468112275,-0.011741329441419236,False,,,0.0
2016-02-18,0.0030458105579937557,0.017921580468112274,17921.580468112275,-0.0030458105579937557,False,,,0.0
2016-02-19,-0.001455644848936322,0.017921580468112274,17921.580468112275,0.001455644848936322,False,,,0.0
2016-02-22,0.0074414749764482035,0.017921580468112274,17921.580468112275,-0.0074414749764482035,False,,,0.0
2016-02-23,-0.006272050094253978,0.017921580468112274,17921.580468112275,0.006272050094253978,False,,,0.0
2016-02-24,0.0026333477477191282,0.017921580468112274,17921.580468112275,-0.0026333477477191282,False,,,0.0
2016-02-25,0.006296441030657852,0.017921580468112274,17921.580468112275,-0.006296441030657852,False,,,0.0
2016-02-26,-0.005990255871355422,0.017921580468112274,17921.580468112275,0.005990255871355422,False,,,0.0
2016-02-29,0.0018501382022021232,0.017921580468112274,17921.580468112275,-0.0018501382022021232,False,,,0.0
2016-03-01,0.013256453503023692,0.017921580468112274,17921.580468112275,-0.013256453503023692,False,,,0.0
2016-03-02,0.006020158881572125,0.017921580468112274,17921.580468112275,-0.006020158881572125,False,,,0.0
2016-03-03,0.0068522534047204655,0.017921580468112274,17921.580468112275,-0.0068522534047204655,False,,,0.0
2016-03-04,0.003106867354490683,0.015989505675735056,15989.505675735056,-0.003106867354490683,False,,,0.0
2016-03-07,-0.0004420971626366344,0.015989505675735056,15989.505675735056,0.0004420971626366344,False,,,0.0
2016-03-08,-0.005973549279983704,0.015989505675735056,15989.505675735056,0.005973549279983704,False,,,0.0
2016-03-09,0.0006421747134625954,0.015989505675735056,15989.505675735056,-0.0006421747134625954,False,,,0.0
2016-03-10,0.0025543673582562264,0.015989505675735056,15989.505675735056,-0.0025543673582562264,False,,,0.0
2016-03-11,0.005453196533469673,0.015989505675735056,15989.505675735056,-0.005453196533469673,False,,,0.0
2016-03-14,-0.0030766804480578005,0.015989505675735056,15989.505675735056,0.0030766804480578005,False,,,0.0
2016-03-15,-0.0029140349859502644,0.015989505675735056,15989.505675735056,0.0029140349859502644,False,,,0.0
2016-03-16,0.01199651863857003,0.015989505675735056,15989.505675735056,-0.01199651863857003,False,,,0.0
2016-03-17,0.005628889563921002,0.015989505675735056,15989.505675735056,-0.005628889563921002,False,,,0.0
2016-03-18,0.0020328144106734223,0.015989505675735056,15989.505675735056,-0.0020328144106734223,False,,,0.0
2016-03-21,-0.0014589999441838144,0.015989505675735056,15989.505675735056,0.0014589999441838144,False,,,0.0
2016-03-22,0.0005771527230983065,0.015989505675735056,15989.505675735056,-0.0005771527230983065,False,,,0.0
2016-03-23,-0.00863702804340749,0.015989505675735056,15989.505675735056,0.00863702804340749,False,,,0.0
2016-03-24,-0.0009140684184052673,0.015989505675735056,15989.505675735056,0.0009140684184052673,False,,,0.0
2016-03-28,0.0012245607821396388,0.015989505675735056,15989.505675735056,-0.0012245607821396388,False,,,0.0
2016-03-29,0.0136123598116074,0.015989505675735056,15989.505675735056,-0.0136123598116074,False,,,0.0
2016-03-30,-0.0009867621192318102,0.015989505675735056,15989.505675735056,0.0009867621192318102,False,,,0.0
2016-03-31,0.0013880203215449916,0.015989505675735056,15989.505675735056,-0.0013880203215449916,False,,,0.0
2016-04-01,0.002217744277018552,0.015989505675735056,15989.505675735056,-0.002217744277018552,False,,,0.0
2016-04-04,-0.005021606972323612,0.015989505675735056,15989.505675735056,0.005021606972323612,False,,,0.0
2016-04-05,-0.0030509694935764164,0.015989505675735056,15989.505675735056,0.0030509694935764164,False,,,0.0
2016-04-06,0.005214142062102622,0.015989505675735056,15989.505675735056,-0.005214142062102622,False,,,0.0
2016-04-07,-0.003943680757814927,0.015989505675735056,15989.505675735056,0.003943680757814927,False,,,0.0
2016-04-08,0.0022991553717671915,0.015989505675735056,15989.505675735056,-0.0022991553717671915,False,,,0.0
2016-04-11,0.003817425519099027,0.015989505675735056,15989.505675735056,-0.003817425519099027,False,,,0.0
2016-04-12,0.005267346494318771,0.015989505675735056,15989.505675735056,-0.005267346494318771,False,,,0.0
2016-04-13,0.006701052174759625,0.015989505675735056,15989.505675735056,-0.006701052174759625,False,,,0.0
2016-04-14,-0.004699744271818829,0.015989505675735056,15989.505675735056,0.004699744271818829,False,,,0.0
2016-04-15,0.0012200256075264094,0.015989505675735056,15989.505675735056,-0.0012200256075264094,False,,,0.0
2016-04-18,0.0022277490755110876,0.015989505675735056,15989.505675735056,-0.0022277490755110876,False,,,0.0
2016-04-19,0.004961323175082045,0.015989505675735056,15989.505675735056,-0.004961323175082045,False,,,0.0
2016-04-20,-0.0037746313981257273,0.015989505675735056,15989.505675735056,0.0037746313981257273,False,,,0.0
2016-04-21,-0.0034849606962935823,0.015989505675735056,15989.505675735056,0.0034849606962935823,False,,,0.0
2016-04-22,-0.007302371254620033,0.015989505675735056,15989.505675735056,0.007302371254620033,False,,,0.0
2016-04-25,-0.0018673754723615768,0.015989505675735056,15989.505675735056,0.0018673754723615768,False,,,0.0
2016-04-26,0.0013682214304481246,0.015989505675735056,15989.505675735056,-0.0013682214304481246,False,,,0.0
2016-04-27,0.0025870368506450752,0.015989505675735056,15989.505675735056,-0.0025870368506450752,False,,,0.0
2016-04-28,-0.001690076425352127,0.015989505675735056,15989.505675735056,0.001690076425352127,False,,,0.0
2016-04-29,0.0014008188644283773,0.015989505675735056,15989.505675735056,-0.0014008188644283773,False,,,0.0
2016-05-02,0.00028126304540878624,0.015989505675735056,15989.505675735056,-0.00028126304540878624,False,,,0.0
2016-05-03,-0.0071871683685947865,0.015989505675735056,15989.505675735056,0.0071871683685947865,False,,,0.0
2016-05-04,-0.005765107564427008,0.015989505675735056,15989.505675735056,0.005765107564427008,False,,,0.0
2016-05-05,0.0009507584865560804,0.015989505675735056,15989.505675735056,-0.0009507584865560804,False,,,0.0
2016-05-06,0.0030671189820421717,0.015989505675735056,15989.505675735056,-0.0030671189820421717,False,,,0.0
2016-05-09,-0.0053042816762921335,0.015989505675735056,15989.505675735056,0.0053042816762921335,False,,,0.0
2016-05-10,0.009614038031518347,0.015989505675735056,15989.505675735056,-0.009614038031518347,False,,,0.0
2016-05-11,-0.0011473495378628185,0.015989505675735056,15989.505675735056,0.0011473495378628185,False,,,0.0
2016-05-12,-0.0038560093267803633,0.015989505675735056,15989.505675735056,0.0038560093267803633,False,,,0.0
2016-05-13,-0.0032238610767188146,0.015989505675735056,15989.505675735056,0.0032238610767188146,False,,,0.0
2016-05-16,0.005316849167460269,0.015989505675735056,15989.505675735056,-0.005316849167460269,False,,,0.0
2016-05-17,-0.004268960541929112,0.015989505675735056,15989.505675735056,0.004268960541929112,False,,,0.0
2016-05-18,-0.007505812619066933,0.015989505675735056,15989.505675735056,0.007505812619066933,False,,,0.0
2016-05-19,-0.0031140676175087207,0.015989505675735056,15989.505675735056,0.0031140676175087207,False,,,0.0
2016-05-20,0.005360170172821444,0.015989505675735056,15989.505675735056,-0.005360170172821444,False,,,0.0
2016-05-23,-0.0010304664135158514,0.015989505675735056,15989.505675735056,0.0010304664135158514,False,,,0.0
2016-05-24,0.004294167264807581,0.015989505675735056,15989.505675735056,-0.004294167264807581,False,,,0.0
2016-05-25,0.0038962192280722397,0.015989505675735056,15989.505675735056,-0.0038962192280722397,False,,,0.0
2016-05-26,0.0023337000472744896,0.015989505675735056,15989.505675735056,-0.0023337000472744896,False,,,0.0
2016-05-27,-9.908934262057298e-05,0.015989505675735056,15989.505675735056,9.908934262057298e-05,False,,,0.0
2016-05-31,0.0014812383384755104,0.015989505675735056,15989.505675735056,-0.0014812383384755104,False,,,0.0
2016-06-01,0.0009117295625844957,0.015989505675735056,15989.505675735056,-0.0009117295625844957,False,,,0.0
2016-06-02,0.003632722840325142,0.015989505675735056,15989.505675735056,-0.003632722840325142,False,,,0.0
2016-06-03,0.009916216867876183,0.015989505675735056,15989.505675735056,-0.009916216867876183,False,,,0.0
2016-06-06,0.002450972807008967,0.015989505675735056,15989.505675735056,-0.002450972807008967,False,,,0.0
2016-06-07,0.0019317012584157743,0.015989505675735056,15989.505675735056,-0.0019317012584157743,False,,,0.0
2016-06-08,0.006477817431785082,0.015989505675735056,15989.505675735056,-0.006477817431785082,False,,,0.0
2016-06-09,-0.0004962993974763517,0.015989505675735056,15989.505675735056,0.0004962993974763517,False,,,0.0
2016-06-10,-0.007444984928276832,0.015989505675735056,15989.505675735056,0.007444984928276832,False,,,0.0
2016-06-13,-0.003647684754931957,0.015989505675735056,15989.505675735056,0.003647684754931957,False,,,0.0
2016-06-14,-0.0009944465208448828,0.015989505675735056,15989.505675735056,0.0009944465208448828,False,,,0.0
2016-06-15,0.0035228155415969243,0.015989505675735056,15989.505675735056,-0.0035228155415969243,False,,,0.0
2016-06-16,-0.0006598164690472256,0.015989505675735056,15989.505675735056,0.0006598164690472256,False,,,0.0
2016-06-17,-0.001226676030965179,0.015989505675735056,15989.505675735056,0.001226676030965179,False,,,0.0
2016-06-20,0.002760585934784854,0.015989505675735056,15989.505675735056,-0.002760585934784854,False,,,0.0
2016-06-21,-0.0020332756911483063,0.015989505675735056,15989.505675735056,0.0020332756911483063,False,,,0.0
2016-06-22,0.00012688163882728086,0.015989505675735056,15989.505675735056,-0.00012688163882728086,False,,,0.0
2016-06-23,0.006695518025636704,0.015989505675735056,15989.505675735056,-0.006695518025636704,False,,,0.0
2016-06-24,-0.012382681868364843,0.015989505675735056,15989.505675735056,0.012382681868364843,False,,,0.0
2016-06-27,-0.0040518345796281665,0.015989505675735056,15989.505675735056,0.0040518345796281665,False,,,0.0
2016-06-28,0.012154764362373572,0.015989505675735056,15989.505675735056,-0.012154764362373572,False,,,0.0
2016-06-29,0.011306161426210881,0.015989505675735056,15989.505675735056,-0.011306161426210881,False,,,0.0
2016-06-30,0.00878016898853944,0.015989505675735056,15989.505675735056,-0.00878016898853944,False,,,0.0
2016-07-01,0.009190206545526181,0.015989505675735056,15989.505675735056,-0.009190206545526181,False,,,0.0
2016-07-05,-0.00277132028446001,0.015989505675735056,15989.505675735056,0.00277132028446001,False,,,0.0
2016-07-06,0.003804945149403083,0.015989505675735056,15989.505675735056,-0.003804945149403083,False,,,0.0
2016-07-07,-0.0008310901990065123,0.015989505675735056,15989.505675735056,0.0008310901990065123,False,,,0.0
2016-07-08,0.013070274912392323,0.015989505675735056,15989.505675735056,-0.013070274912392323,False,,,0.0
2016-07-11,0.00012114539621104198,0.015989505675735056,15989.505675735056,-0.00012114539621104198,False,,,0.0
2016-07-12,-0.0013222495570249348,0.015989505675735056,15989.505675735056,0.0013222495570249348,False,,,0.0
2016-07-13,0.003345451268093713,0.015989505675735056,15989.505675735056,-0.003345451268093713,False,,,0.0
2016-07-14,0.0009246478352308962,0.015989505675735056,15989.505675735056,-0.0009246478352308962,False,,,0.0
2016-07-15,-0.003526253873227403,0.015989505675735056,15989.505675735056,0.003526253873227403,False,,,0.0
2016-07-18,0.0037819635912915038,0.015989505675735056,15989.505675735056,-0.0037819635912915038,False,,,0.0
2016-07-19,-0.0015909484328191948,0.015989505675735056,15989.505675735056,0.0015909484328191948,False,,,0.0
2016-07-20,0.0002246502474383185,0.015989505675735056,15989.505675735056,-0.0002246502474383185,False,,,0.0
2016-07-21,0.0016234218077236793,0.015989505675735056,15989.505675735056,-0.0016234218077236793,False,,,0.0
2016-07-22,0.0020376441446016583,0.015989505675735056,15989.505675735056,-0.0020376441446016583,False,,,0.0
2016-07-25,-0.004064285725282768,0.015989505675735056,15989.505675735056,0.004064285725282768,False,,,0.0
2016-07-26,0.0030556620260238534,0.015989505675735056,15989.505675735056,-0.0030556620260238534,False,,,0.0
2016-07-27,0.007557799677683286,0.015989505675735056,15989.505675735056,-0.007557799677683286,False,,,0.0
2016-07-28,3.729184228906669e-05,0.015989505675735056,15989.505675735056,-3.729184228906669e-05,False,,,0.0
2016-07-29,0.0055472935618654075,0.015989505675735056,15989.505675735056,-0.0055472935618654075,False,,,0.0
2016-08-01,-0.0012899086921658086,0.015989505675735056,15989.505675735056,0.0012899086921658086,False,,,0.0
2016-08-02,-0.004675163474475209,0.015989505675735056,15989.505675735056,0.004675163474475209,False,,,0.0
2016-08-03,0.0010784190952890739,0.015989505675735056,15989.505675735056,-0.0010784190952890739,False,,,0.0
2016-08-04,0.0037381871741075656,0.015989505675735056,15989.505675735056,-0.0037381871741075656,False,,,0.0
2016-08-05,0.00022326000863348534,0.015989505675735056,15989.505675735056,-0.00022326000863348534,False,,,0.0
2016-08-08,0.0012825171571750672,0.015989505675735056,15989.505675735056,-0.0012825171571750672,False,,,0.0
2016-08-09,0.004721255178231544,0.015989505675735056,15989.505675735056,-0.004721255178231544,False,,,0.0
2016-08-10,0.0007569517982833897,0.015989505675735056,15989.505675735056,-0.0007569517982833897,False,,,0.0
2016-08-11,0.0012021877762972144,0.015989505675735056,15989.505675735056,-0.0012021877762972144,False,,,0.0
2016-08-12,0.0004800622897557893,0.015989505675735056,15989.505675735056,-0.0004800622897557893,False,,,0.0
2016-08-15,0.0023171876979721567,0.015989505675735056,15989.505675735056,-0.0023171876979721567,False,,,0.0
2016-08-16,-0.002581495301562376,0.015989505675735056,15989.505675735056,0.002581495301562376,False,,,0.0
2016-08-17,0.0007080426454335153,0.015989505675735056,15989.505675735056,-0.0007080426454335153,False,,,0.0
2016-08-18,0.003634150538591019,0.015989505675735056,15989.505675735056,-0.003634150538591019,False,,,0.0
2016-08-19,-0.004267296177207092,0.01406459100379053,14064.59100379053,0.004267296177207092,False,,,0.0
2016-08-22,-0.0011253313004612187,0.013643138662365275,13643.138662365274,0.0011253313004612187,False,,,0.0
2016-08-23,0.00013519539113766586,0.013643138662365275,13643.138662365274,-0.00013519539113766586,False,,,0.0
2016-08-24,-0.004468953907520734,0.013643138662365275,13643.138662365274,0.004468953907520734,False,,,0.0
2016-08-25,-0.0012339927050292632,0.013643138662365275,13643.138662365274,0.0012339927050292632,False,,,0.0
2016-08-26,-0.003260434133374335,0.013643138662365275,13643.138662365274,0.003260434133374335,False,,,0.0
2016-08-29,0.005853182201022289,0.013643138662365275,13643.138662365274,-0.005853182201022289,False,,,0.0
2016-08-30,-0.00430096815199219,0.01281110176563231,12811.10176563231,0.00430096815199219,False,,,0.0
2016-08-31,-0.003107857391670011,0.01281110176563231,12811.10176563231,0.003107857391670011,False,,,0.0
2016-09-01,0.0030954696452111024,0.01281110176563231,12811.10176563231,-0.0030954696452111024,False,,,0.0
2016-09-02,0.0052245545976835174,0.01281110176563231,12811.10176563231,-0.0052245545976835174,False,,,0.0
2016-09-06,0.010966524953193524,0.01281110176563231,12811.10176563231,-0.010966524953193524,False,,,0.0
2016-09-07,-0.0013545277894384312,0.01281110176563231,12811.10176563231,0.0013545277894384312,False,,,0.0
2016-09-08,-0.005720415705474613,0.01281110176563231,12811.10176563231,0.005720415705474613,False,,,0.0
2016-09-09,-0.02116998742497609,0.01281110176563231,12811.10176563231,0.02116998742497609,True,,,0.008358885659343781
2016-09-12,0.007670018769734766,0.013643138662365275,13643.138662365274,-0.007670018769734766,False,,,0.0
2016-09-13,-0.01329417774743691,0.013643138662365275,13643.138662365274,0.01329417774743691,False,,,0.0
2016-09-14,0.002471894297720345,0.01367815252612812,13678.152526128119,-0.002471894297720345,False,,,0.0
2016-09-15,0.006389381221432622,0.01367815252612812,13678.152526128119,-0.006389381221432622,False,,,0.0
2016-09-16,-0.0011072642083821192,0.01367815252612812,13678.152526128119,0.0011072642083821192,False,,,0.0
2016-09-19,0.0005192534792275663,0.01367815252612812,13678.152526128119,-0.0005192534792275663,False,,,0.0
2016-09-20,0.0013862524671354405,0.01367815252612812,13678.152526128119,-0.0013862524671354405,False,,,0.0
2016-09-21,0.014344910882275075,0.01367815252612812,13678.152526128119,-0.014344910882275075,False,,,0.0
2016-09-22,0.006339343321836921,0.01367815252612812,13678.152526128119,-0.006339343321836921,False,,,0.0
2016-09-23,-0.005007471610037162,0.01367815252612812,13678.152526128119,0.005007471610037162,False,,,0.0
2016-09-26,-0.005101765519345846,0.013259163883674067,13259.163883674068,0.005101765519345846,False,,,0.0
2016-09-27,0.006086171300193266,0.013259163883674067,13259.163883674068,-0.006086171300193266,False,,,0.0
2016-09-28,0.0020739183712509715,0.013259163883674067,13259.163883674068,-0.0020739183712509715,False,,,0.0
2016-09-29,-0.00646886672830982,0.013259163883674067,13259.163883674068,0.00646886672830982,False,,,0.0
2016-09-30,0.0013914730535738772,0.013259163883674067,13259.163883674068,-0.0013914730535738772,False,,,0.0
2016-10-03,-0.00054809344440907,0.013259163883674067,13259.163883674068,0.00054809344440907,False,,,0.0
2016-10-04,-0.012832041802340077,0.013259163883674067,13259.163883674068,0.012832041802340077,False,,,0.0
2016-10-05,0.0032449714588595802,0.013259163883674067,13259.163883674068,-0.0032449714588595802,False,,,0.0
2016-10-06,-0.002772349060548285,0.013259163883674067,13259.163883674068,0.002772349060548285,False,,,0.0
2016-10-07,-0.001754022404778999,0.013259163883674067,13259.163883674068,0.001754022404778999,False,,,0.0
2016-10-10,0.004005406402556534,0.013259163883674067,13259.163883674068,-0.004005406402556534,False,,,0.0
2016-10-11,-0.011463327678499623,0.013259163883674067,13259.163883674068,0.011463327678499623,False,,,0.0
2016-10-12,0.0002297634010735683,0.013259163883674067,13259.163883674068,-0.0002297634010735683,False,,,0.0
2016-10-13,-0.0019107597867562998,0.013259163883674067,13259.163883674068,0.0019107597867562998,False,,,0.0
2016-10-14,-0.0032502028230939175,0.013259163883674067,13259.163883674068,0.0032502028230939175,False,,,0.0
2016-10-17,0.00035535376685995605,0.013259163883674067,13259.163883674068,-0.00035535376685995605,False,,,0.0
2016-10-18,0.00844772755707166,0.013259163883674067,13259.163883674068,-0.00844772755707166,False,,,0.0
2016-10-19,0.003055009015207233,0.013259163883674067,13259.163883674068,-0.003055009015207233,False,,,0.0
2016-10-20,-0.0015945990684794523,0.013259163883674067,13259.163883674068,0.0015945990684794523,False,,,0.0
2016-10-21,0.0012374750463066465,0.013259163883674067,13259.163883674068,-0.0012374750463066465,False,,,0.0
2016-10-24,0.002788235080153023,0.013259163883674067,13259.163883674068,-0.002788235080153023,False,,,0.0
2016-10-25,0.0009432928352560267,0.013259163883674067,13259.163883674068,-0.0009432928352560267,False,,,0.0
2016-10-26,-0.006349313674375013,0.013259163883674067,13259.163883674068,0.006349313674375013,False,,,0.0
2016-10-27,-0.004971591806275289,0.013259163883674067,13259.163883674068,0.004971591806275289,False,,,0.0
2016-10-28,-0.0021575545868194324,0.013259163883674067,13259.163883674068,0.0021575545868194324,False,,,0.0
2016-10-31,0.002777505757368992,0.013259163883674067,13259.163883674068,-0.002777505757368992,False,,,0.0
2016-11-01,-0.0032578940693404504,0.013259163883674067,13259.163883674068,0.0032578940693404504,False,,,0.0
2016-11-02,-0.0028412626614488404,0.013259163883674067,13259.163883674068,0.0028412626614488404,False,,,0.0
2016-11-03,-0.0038945734344687957,0.013259163883674067,13259.163883674068,0.0038945734344687957,False,,,0.0
2016-11-04,-0.0010234906357599496,0.013259163883674067,13259.163883674068,0.0010234906357599496,False,,,0.0
2016-11-07,0.011097128231936338,0.013259163883674067,13259.163883674068,-0.011097128231936338,False,,,0.0
2016-11-08,0.001849954472875859,0.013259163883674067,13259.163883674068,-0.001849954472875859,False,,,0.0
2016-11-09,-0.01208712088796251,0.013259163883674067,13259.163883674068,0.01208712088796251,False,,,0.0
2016-11-10,-0.014345658078965994,0.013259163883674067,13259.163883674068,0.014345658078965994,True,,,0.001086494195291927
2016-11-11,-0.009729656450180292,0.01367815252612812,13678.152526128119,0.009729656450180292,False,,,0.0
2016-11-14,-0.006197849742037765,0.01367815252612812,13678.152526128119,0.006197849742037765,False,,,0.0
2016-11-15,0.011086960123003697,0.01367815252612812,13678.152526128119,-0.011086960123003697,False,,,0.0
2016-11-16,0.0003609157079766499,0.01367815252612812,13678.152526128119,-0.0003609157079766499,False,,,0.0
2016-11-17,-0.0012000293200178814,0.01367815252612812,13678.152526128119,0.0012000293200178814,False,,,0.0
2016-11-18,-0.004449324242066211,0.01367815252612812,13678.152526128119,0.004449324242066211,False,,,0.0
2016-11-21,0.006799324002424002,0.01367815252612812,13678.152526128119,-0.006799324002424002,False,,,0.0
2016-11-22,0.0038972777142226352,0.01367815252612812,13678.152526128119,-0.0038972777142226352,False,,,0.0
2016-11-23,-0.007581874457720628,0.01367815252612812,13678.152526128119,0.007581874457720628,False,,,0.0
2016-11-25,0.001522304205496461,0.01367815252612812,13678.152526128119,-0.001522304205496461,False,,,0.0
2016-11-28,0.0029875638744543353,0.01367815252612812,13678.152526128119,-0.0029875638744543353,False,,,0.0
2016-11-29,0.0012710824410453458,0.01367815252612812,13678.152526128119,-0.0012710824410453458,False,,,0.0
2016-11-30,-0.008486577545623408,0.01367815252612812,13678.152526128119,0.008486577545623408,False,,,0.0
2016-12-01,-0.00904424884063606,0.01367815252612812,13678.152526128119,0.00904424884063606,False,,,0.0
2016-12-02,0.0032679880150081166,0.01367815252612812,13678.152526128119,-0.0032679880150081166,False,,,0.0
2016-12-05,0.003121576356164879,0.01367815252612812,13678.152526128119,-0.003121576356164879,False,,,0.0
2016-12-06,0.00183892756186097,0.01367815252612812,13678.152526128119,-0.00183892756186097,False,,,0.0
2016-12-07,0.010946178619842907,0.01367815252612812,13678.152526128119,-0.010946178619842907,False,,,0.0
2016-12-08,-0.0010951014871241284,0.01367815252612812,13678.152526128119,0.0010951014871241284,False,,,0.0
2016-12-09,-0.0028535682020090604,0.01367815252612812,13678.152526128119,0.0028535682020090604,False,,,0.0
2016-12-12,-0.0013249390770052828,0.01367815252612812,13678.152526128119,0.0013249390770052828,False,,,0.0
2016-12-13,0.006128888556419332,0.01367815252612812,13678.152526128119,-0.006128888556419332,False,,,0.0
2016-12-14,-0.013179427939217602,0.01367815252612812,13678.152526128119,0.013179427939217602,False,,,0.0
2016-12-15,-0.00024810286893963676,0.01367815252612812,13678.152526128119,0.00024810286893963676,False,,,0.0
2016-12-16,-0.0011757854728455142,0.01367815252612812,13678.152526128119,0.0011757854728455142,False,,,0.0
2016-12-19,0.0030399150551218223,0.01367815252612812,13678.152526128119,-0.0030399150551218223,False,,,0.0
2016-12-20,-0.00024494569244131186,0.01367815252612812,13678.152526128119,0.00024494569244131186,False,,,0.0
2016-12-21,-0.0005432318139351856,0.01367815252612812,13678.152526128119,0.0005432318139351856,False,,,0.0
2016-12-22,-0.004127239392170279,0.01367815252612812,13678.152526128119,0.004127239392170279,False,,,0.0
2016-12-23,0.002639304774214813,0.01367815252612812,13678.152526128119,-0.002639304774214813,False,,,0.0
2016-12-27,0.0029264868771507802,0.01367815252612812,13678.152526128119,-0.0029264868771507802,False,0.008,2.0,0.0
2016-12-28,0.00031583259683771726,0.01367815252612812,13678.152526128119,-0.00031583259683771726,False,0.008,2.0,0.0
2016-12-29,0.006293972930303893,0.01367815252612812,13678.152526128119,-0.006293972930303893,False,0.008,2.0,0.0
2016-12-30,-0.0051344801431341125,0.01367815252612812,13678.152526128119,0.0051344801431341125,False,0.008,2.0,0.0
2017-01-03,0.008144013189811217,0.01367815252612812,13678.152526128119,-0.008144013189811217,False,0.008,2.0,0.0
2017-01-04,0.005276507035852784,0.01367815252612812,13678.152526128119,-0.005276507035852784,False,0.008,2.0,0.0
2017-01-05,0.00939138270915676,0.013259163883674067,13259.163883674068,-0.00939138270915676,False,0.008,2.0,0.0
2017-01-06,-0.0016727222294986132,0.013259163883674067,13259.163883674068,0.0016727222294986132,False,0.008,2.0,0.0
2017-01-09,0.003080807238016803,0.013259163883674067,13259.163883674068,-0.003080807238016803,False,0.008,2.0,0.0
2017-01-10,0.0023317609300528733,0.013259163883674067,13259.163883674068,-0.0023317609300528733,False,0.008,2.0,0.0
2017-01-11,0.004776551019017594,0.013259163883674067,13259.163883674068,-0.004776551019017594,False,0.008,2.0,0.0
2017-01-12,0.00034479814478696193,0.013259163883674067,13259.163883674068,-0.00034479814478696193,False,0.008,2.0,0.0
2017-01-13,0.0005551683073909297,0.01323795034140945,13237.950341409449,-0.0005551683073909297,False,0.008,2.0,0.0
2017-01-17,0.0035511234325027894,0.01323795034140945,13237.950341409449,-0.0035511234325027894,False,0.008,2.0,0.0
2017-01-18,-0.00449536963533359,0.01323795034140945,13237.950341409449,0.00449536963533359,False,0.008,2.0,0.0
2017-01-19,-0.0029877864112090482,0.01323795034140945,13237.950341409449,0.0029877864112090482,False,0.008,2.0,0.0
2017-01-20,0.0016476647438482981,0.01323795034140945,13237.950341409449,-0.0016476647438482981,False,0.008,2.0,0.0
2017-01-23,0.005894565005404084,0.01323795034140945,13237.950341409449,-0.005894565005404084,False,0.008,2.0,0.0
2017-01-24,0.0016041673490423403,0.01323795034140945,13237.950341409449,-0.0016041673490423403,False,0.008,2.0,0.0
2017-01-25,0.001790912371451925,0.01323795034140945,13237.950341409449,-0.001790912371451925,False,0.008,2.0,0.0
2017-01-26,-0.0020339312282431133,0.01323795034140945,13237.950341409449,0.0020339312282431133,False,0.008,2.0,0.0
2017-01-27,0.001356080805932747,0.01323795034140945,13237.950341409449,-0.001356080805932747,False,0.008,2.0,0.0
2017-01-30,-0.0036218471540945484,0.01323795034140945,13237.950341409449,0.0036218471540945484,False,0.008,2.0,0.0
2017-01-31,0.004122017968323677,0.01323795034140945,13237.950341409449,-0.004122017968323677,False,0.008,2.0,0.0
2017-02-01,-0.0002755068012997964,0.01323795034140945,13237.950341409449,0.0002755068012997964,False,0.008,2.0,0.0
2017-02-02,0.0018400888432231978,0.01323795034140945,13237.950341409449,-0.0018400888432231978,False,0.008,2.0,0.0
2017-02-03,0.003595799558402169,0.01323795034140945,13237.950341409449,-0.003595799558402169,False,0.008,2.0,0.0
2017-02-06,0.0033182099995971996,0.01323795034140945,13237.950341409449,-0.0033182099995971996,False,0.008,2.0,0.0
2017-02-07,0.0007933581859288497,0.01323795034140945,13237.950341409449,-0.0007933581859288497,False,0.008,2.0,0.0
2017-02-08,0.005784838916112945,0.01323795034140945,13237.950341409449,-0.005784838916112945,False,0.008,2.0,0.0
2017-02-09,-0.0010141898326064824,0.01323795034140945,13237.950341409449,0.0010141898326064824,False,0.008,2.0,0.0
2017-02-10,0.003712012402065823,0.01323795034140945,13237.950341409449,-0.003712012402065823,False,0.008,2.0,0.0
2017-02-13,0.0008571700089506028,0.01323795034140945,13237.950341409449,-0.0008571700089506028,False,0.008,2.0,0.0
2017-02-14,0.0004562051891392026,0.01323795034140945,13237.950341409449,-0.0004562051891392026,False,0.008,2.0,0.0
2017-02-15,0.003810970390682345,0.01323795034140945,13237.950341409449,-0.003810970390682345,False,0.008,2.0,0.0
2017-02-16,0.0012097918209093008,0.01323795034140945,13237.950341409449,-0.0012097918209093008,False,0.008,2.0,0.0
2017-02-17,0.0008614507260182427,0.01323795034140945,13237.950341409449,-0.0008614507260182427,False,0.008,2.0,0.0
2017-02-21,0.004134981483553868,0.01323795034140945,13237.950341409449,-0.004134981483553868,False,0.008,2.0,0.0
2017-02-22,0.0011221979506975234,0.01323795034140945,13237.950341409449,-0.0011221979506975234,False,0.008,2.0,0.0
2017-02-23,0.0017815310717350207,0.01323795034140945,13237.950341409449,-0.0017815310717350207,False,0.008,2.0,0.0
2017-02-24,0.0017745540969271282,0.01323795034140945,13237.950341409449,-0.0017745540969271282,False,0.008,2.0,0.0
2017-02-27,-0.0022146535779385525,0.01323795034140945,13237.950341409449,0.0022146535779385525,False,0.008,2.0,0.0
2017-02-28,-0.002155656012709839,0.01323795034140945,13237.950341409449,0.002155656012709839,False,0.008,2.0,0.0
2017-03-01,0.004453492942063431,0.01323795034140945,13237.950341409449,-0.004453492942063431,False,0.008,2.0,0.0
2017-03-02,-0.008995008396763815,0.01323795034140945,13237.950341409449,0.008995008396763815,False,0.008,2.0,0.0
2017-03-03,0.0024251096685925515,0.01323795034140945,13237.950341409449,-0.0024251096685925515,False,0.008,2.0,0.0
2017-03-06,-0.0032334311139385675,0.01323795034140945,13237.950341409449,0.0032334311139385675,False,0.008,2.0,0.0
2017-03-07,-0.0029413580403863772,0.01323795034140945,13237.950341409449,0.0029413580403863772,False,0.008,2.0,0.0
2017-03-08,-0.0042257381361665795,0.01323795034140945,13237.950341409449,0.0042257381361665795,False,0.008,2.0,0.0
2017-03-09,-0.0037987331904226983,0.01323795034140945,13237.950341409449,0.0037987331904226983,False,0.008,2.0,0.0
2017-03-10,0.004914741714532633,0.01323795034140945,13237.950341409449,-0.004914741714532633,False,0.008,2.0,0.0
2017-03-13,0.001997368517825948,0.01323795034140945,13237.950341409449,-0.001997368517825948,False,0.008,2.0,0.0
2017-03-14,-0.002512782248799095,0.01323795034140945,13237.950341409449,0.002512782248799095,False,0.008,2.0,0.0
2017-03-15,0.014359699443646125,0.01323795034140945,13237.950341409449,-0.014359699443646125,False,0.008,2.0,0.0
2017-03-16,0.0005042610037461428,0.01323795034140945,13237.950341409449,-0.0005042610037461428,False,0.008,2.0,0.0
2017-03-17,0.0009258552762763995,0.01323795034140945,13237.950341409449,-0.0009258552762763995,False,0.008,2.0,0.0
2017-03-20,0.00404120882974044,0.01323795034140945,13237.950341409449,-0.00404120882974044,False,0.008,2.0,0.0
2017-03-21,-0.0043905152402283765,0.01323795034140945,13237.950341409449,0.0043905152402283765,False,0.008,2.0,0.0
2017-03-22,0.004076529448295218,0.01323795034140945,13237.950341409449,-0.004076529448295218,False,0.008,2.0,0.0
2017-03-23,-0.0012191323339009854,0.01323795034140945,13237.950341409449,0.0012191323339009854,False,0.008,2.0,0.0
2017-03-24,0.0018069038398862646,0.01323795034140945,13237.950341409449,-0.0018069038398862646,False,0.008,2.0,0.0
2017-03-27,0.0016007734062100988,0.01323795034140945,13237.950341409449,-0.0016007734062100988,False,0.008,2.0,0.0
2017-03-28,0.0010785951743546242,0.01323795034140945,13237.950341409449,-0.0010785951743546242,False,0.008,2.0,0.0
2017-03-29,0.0031464350744597525,0.01323795034140945,13237.950341409449,-0.0031464350744597525,False,0.008,2.0,0.0
2017-03-30,-0.0031401893705099273,0.01323795034140945,13237.950341409449,0.0031401893705099273,False,0.008,2.0,0.0
2017-03-31,-0.001009489744643255,0.01323795034140945,13237.950341409449,0.001009489744643255,False,0.008,2.0,0.0
2017-04-03,0.0037268240636242345,0.01323795034140945,13237.950341409449,-0.0037268240636242345,False,0.008,2.0,0.0
2017-04-04,-8.641322533551323e-05,0.01323795034140945,13237.950341409449,8.641322533551323e-05,False,0.008,2.0,0.0
2017-04-05,-0.001403640486460689,0.01323795034140945,13237.950341409449,0.001403640486460689,False,0.008,2.0,0.0
2017-04-06,-0.0007182579097171125,0.01323795034140945,13237.950341409449,0.0007182579097171125,False,0.008,2.0,0.0
2017-04-07,-0.001003623355774863,0.01323795034140945,13237.950341409449,0.001003623355774863,False,0.008,2.0,0.0
2017-04-10,0.0003098419256923669,0.01323795034140945,13237.950341409449,-0.0003098419256923669,False,0.008,2.0,0.0
2017-04-11,0.0032324197044423246,0.01323795034140945,13237.950341409449,-0.0032324197044423246,False,0.008,2.0,0.0
2017-04-12,0.0017531108359136072,0.01323795034140945,13237.950341409449,-0.0017531108359136072,False,0.008,2.0,0.0
2017-04-13,-0.0013902381269244482,0.01323795034140945,13237.950341409449,0.0013902381269244482,False,0.008,2.0,0.0
2017-04-17,0.004320655978442445,0.01323795034140945,13237.950341409449,-0.004320655978442445,False,0.008,2.0,0.0
2017-04-18,0.0001353970734101037,0.01323795034140945,13237.950341409449,-0.0001353970734101037,False,0.008,2.0,0.0
2017-04-19,-0.004142544939469617,0.01323795034140945,13237.950341409449,0.004142544939469617,False,0.008,2.0,0.0
2017-04-20,0.005378303806332707,0.01323795034140945,13237.950341409449,-0.005378303806332707,False,0.008,2.0,0.0
2017-04-21,-0.0001086395218217407,0.01323795034140945,13237.950341409449,0.0001086395218217407,False,0.008,2.0,0.0
2017-04-24,0.005119438016040423,0.01323795034140945,13237.950341409449,-0.005119438016040423,False,0.008,2.0,0.0
2017-04-25,-6.673549121667377e-05,0.01323795034140945,13237.950341409449,6.673549121667377e-05,False,0.008,2.0,0.0
2017-04-26,0.0009317245052031798,0.01323795034140945,13237.950341409449,-0.0009317245052031798,False,0.008,2.0,0.0
2017-04-27,0.0003082384589990995,0.01323795034140945,13237.950341409449,-0.0003082384589990995,False,0.008,2.0,0.0
2017-04-28,0.0012913365841252134,0.01323795034140945,13237.950341409449,-0.0012913365841252134,False,0.008,2.0,0.0
2017-05-01,-5.257803314393517e-05,0.01323795034140945,13237.950341409449,5.257803314393517e-05,False,0.008,2.0,0.0
2017-05-02,0.0028410972181257548,0.01323795034140945,13237.950341409449,-0.0028410972181257548,False,0.008,2.0,0.0
2017-05-03,-0.004873995492557759,0.01323795034140945,13237.950341409449,0.004873995492557759,False,0.008,2.0,0.0
2017-05-04,-0.0049275963798017805,0.01323795034140945,13237.950341409449,0.0049275963798017805,False,0.008,2.0,0.0
2017-05-05,0.0037312558393436837,0.01323795034140945,13237.950341409449,-0.0037312558393436837,False,0.008,2.0,0.0
2017-05-08,-0.0011795686554342045,0.01323795034140945,13237.950341409449,0.0011795686554342045,False,0.008,2.0,0.0
2017-05-09,0.0018355813676011134,0.01323795034140945,13237.950341409449,-0.0018355813676011134,False,0.008,2.0,0.0
2017-05-10,0.0015526003288906633,0.01323795034140945,13237.950341409449,-0.0015526003288906633,False,0.008,2.0,0.0
2017-05-11,0.0006647005077358382,0.01323795034140945,13237.950341409449,-0.0006647005077358382,False,0.008,2.0,0.0
2017-05-12,0.0030197397178379328,0.01323795034140945,13237.950341409449,-0.0030197397178379328,False,0.008,2.0,0.0
2017-05-15,0.0037643443614476355,0.01323795034140945,13237.950341409449,-0.0037643443614476355,False,0.008,2.0,0.0
2017-05-16,0.0024575174675976587,0.01323795034140945,13237.950341409449,-0.0024575174675976587,False,0.008,2.0,0.0
2017-05-17,-0.0054895298014159275,0.01323795034140945,13237.950341409449,0.0054895298014159275,False,0.008,2.0,0.0
2017-05-18,-0.0021739313296695872,0.01323795034140945,13237.950341409449,0.0021739313296695872,False,0.008,2.0,0.0
2017-05-19,0.007878129212049424,0.01323795034140945,13237.950341409449,-0.007878129212049424,False,0.008,2.0,0.0
2017-05-22,0.003180839117198176,0.01323795034140945,13237.950341409449,-0.003180839117198176,False,0.008,2.0,0.0
2017-05-23,-0.0017750985939156251,0.01323795034140945,13237.950341409449,0.0017750985939156251,False,0.008,2.0,0.0
2017-05-24,0.00407782886183834,0.01323795034140945,13237.950341409449,-0.00407782886183834,False,0.008,2.0,0.0
2017-05-25,0.0034724590863576487,0.01323795034140945,13237.950341409449,-0.0034724590863576487,False,0.008,2.0,0.0
2017-05-26,0.00314976164855576,0.01323795034140945,13237.950341409449,-0.00314976164855576,False,0.008,2.0,0.0
2017-05-30,-0.0007337471147262465,0.01323795034140945,13237.950341409449,0.0007337471147262465,False,0.008,2.0,0.0
2017-05-31,-0.0003629946374182236,0.01323795034140945,13237.950341409449,0.0003629946374182236,False,0.008,2.0,0.0
2017-06-01,0.004254828236328612,0.01323795034140945,13237.950341409449,-0.004254828236328612,False,0.008,2.0,0.0
2017-06-02,0.007803164797412655,0.01323795034140945,13237.950341409449,-0.007803164797412655,False,0.008,2.0,0.0
2017-06-05,-0.0014730985291681266,0.01323795034140945,13237.950341409449,0.0014730985291681266,False,0.008,2.0,0.0
2017-06-06,0.002001980834099881,0.01323795034140945,13237.950341409449,-0.002001980834099881,False,0.008,2.0,0.0
2017-06-07,-0.001097608832022101,0.01323795034140945,13237.950341409449,0.001097608832022101,False,0.008,2.0,0.0
2017-06-08,-0.00032768220631216314,0.01323795034140945,13237.950341409449,0.00032768220631216314,False,0.008,2.0,0.0
2017-06-09,-0.008960765080553258,0.01323795034140945,13237.950341409449,0.008960765080553258,False,0.008,2.0,0.0
2017-06-12,-0.002533170125023166,0.01323795034140945,13237.950341409449,0.002533170125023166,False,0.008,2.0,0.0
2017-06-13,0.003799081091306045,0.01323795034140945,13237.950341409449,-0.003799081091306045,False,0.008,2.0,0.0
2017-06-14,0.000820953664205537,0.01323795034140945,13237.950341409449,-0.000820953664205537,False,0.008,2.0,0.0
2017-06-15,-0.00449172420801105,0.01323795034140945,13237.950341409449,0.00449172420801105,False,0.008,2.0,0.0
2017-06-16,-5.3860317963594435e-05,0.01323795034140945,13237.950341409449,5.3860317963594435e-05,False,0.008,2.0,0.0
2017-06-19,0.005188650726834943,0.01323795034140945,13237.950341409449,-0.005188650726834943,False,0.008,2.0,0.0
2017-06-20,-0.0037566583262903077,0.01323795034140945,13237.950341409449,0.0037566583262903077,False,0.008,2.0,0.0
2017-06-21,0.003354212235450138,0.01323795034140945,13237.950341409449,-0.003354212235450138,False,0.008,2.0,0.0
2017-06-22,0.00198925309605289,0.01323795034140945,13237.950341409449,-0.00198925309605289,False,0.008,2.0,0.0
2017-06-23,0.0028362405341373132,0.01323795034140945,13237.950341409449,-0.0028362405341373132,False,0.008,2.0,0.0
2017-06-26,8.415950748592571e-05,0.01323795034140945,13237.950341409449,-8.415950748592571e-05,False,0.008,2.0,0.0
2017-06-27,-0.008953928563454783,0.01323795034140945,13237.950341409449,0.008953928563454783,False,0.008,2.0,0.0
2017-06-28,0.005708628829424001,0.01323795034140945,13237.950341409449,-0.005708628829424001,False,0.008,2.0,0.0
2017-06-29,-0.01042071302807961,0.01323795034140945,13237.950341409449,0.01042071302807961,False,0.008,2.0,0.0
2017-06-30,0.0003981252770957288,0.01323795034140945,13237.950341409449,-0.0003981252770957288,False,0.008,2.0,0.0
2017-07-03,-0.004522504855147136,0.01323795034140945,13237.950341409449,0.004522504855147136,False,0.008,2.0,0.0
2017-07-05,0.002834831514119696,0.01323795034140945,13237.950341409449,-0.002834831514119696,False,0.008,2.0,0.0
2017-07-06,-0.00777935678083599,0.01323795034140945,13237.950341409449,0.00777935678083599,False,0.008,2.0,0.0
2017-07-07,0.0006016280603216019,0.01323795034140945,13237.950341409449,-0.0006016280603216019,False,0.008,2.0,0.0
2017-07-10,0.004040907443911568,0.01323795034140945,13237.950341409449,-0.004040907443911568,False,0.008,2.0,0.0
2017-07-11,0.0026533042942117114,0.01323795034140945,13237.950341409449,-0.0026533042942117114,False,0.008,2.0,0.0
2017-07-12,0.009836410324233436,0.01323795034140945,13237.950341409449,-0.009836410324233436,False,0.008,2.0,0.0
2017-07-13,0.00014053957794304403,0.01323795034140945,13237.950341409449,-0.00014053957794304403,False,0.008,2.0,0.0
2017-07-14,0.006909791331196625,0.01323795034140945,13237.950341409449,-0.006909791331196625,False,0.008,2.0,0.0
2017-07-17,0.0005948323809896294,0.01323795034140945,13237.950341409449,-0.0005948323809896294,False,0.008,2.0,0.0
2017-07-18,0.005188527657022091,0.01323795034140945,13237.950341409449,-0.005188527657022091,False,0.008,2.0,0.0
2017-07-19,0.003946851321262868,0.01323795034140945,13237.950341409449,-0.003946851321262868,False,0.008,2.0,0.0
2017-07-20,0.0009719497391409871,0.01323795034140945,13237.950341409449,-0.0009719497391409871,False,0.008,2.0,0.0
2017-07-21,0.0021736853611556087,0.01323795034140945,13237.950341409449,-0.0021736853611556087,False,0.008,2.0,0.0
2017-07-24,0.0007672852906087435,0.01323795034140945,13237.950341409449,-0.0007672852906087435,False,0.008,2.0,0.0
2017-07-25,-0.0037852686533285554,0.01323795034140945,13237.950341409449,0.0037852686533285554,False,0.008,2.0,0.0
2017-07-26,0.004246755810755243,0.01323795034140945,13237.950341409449,-0.004246755810755243,False,0.008,2.0,0.0
2017-07-27,-0.0036686102570436365,0.01323795034140945,13237.950341409449,0.0036686102570436365,False,0.008,2.0,0.0
2017-07-28,0.0021952348403937675,0.01323795034140945,13237.950341409449,-0.0021952348403937675,False,0.008,2.0,0.0
2017-07-31,-0.0003914266784719622,0.01323795034140945,13237.950341409449,0.0003914266784719622,False,0.008,2.0,0.0
2017-08-01,0.00273893724255907,0.01323795034140945,13237.950341409449,-0.00273893724255907,False,0.008,2.0,0.0
2017-08-02,0.0005201212677325096,0.01323795034140945,13237.950341409449,-0.0005201212677325096,False,0.008,2.0,0.0
2017-08-03,0.0003998345358545929,0.01323795034140945,13237.950341409449,-0.0003998345358545929,False,0.008,2.0,0.0
2017-08-04,-0.0017996867836991726,0.01323795034140945,13237.950341409449,0.0017996867836991726,False,0.008,2.0,0.0
2017-08-07,0.0029940866590155717,0.01323795034140945,13237.950341409449,-0.0029940866590155717,False,0.008,2.0,0.0
2017-08-08,-0.0009268014330982899,0.01323795034140945,13237.950341409449,0.0009268014330982899,False,0.008,2.0,0.0
2017-08-09,0.0014320305900848984,0.01323795034140945,13237.950341409449,-0.0014320305900848984,False,0.008,2.0,0.0
2017-08-10,-0.00866168199811268,0.01323795034140945,13237.950341409449,0.00866168199811268,False,0.008,2.0,0.0
2017-08-11,0.003323994039797684,0.01323795034140945,13237.950341409449,-0.003323994039797684,False,0.008,2.0,0.0
2017-08-14,0.004163277261767395,0.01323795034140945,13237.950341409449,-0.004163277261767395,False,0.008,2.0,0.0
2017-08-15,-0.002039565896740503,0.01323795034140945,13237.950341409449,0.002039565896740503,False,0.008,2.0,0.0
2017-08-16,0.0049751941455078,0.01323795034140945,13237.950341409449,-0.0049751941455078,False,0.008,2.0,0.0
2017-08-17,-0.007248056590972762,0.01323795034140945,13237.950341409449,0.007248056590972762,False,0.008,2.0,0.0
2017-08-18,0.0008972419627402141,0.01323795034140945,13237.950341409449,-0.0008972419627402141,False,0.008,2.0,0.0
2017-08-21,0.0018763469778665834,0.01323795034140945,13237.950341409449,-0.0018763469778665834,False,0.008,2.0,0.0
2017-08-22,0.005707676246464245,0.01323795034140945,13237.950341409449,-0.005707676246464245,False,0.008,2.0,0.0
2017-08-23,0.0016314529793497456,0.01323795034140945,13237.950341409449,-0.0016314529793497456,False,0.008,2.0,0.0
2017-08-24,-0.0017839852837356009,0.01323795034140945,13237.950341409449,0.0017839852837356009,False,0.008,2.0,0.0
2017-08-25,0.0027182188978550625,0.01323795034140945,13237.950341409449,-0.0027182188978550625,False,0.008,2.0,0.0
2017-08-28,0.0029675594600264694,0.01323795034140945,13237.950341409449,-0.0029675594600264694,False,0.008,2.0,0.0
2017-08-29,0.0008693965042590124,0.01323795034140945,13237.950341409449,-0.0008693965042590124,False,0.008,2.0,0.0
2017-08-30,0.0034517252446116366,0.01323795034140945,13237.950341409449,-0.0034517252446116366,False,0.008,2.0,0.0
2017-08-31,0.006602734195740423,0.01323795034140945,13237.950341409449,-0.006602734195740423,False,0.008,2.0,0.0
2017-09-01,0.00033316953311322026,0.01323795034140945,13237.950341409449,-0.00033316953311322026,False,0.008,2.0,0.0
2017-09-05,-0.0004512786991364592,0.01323795034140945,13237.950341409449,0.0004512786991364592,False,0.008,2.0,0.0
2017-09-06,0.0003454702712002212,0.01323795034140945,13237.950341409449,-0.0003454702712002212,False,0.008,2.0,0.0
2017-09-07,0.006044757276508305,0.01323795034140945,13237.950341409449,-0.006044757276508305,False,0.004,1.0,0.0
2017-09-08,-0.0039780499881228336,0.013009208732147615,13009.208732147614,0.0039780499881228336,False,0.004,1.0,0.0
2017-09-11,0.0019391875006917086,0.013009208732147615,13009.208732147614,-0.0019391875006917086,False,0.004,1.0,0.0
2017-09-12,0.0004693180487222558,0.012467030554295069,12467.030554295068,-0.0004693180487222558,False,0.004,1.0,0.0
2017-09-13,-0.002976737349161973,0.012467030554295069,12467.030554295068,0.002976737349161973,False,0.004,1.0,0.0
2017-09-14,0.0009915191095404509,0.012467030554295069,12467.030554295068,-0.0009915191095404509,False,0.004,1.0,0.0
2017-09-15,0.0012278148303938032,0.012467030554295069,12467.030554295068,-0.0012278148303938032,False,0.004,1.0,0.0
2017-09-18,-0.0021497080948050364,0.012467030554295069,12467.030554295068,0.0021497080948050364,False,0.004,1.0,0.0
2017-09-19,0.0009074715694617374,0.012467030554295069,12467.030554295068,-0.0009074715694617374,False,0.004,1.0,0.0
2017-09-20,-0.0029231646482787976,0.012467030554295069,12467.030554295068,0.0029231646482787976,False,0.004,1.0,0.0
2017-09-21,-0.0033925675616692796,0.012467030554295069,12467.030554295068,0.0033925675616692796,False,0.004,1.0,0.0
2017-09-22,0.0001920483228336378,0.012467030554295069,12467.030554295068,-0.0001920483228336378,False,0.004,1.0,0.0
2017-09-25,-0.002563481731416317,0.012467030554295069,12467.030554295068,0.002563481731416317,False,0.004,1.0,0.0
2017-09-26,-0.002493894293209298,0.012467030554295069,12467.030554295068,0.002493894293209298,False,0.004,1.0,0.0
2017-09-27,-0.0030358600459291954,0.012467030554295069,12467.030554295068,0.0030358600459291954,False,0.004,1.0,0.0
2017-09-28,-0.00018022068702638896,0.012467030554295069,12467.030554295068,0.00018022068702638896,False,0.004,1.0,0.0
2017-09-29,0.0038645958701234223,0.012467030554295069,12467.030554295068,-0.0038645958701234223,False,0.004,1.0,0.0
2017-10-02,-0.0006074525810139342,0.012467030554295069,12467.030554295068,0.0006074525810139342,False,0.004,1.0,0.0
2017-10-03,0.004314566262316921,0.011781462215325694,11781.462215325695,-0.004314566262316921,False,0.004,1.0,0.0
2017-10-04,0.0009641452358231329,0.011781462215325694,11781.462215325695,-0.0009641452358231329,False,0.004,1.0,0.0
2017-10-05,0.0028089084491879305,0.011781462215325694,11781.462215325695,-0.0028089084491879305,False,0.004,1.0,0.0
2017-10-06,-0.0005782978276530181,0.011781462215325694,11781.462215325695,0.0005782978276530181,False,0.004,1.0,0.0
2017-10-09,0.0015741863694721972,0.011781462215325694,11781.462215325695,-0.0015741863694721972,False,0.004,1.0,0.0
2017-10-10,0.0034972713238203834,0.011270581036619886,11270.581036619886,-0.0034972713238203834,False,0.004,1.0,0.0
2017-10-11,0.002846410007613276,0.011270581036619886,11270.581036619886,-0.002846410007613276,False,0.004,1.0,0.0
2017-10-12,0.00026550485398051376,0.011270581036619886,11270.581036619886,-0.00026550485398051376,False,0.004,1.0,0.0
2017-10-13,0.005785773365715219,0.011270581036619886,11270.581036619886,-0.005785773365715219,False,0.004,1.0,0.0
2017-10-16,-0.0006902374840793701,0.011270581036619886,11270.581036619886,0.0006902374840793701,False,0.004,1.0,0.0
2017-10-17,-0.0017447507914395866,0.011270581036619886,11270.581036619886,0.0017447507914395866,False,0.004,1.0,0.0
2017-10-18,-0.0016432963506606947,0.011270581036619886,11270.581036619886,0.0016432963506606947,False,0.004,1.0,0.0
2017-10-19,-0.0009122342468100842,0.011270581036619886,11270.581036619886,0.0009122342468100842,False,0.004,1.0,0.0
2017-10-20,-0.001088392329943244,0.011270581036619886,11270.581036619886,0.001088392329943244,False,0.004,1.0,0.0
2017-10-23,-0.0030146087044568893,0.011270581036619886,11270.581036619886,0.0030146087044568893,False,0.004,1.0,0.0
2017-10-24,-0.0013218693227220468,0.011270581036619886,11270.581036619886,0.0013218693227220468,False,0.004,1.0,0.0
2017-10-25,-0.0031056112769538347,0.011270581036619886,11270.581036619886,0.0031056112769538347,False,0.004,1.0,0.0
2017-10-26,-0.004081761486150248,0.011270581036619886,11270.581036619886,0.004081761486150248,False,0.004,1.0,0.0
2017-10-27,0.012632931686513783,0.011270581036619886,11270.581036619886,-0.012632931686513783,False,0.004,1.0,0.0
2017-10-30,0.0007429777337369937,0.011270581036619886,11270.581036619886,-0.0007429777337369937,False,0.004,1.0,0.0
2017-10-31,0.002244220142124087,0.011270581036619886,11270.581036619886,-0.002244220142124087,False,0.004,1.0,0.0
2017-11-01,0.0028556648608882634,0.011270581036619886,11270.581036619886,-0.0028556648608882634,False,0.004,1.0,0.0
2017-11-02,0.0009681626304406389,0.011270581036619886,11270.581036619886,-0.0009681626304406389,False,0.004,1.0,0.0
2017-11-03,0.0011627133927972764,0.011270581036619886,11270.581036619886,-0.0011627133927972764,False,0.004,1.0,0.0
2017-11-06,0.005688296769849099,0.011270581036619886,11270.581036619886,-0.005688296769849099,False,0.004,1.0,0.0
2017-11-07,-0.001185224940453944,0.011270581036619886,11270.581036619886,0.001185224940453944,False,0.004,1.0,0.0
2017-11-08,0.0023417523664456268,0.010082095304908943,10082.095304908942,-0.0023417523664456268,False,0.0,0.0,0.0
2017-11-09,-0.0027615003715661056,0.009393806721503617,9393.806721503617,0.0027615003715661056,False,0.0,0.0,0.0
2017-11-10,-0.005588761727288038,0.00902012102313866,9020.12102313866,0.005588761727288038,False,0.0,0.0,0.0
2017-11-13,0.0007171585286968708,0.00902012102313866,9020.12102313866,-0.0007171585286968708,False,0.0,0.0,0.0
2017-11-14,-0.0007714593430462103,0.00902012102313866,9020.12102313866,0.0007714593430462103,False,0.0,0.0,0.0
2017-11-15,-0.0010608997250728613,0.00902012102313866,9020.12102313866,0.0010608997250728613,False,0.0,0.0,0.0
2017-11-16,0.006664331918779799,0.00902012102313866,9020.12102313866,-0.006664331918779799,False,0.0,0.0,0.0
2017-11-17,0.0035239065801502714,0.00902012102313866,9020.12102313866,-0.0035239065801502714,False,0.0,0.0,0.0
2017-11-20,-0.0013917193514354721,0.00902012102313866,9020.12102313866,0.0013917193514354721,False,0.0,0.0,0.0
2017-11-21,0.007120170801390691,0.00902012102313866,9020.12102313866,-0.007120170801390691,False,0.0,0.0,0.0
2017-11-22,0.0030610500535347197,0.00902012102313866,9020.12102313866,-0.0030610500535347197,False,0.0,0.0,0.0
2017-11-24,-0.00028017132364941414,0.00902012102313866,9020.12102313866,0.00028017132364941414,False,0.0,0.0,0.0
2017-11-27,-0.0025738827902263453,0.00902012102313866,9020.12102313866,0.0025738827902263453,False,0.0,0.0,0.0
2017-11-28,0.0042661781137342866,0.00902012102313866,9020.12102313866,-0.0042661781137342866,False,0.0,0.0,0.0
2017-11-29,-0.010001511708582966,0.00902012102313866,9020.12102313866,0.010001511708582966,True,0.004,1.0,0.0009813906854443059
2017-11-30,-0.0009701885254327805,0.00950832508579158,9508.325085791581,0.0009701885254327805,False,0.004,1.0,0.0
2017-12-01,0.0011144256157957556,0.00950832508579158,9508.325085791581,-0.0011144256157957556,False,0.004,1.0,0.0
2017-12-04,-0.0027334019289043223,0.00950832508579158,9508.325085791581,0.0027334019289043223,False,0.004,1.0,0.0
2017-12-05,-0.0011430461410727902,0.00950832508579158,9508.325085791581,0.0011430461410727902,False,0.004,1.0,0.0
2017-12-06,-0.001484469197235083,0.00950832508579158,9508.325085791581,0.001484469197235083,False,0.004,1.0,0.0
2017-12-07,-0.002315828371415085,0.00950832508579158,9508.325085791581,0.002315828371415085,False,0.004,1.0,0.0
2017-12-08,0.004306808886031343,0.00950832508579158,9508.325085791581,-0.004306808886031343,False,0.004,1.0,0.0
2017-12-11,0.0019514756236721942,0.00950832508579158,9508.325085791581,-0.0019514756236721942,False,0.004,1.0,0.0
2017-12-12,-0.0011012137868992246,0.00950832508579158,9508.325085791581,0.0011012137868992246,False,0.004,1.0,0.0
2017-12-13,0.0059916595160574675,0.008978229171820642,8978.229171820642,-0.0059916595160574675,False,0.004,1.0,0.0
2017-12-14,-0.0019780998311224925,0.008978229171820642,8978.229171820642,0.0019780998311224925,False,0.004,1.0,0.0
2017-12-15,0.005541811494214688,0.008978229171820642,8978.229171820642,-0.005541811494214688,False,0.004,1.0,0.0
2017-12-18,0.0042974201321292595,0.008978229171820642,8978.229171820642,-0.0042974201321292595,False,0.004,1.0,0.0
2017-12-19,-0.00545428397184351,0.008978229171820642,8978.229171820642,0.00545428397184351,False,0.004,1.0,0.0
2017-12-20,-0.0017386810439876444,0.008978229171820642,8978.229171820642,0.0017386810439876444,False,0.004,1.0,0.0
2017-12-21,0.003195825309758638,0.008978229171820642,8978.229171820642,-0.003195825309758638,False,0.004,1.0,0.0
2017-12-22,0.0027308924759323894,0.008978229171820642,8978.229171820642,-0.0027308924759323894,False,0.004,1.0,0.0
2017-12-26,0.00047423416541254605,0.008978229171820642,8978.229171820642,-0.00047423416541254605,False,0.004,1.0,0.0
2017-12-27,0.004000065491466831,0.008978229171820642,8978.229171820642,-0.004000065491466831,False,0.004,1.0,0.0
2017-12-28,0.0028691035134236435,0.008978229171820642,8978.229171820642,-0.0028691035134236435,False,0.004,1.0,0.0
2017-12-29,0.0005643936703531913,0.008978229171820642,8978.229171820642,-0.0005643936703531913,False,0.004,1.0,0.0
2018-01-02,0.008980724056155288,0.008978229171820642,8978.229171820642,-0.008980724056155288,False,0.004,1.0,0.0
2018-01-03,0.005553633438327333,0.008978229171820642,8978.229171820642,-0.005553633438327333,False,0.004,1.0,0.0
2018-01-04,0.0031769381262424234,0.008978229171820642,8978.229171820642,-0.0031769381262424234,False,0.004,1.0,0.0
2018-01-05,0.004287544839775137,0.008978229171820642,8978.229171820642,-0.004287544839775137,False,0.004,1.0,0.0
2018-01-08,0.000984776878129945,0.008978229171820642,8978.229171820642,-0.000984776878129945,False,0.004,1.0,0.0
2018-01-09,-0.003460854189406226,0.008978229171820642,8978.229171820642,0.003460854189406226,False,0.004,1.0,0.0
2018-01-10,-0.0017984630033586638,0.008978229171820642,8978.229171820642,0.0017984630033586638,False,0.004,1.0,0.0
2018-01-11,0.005538721202819019,0.008978229171820642,8978.229171820642,-0.005538721202819019,False,0.004,1.0,0.0
2018-01-12,0.007451664677719316,0.008978229171820642,8978.229171820642,-0.007451664677719316,False,0.004,1.0,0.0
2018-01-16,-0.000856510543773559,0.008978229171820642,8978.229171820642,0.000856510543773559,False,0.004,1.0,0.0
2018-01-17,0.004808482040133045,0.008978229171820642,8978.229171820642,-0.004808482040133045,False,0.004,1.0,0.0
2018-01-18,-0.0023617330329964493,0.008978229171820642,8978.229171820642,0.0023617330329964493,False,0.004,1.0,0.0
2018-01-19,0.0030151340287601913,0.008978229171820642,8978.229171820642,-0.0030151340287601913,False,0.004,1.0,0.0
2018-01-22,0.005475264338412878,0.008978229171820642,8978.229171820642,-0.005475264338412878,False,0.004,1.0,0.0
2018-01-23,0.004879606198580122,0.008978229171820642,8978.229171820642,-0.004879606198580122,False,0.004,1.0,0.0
2018-01-24,0.0016643450692896303,0.008978229171820642,8978.229171820642,-0.0016643450692896303,False,0.004,1.0,0.0
2018-01-25,0.00020329919513721877,0.008978229171820642,8978.229171820642,-0.00020329919513721877,False,0.004,1.0,0.0
2018-01-26,0.007559589520688427,0.008978229171820642,8978.229171820642,-0.007559589520688427,False,0.004,1.0,0.0
2018-01-29,-0.00784701408394326,0.008978229171820642,8978.229171820642,0.00784701408394326,False,0.004,1.0,0.0
2018-01-30,-0.008464319547138244,0.008978229171820642,8978.229171820642,0.008464319547138244,False,0.004,1.0,0.0
2018-01-31,0.0051897099181915434,0.008978229171820642,8978.229171820642,-0.0051897099181915434,False,0.004,1.0,0.0
2018-02-01,-0.006871859967154138,0.008978229171820642,8978.229171820642,0.006871859967154138,False,0.004,1.0,0.0
2018-02-02,-0.017947573947090834,0.008978229171820642,8978.229171820642,0.017947573947090834,True,0.008,2.0,0.008969344775270192
2018-02-05,-0.020866710610198826,0.00950832508579158,9508.325085791581,0.020866710610198826,True,0.012,3.0,0.011358385524407245
2018-02-06,0.012405711085272353,0.010215304381526253,10215.304381526254,-0.012405711085272353,False,0.012,3.0,0.0
2018-02-07,-0.012816750496456785,0.010215304381526253,10215.304381526254,0.012816750496456785,True,0.016,4.0,0.0026014461149305324
2018-02-08,-0.022785146829569603,0.011642692136951965,11642.692136951964,0.022785146829569603,True,0.02,5.0,0.011142454692617638
2018-02-09,0.008053746539910001,0.01543347045628014,15433.47045628014,-0.008053746539910001,False,0.02,5.0,0.0
2018-02-12,0.011474635942644175,0.01543347045628014,15433.47045628014,-0.011474635942644175,False,0.02,5.0,0.0
2018-02-13,0.00508430843962957,0.01543347045628014,15433.47045628014,-0.00508430843962957,False,0.02,5.0,0.0
2018-02-14,0.012645525115174383,0.01543347045628014,15433.47045628014,-0.012645525115174383,False,0.02,5.0,0.0
2018-02-15,0.01128525909734308,0.01543347045628014,15433.47045628014,-0.01128525909734308,False,0.02,5.0,0.0
2018-02-16,-0.0010486085950356385,0.01543347045628014,15433.47045628014,0.0010486085950356385,False,0.02,5.0,0.0
2018-02-20,-0.007161851689923049,0.01543347045628014,15433.47045628014,0.007161851689923049,False,0.02,5.0,0.0
2018-02-21,-0.00509979954572537,0.01543347045628014,15433.47045628014,0.00509979954572537,False,0.02,5.0,0.0
2018-02-22,0.001975982356188277,0.01543347045628014,15433.47045628014,-0.001975982356188277,False,0.02,5.0,0.0
2018-02-23,0.012362618490619948,0.01543347045628014,15433.47045628014,-0.012362618490619948,False,0.02,5.0,0.0
2018-02-26,0.00738424930171755,0.01543347045628014,15433.47045628014,-0.00738424930171755,False,0.02,5.0,0.0
2018-02-27,-0.013168361685555841,0.01543347045628014,15433.47045628014,0.013168361685555841,False,0.02,5.0,0.0
2018-02-28,-0.005119701368055463,0.015605759938938677,15605.759938938678,0.005119701368055463,False,0.02,5.0,0.0
2018-03-01,-0.005631158813989258,0.015605759938938677,15605.759938938678,0.005631158813989258,False,0.02,5.0,0.0
2018-03-02,0.0031501936966032763,0.015605759938938677,15605.759938938678,-0.0031501936966032763,False,0.02,5.0,0.0
2018-03-05,0.0039436742802349,0.015605759938938677,15605.759938938678,-0.0039436742802349,False,0.02,5.0,0.0
2018-03-06,0.005563725324012303,0.015605759938938677,15605.759938938678,-0.005563725324012303,False,0.02,5.0,0.0
2018-03-07,-0.0009052835035519459,0.015605759938938677,15605.759938938678,0.0009052835035519459,False,0.02,5.0,0.0
2018-03-08,0.0027850569768970604,0.015605759938938677,15605.759938938678,-0.0027850569768970604,False,0.02,5.0,0.0
2018-03-09,0.010513120568807755,0.015605759938938677,15605.759938938678,-0.010513120568807755,False,0.02,5.0,0.0
2018-03-12,0.002447444701023116,0.015605759938938677,15605.759938938678,-0.002447444701023116,False,0.02,5.0,0.0
2018-03-13,-0.004425704250055129,0.015605759938938677,15605.759938938678,0.004425704250055129,False,0.02,5.0,0.0
2018-03-14,0.0008969610576766708,0.015605759938938677,15605.759938938678,-0.0008969610576766708,False,0.02,5.0,0.0
2018-03-15,-0.002392750482742434,0.015605759938938677,15605.759938938678,0.002392750482742434,False,0.02,5.0,0.0
2018-03-16,-0.002019360098503875,0.015605759938938677,15605.759938938678,0.002019360098503875,False,0.02,5.0,0.0
2018-03-19,-0.0093283077312335,0.015605759938938677,15605.759938938678,0.0093283077312335,False,0.02,5.0,0.0
2018-03-20,0.0015160781240258993,0.015605759938938677,15605.759938938678,-0.0015160781240258993,False,0.02,5.0,0.0
2018-03-21,0.003633529856926665,0.015605759938938677,15605.759938938678,-0.003633529856926665,False,0.02,5.0,0.0
2018-03-22,-0.015410015194432436,0.015605759938938677,15605.759938938678,0.015410015194432436,False,0.02,5.0,0.0
2018-03-23,-0.011148594349622055,0.016704170158288213,16704.170158288212,0.011148594349622055,False,0.02,5.0,0.0
2018-03-26,0.019671384006421832,0.016704170158288213,16704.170158288212,-0.019671384006421832,False,0.02,5.0,0.0
2018-03-27,-0.012603362116942553,0.016704170158288213,16704.170158288212,0.012603362116942553,False,0.02,5.0,0.0
2018-03-28,-0.006133497304886061,0.016704170158288213,16704.170158288212,0.006133497304886061,False,0.02,5.0,0.0
2018-03-29,0.011473482687136816,0.016704170158288213,16704.170158288212,-0.011473482687136816,False,0.02,5.0,0.0
2018-04-02,-0.010959312428999767,0.016704170158288213,16704.170158288212,0.010959312428999767,False,0.02,5.0,0.0
2018-04-03,0.0037456946330622462,0.016704170158288213,16704.170158288212,-0.0037456946330622462,False,0.02,5.0,0.0
2018-04-04,0.005201407124193925,0.016704170158288213,16704.170158288212,-0.005201407124193925,False,0.02,5.0,0.0
2018-04-05,0.0006992406912543546,0.016704170158288213,16704.170158288212,-0.0006992406912543546,False,0.02,5.0,0.0
2018-04-06,-0.01025172285128786,0.016704170158288213,16704.170158288212,0.01025172285128786,False,0.02,5.0,0.0
2018-04-09,0.003613390553785401,0.016704170158288213,16704.170158288212,-0.003613390553785401,False,0.02,5.0,0.0
2018-04-10,0.011607216018172542,0.016704170158288213,16704.170158288212,-0.011607216018172542,False,0.02,5.0,0.0
2018-04-11,0.0001489579326801271,0.016704170158288213,16704.170158288212,-0.0001489579326801271,False,0.02,5.0,0.0
2018-04-12,0.00017932477966426936,0.016704170158288213,16704.170158288212,-0.00017932477966426936,False,0.02,5.0,0.0
2018-04-13,-0.0018449454493999486,0.016704170158288213,16704.170158288212,0.0018449454493999486,False,0.02,5.0,0.0
2018-04-16,0.0037696685879255567,0.016704170158288213,16704.170158288212,-0.0037696685879255567,False,0.02,5.0,0.0
2018-04-17,0.007598454806403243,0.016704170158288213,16704.170158288212,-0.007598454806403243,False,0.02,5.0,0.0
2018-04-18,0.0008322587730601464,0.016704170158288213,16704.170158288212,-0.0008322587730601464,False,0.02,5.0,0.0
2018-04-19,-0.006131579976523827,0.016704170158288213,16704.170158288212,0.006131579976523827,False,0.02,5.0,0.0
2018-04-20,-0.010330508087939182,0.016704170158288213,16704.170158288212,0.010330508087939182,False,0.02,5.0,0.0
2018-04-23,-0.0036878430560930878,0.016704170158288213,16704.170158288212,0.0036878430560930878,False,0.02,5.0,0.0
2018-04-24,-0.007809837296406963,0.016704170158288213,16704.170158288212,0.007809837296406963,False,0.02,5.0,0.0
2018-04-25,-0.003447757505592431,0.016704170158288213,16704.170158288212,0.003447757505592431,False,0.02,5.0,0.0
2018-04-26,0.009836061884055768,0.016704170158288213,16704.170158288212,-0.009836061884055768,False,0.02,5.0,0.0
2018-04-27,0.003936895088567872,0.016704170158288213,16704.170158288212,-0.003936895088567872,False,0.02,5.0,0.0
2018-04-30,-0.0054931420630574875,0.016704170158288213,16704.170158288212,0.0054931420630574875,False,0.02,5.0,0.0
2018-05-01,-0.0004712581575445629,0.016704170158288213,16704.170158288212,0.0004712581575445629,False,0.02,5.0,0.0
2018-05-02,-0.004424333568388406,0.016704170158288213,16704.170158288212,0.004424333568388406,False,0.02,5.0,0.0
2018-05-03,0.0010180070801307118,0.016704170158288213,16704.170158288212,-0.0010180070801307118,False,0.02,5.0,0.0
2018-05-04,0.008014110204250892,0.016704170158288213,16704.170158288212,-0.008014110204250892,False,0.02,5.0,0.0
2018-05-07,0.0009044243543162358,0.016704170158288213,16704.170158288212,-0.0009044243543162358,False,0.02,5.0,0.0
2018-05-08,0.0007687719614889011,0.016704170158288213,16704.170158288212,-0.0007687719614889011,False,0.02,5.0,0.0
2018-05-09,0.002887087713262404,0.016704170158288213,16704.170158288212,-0.002887087713262404,False,0.02,5.0,0.0
2018-05-10,0.011091868350292257,0.016704170158288213,16704.170158288212,-0.011091868350292257,False,0.02,5.0,0.0
2018-05-11,0.0003014923169255557,0.016704170158288213,16704.170158288212,-0.0003014923169255557,False,0.02,5.0,0.0
2018-05-14,-0.0011820125450948016,0.016704170158288213,16704.170158288212,0.0011820125450948016,False,0.02,5.0,0.0
2018-05-15,-0.01322798288011391,0.016704170158288213,16704.170158288212,0.01322798288011391,False,0.02,5.0,0.0
2018-05-16,0.004097619548530651,0.016704170158288213,16704.170158288212,-0.004097619548530651,False,0.02,5.0,0.0
2018-05-17,-0.004886199961844784,0.016704170158288213,16704.170158288212,0.004886199961844784,False,0.02,5.0,0.0
2018-05-18,-0.0014097327945384206,0.016704170158288213,16704.170158288212,0.0014097327945384206,False,0.02,5.0,0.0
2018-05-21,0.004058660842854866,0.016704170158288213,16704.170158288212,-0.004058660842854866,False,0.02,5.0,0.0
2018-05-22,-0.0005481997745076851,0.016704170158288213,16704.170158288212,0.0005481997745076851,False,0.02,5.0,0.0
2018-05-23,0.003817127521573327,0.016704170158288213,16704.170158288212,-0.003817127521573327,False,0.02,5.0,0.0
2018-05-24,0.001763644433683198,0.016704170158288213,16704.170158288212,-0.001763644433683198,False,0.02,5.0,0.0
2018-05-25,0.0011757527774213907,0.016704170158288213,16704.170158288212,-0.0011757527774213907,False,0.02,5.0,0.0
2018-05-29,-0.0034881319885102353,0.016704170158288213,16704.170158288212,0.0034881319885102353,False,0.02,5.0,0.0
2018-05-30,0.004639499810920822,0.016704170158288213,16704.170158288212,-0.004639499810920822,False,0.02,5.0,0.0
2018-05-31,-0.002209096297095403,0.016704170158288213,16704.170158288212,0.002209096297095403,False,0.02,5.0,0.0
2018-06-01,0.0058570334863209395,0.016704170158288213,16704.170158288212,-0.0058570334863209395,False,0.02,5.0,0.0
2018-06-04,0.0031431663719222683,0.016704170158288213,16704.170158288212,-0.0031431663719222683,False,0.02,5.0,0.0
2018-06-05,0.0004799772088281307,0.016704170158288213,16704.170158288212,-0.0004799772088281307,False,0.02,5.0,0.0
2018-06-06,0.004346890527480053,0.016704170158288213,16704.170158288212,-0.004346890527480053,False,0.02,5.0,0.0
2018-06-07,-0.0028633244874317846,0.016704170158288213,16704.170158288212,0.0028633244874317846,False,0.02,5.0,0.0
2018-06-08,-0.0001411616029728613,0.016704170158288213,16704.170158288212,0.0001411616029728613,False,0.02,5.0,0.0
2018-06-11,0.0007943189408385678,0.016704170158288213,16704.170158288212,-0.0007943189408385678,False,0.02,5.0,0.0
2018-06-12,0.00017732947666240223,0.016704170158288213,16704.170158288212,-0.00017732947666240223,False,0.02,5.0,0.0
2018-06-13,-0.0014893639713419394,0.016704170158288213,16704.170158288212,0.0014893639713419394,False,0.02,5.0,0.0
2018-06-14,0.003146019622369067,0.016704170158288213,16704.170158288212,-0.003146019622369067,False,0.02,5.0,0.0
2018-06-15,-0.005656563116366464,0.016704170158288213,16704.170158288212,0.005656563116366464,False,0.02,5.0,0.0
2018-06-18,-0.003520691701971312,0.016704170158288213,16704.170158288212,0.003520691701971312,False,0.02,5.0,0.0
2018-06-19,-0.002888822012342174,0.016704170158288213,16704.170158288212,0.002888822012342174,False,0.02,5.0,0.0
2018-06-20,-1.9232804668378527e-05,0.016704170158288213,16704.170158288212,1.9232804668378527e-05,False,0.02,5.0,0.0
2018-06-21,-0.005102310731812798,0.016704170158288213,16704.170158288212,0.005102310731812798,False,0.02,5.0,0.0
2018-06-22,0.002457642769921442,0.016704170158288213,16704.170158288212,-0.002457642769921442,False,0.02,5.0,0.0
2018-06-25,-0.010215188710317237,0.016704170158288213,16704.170158288212,0.010215188710317237,False,0.02,5.0,0.0
2018-06-26,-0.00029435823975296763,0.016704170158288213,16704.170158288212,0.00029435823975296763,False,0.02,5.0,0.0
2018-06-27,-0.007478417675532588,0.016704170158288213,16704.170158288212,0.007478417675532588,False,0.02,5.0,0.0
2018-06-28,0.004006686071710042,0.016704170158288213,16704.170158288212,-0.004006686071710042,False,0.02,5.0,0.0
2018-06-29,0.003863549485703688,0.016704170158288213,16704.170158288212,-0.003863549485703688,False,0.02,5.0,0.0
2018-07-02,-0.0023797837781200926,0.016704170158288213,16704.170158288212,0.0023797837781200926,False,0.02,5.0,0.0
2018-07-03,0.00021633289650764274,0.016704170158288213,16704.170158288212,-0.00021633289650764274,False,0.02,5.0,0.0
2018-07-05,0.004849668888989456,0.016704170158288213,16704.170158288212,-0.004849668888989456,False,0.02,5.0,0.0
2018-07-06,0.007893344868231168,0.016704170158288213,16704.170158288212,-0.007893344868231168,False,0.02,5.0,0.0
2018-07-09,0.0063947002268120124,0.016704170158288213,16704.170158288212,-0.0063947002268120124,False,0.02,5.0,0.0
2018-07-10,2.8125862418892914e-05,0.016704170158288213,16704.170158288212,-2.8125862418892914e-05,False,0.02,5.0,0.0
2018-07-11,-0.007777655989639443,0.016704170158288213,16704.170158288212,0.007777655989639443,False,0.02,5.0,0.0
2018-07-12,0.00880580414827703,0.016704170158288213,16704.170158288212,-0.00880580414827703,False,0.02,5.0,0.0
2018-07-13,8.770802383490936e-05,0.016704170158288213,16704.170158288212,-8.770802383490936e-05,False,0.02,5.0,0.0
2018-07-16,-0.002685607226543696,0.016704170158288213,16704.170158288212,0.002685607226543696,False,0.02,5.0,0.0
2018-07-17,0.0009562605503325995,0.016704170158288213,16704.170158288212,-0.0009562605503325995,False,0.02,5.0,0.0
2018-07-18,-0.0009359438573036006,0.016704170158288213,16704.170158288212,0.0009359438573036006,False,0.02,5.0,0.0
2018-07-19,-0.0038080897071641525,0.016704170158288213,16704.170158288212,0.0038080897071641525,False,0.02,5.0,0.0
2018-07-20,0.0014291769070511769,0.016704170158288213,16704.170158288212,-0.0014291769070511769,False,0.02,5.0,0.0
2018-07-23,-0.00373912667483487,0.016704170158288213,16704.170158288212,0.00373912667483487,False,0.02,5.0,0.0
2018-07-24,0.005518198773335881,0.016704170158288213,16704.170158288212,-0.005518198773335881,False,0.02,5.0,0.0
2018-07-25,0.008535379485007646,0.016704170158288213,16704.170158288212,-0.008535379485007646,False,0.02,5.0,0.0
2018-07-26,-0.007667722144908718,0.016704170158288213,16704.170158288212,0.007667722144908718,False,0.02,5.0,0.0
2018-07-27,-0.002896968466457728,0.016704170158288213,16704.170158288212,0.002896968466457728,False,0.02,5.0,0.0
2018-07-30,-0.005181319847974164,0.016704170158288213,16704.170158288212,0.005181319847974164,False,0.02,5.0,0.0
2018-07-31,0.0052719236969718695,0.016704170158288213,16704.170158288212,-0.0052719236969718695,False,0.02,5.0,0.0
2018-08-01,-0.004452944346791466,0.016704170158288213,16704.170158288212,0.004452944346791466,False,0.02,5.0,0.0
2018-08-02,0.00036682167512625,0.016704170158288213,16704.170158288212,-0.00036682167512625,False,0.02,5.0,0.0
2018-08-03,0.004712933723123625,0.016704170158288213,16704.170158288212,-0.004712933723123625,False,0.02,5.0,0.0
2018-08-06,-0.0005368670355697215,0.016704170158288213,16704.170158288212,0.0005368670355697215,False,0.02,5.0,0.0
2018-08-07,0.00285601224514036,0.016704170158288213,16704.170158288212,-0.00285601224514036,False,0.02,5.0,0.0
2018-08-08,0.000648076749078741,0.016704170158288213,16704.170158288212,-0.000648076749078741,False,0.02,5.0,0.0
2018-08-09,0.0004062204635441047,0.016704170158288213,16704.170158288212,-0.0004062204635441047,False,0.02,5.0,0.0
2018-08-10,-0.005762949205480772,0.016704170158288213,16704.170158288212,0.005762949205480772,False,0.02,5.0,0.0
2018-08-13,-0.007689322307052927,0.016704170158288213,16704.170158288212,0.007689322307052927,False,0.02,5.0,0.0
2018-08-14,0.0034998924050118068,0.016704170158288213,16704.170158288212,-0.0034998924050118068,False,0.02,5.0,0.0
2018-08-15,-0.011856367121098655,0.016704170158288213,16704.170158288212,0.011856367121098655,False,0.02,5.0,0.0
2018-08-16,0.003351115197800048,0.016704170158288213,16704.170158288212,-0.003351115197800048,False,0.02,5.0,0.0
2018-08-17,0.004957712024000349,0.016704170158288213,16704.170158288212,-0.004957712024000349,False,0.02,5.0,0.0
2018-08-20,0.003488269020156576,0.016704170158288213,16704.170158288212,-0.003488269020156576,False,0.02,5.0,0.0
2018-08-21,0.0036631546374135127,0.016704170158288213,16704.170158288212,-0.0036631546374135127,False,0.02,5.0,0.0
2018-08-22,0.0034743030370060876,0.016704170158288213,16704.170158288212,-0.0034743030370060876,False,0.02,5.0,0.0
2018-08-23,-0.0053649444500411874,0.016704170158288213,16704.170158288212,0.0053649444500411874,False,0.02,5.0,0.0
2018-08-24,0.01065991308536245,0.016704170158288213,16704.170158288212,-0.01065991308536245,False,0.02,5.0,0.0
2018-08-27,0.006085291660858272,0.016704170158288213,16704.170158288212,-0.006085291660858272,False,0.02,5.0,0.0
2018-08-28,-0.0031268900677722923,0.016704170158288213,16704.170158288212,0.0031268900677722923,False,0.02,5.0,0.0
2018-08-29,0.0057953183897638825,0.016704170158288213,16704.170158288212,-0.0057953183897638825,False,0.02,5.0,0.0
2018-08-30,-0.006929433547299291,0.016704170158288213,16704.170158288212,0.006929433547299291,False,0.02,5.0,0.0
2018-08-31,0.0005981246788466121,0.016704170158288213,16704.170158288212,-0.0005981246788466121,False,0.02,5.0,0.0
2018-09-04,-0.007271381085653017,0.016704170158288213,16704.170158288212,0.007271381085653017,False,0.02,5.0,0.0
2018-09-05,-0.0058457195731479675,0.016704170158288213,16704.170158288212,0.0058457195731479675,False,0.02,5.0,0.0
2018-09-06,-0.001074919350610215,0.016704170158288213,16704.170158288212,0.001074919350610215,False,0.02,5.0,0.0
2018-09-07,-0.0044083376387600735,0.016704170158288213,16704.170158288212,0.0044083376387600735,False,0.02,5.0,0.0
2018-09-10,-0.000354861046986632,0.016704170158288213,16704.170158288212,0.000354861046986632,False,0.02,5.0,0.0
2018-09-11,0.0012395462825761203,0.016704170158288213,16704.170158288212,-0.0012395462825761203,False,0.02,5.0,0.0
2018-09-12,0.0026274692778596176,0.016704170158288213,16704.170158288212,-0.0026274692778596176,False,0.02,5.0,0.0
2018-09-13,0.005605933592633216,0.016704170158288213,16704.170158288212,-0.005605933592633216,False,0.02,5.0,0.0
2018-09-14,-0.0029992868042750813,0.016704170158288213,16704.170158288212,0.0029992868042750813,False,0.02,5.0,0.0
2018-09-17,-0.004706653687050189,0.016704170158288213,16704.170158288212,0.004706653687050189,False,0.02,5.0,0.0
2018-09-18,0.0022722990822400925,0.016704170158288213,16704.170158288212,-0.0022722990822400925,False,0.02,5.0,0.0
2018-09-19,0.002405581544755786,0.016704170158288213,16704.170158288212,-0.002405581544755786,False,0.02,5.0,0.0
2018-09-20,0.007651755593293875,0.016704170158288213,16704.170158288212,-0.007651755593293875,False,0.02,5.0,0.0
2018-09-21,-0.0017971763141214848,0.016704170158288213,16704.170158288212,0.0017971763141214848,False,0.02,5.0,0.0
2018-09-24,-0.0029227394513220875,0.016704170158288213,16704.170158288212,0.0029227394513220875,False,0.02,5.0,0.0
2018-09-25,0.0009936522519267356,0.016704170158288213,16704.170158288212,-0.0009936522519267356,False,0.02,5.0,0.0
2018-09-26,0.00031202971753991894,0.016704170158288213,16704.170158288212,-0.00031202971753991894,False,0.02,5.0,0.0
2018-09-27,0.0015955065359438694,0.016704170158288213,16704.170158288212,-0.0015955065359438694,False,0.02,5.0,0.0
2018-09-28,-0.0006246166610137439,0.016704170158288213,16704.170158288212,0.0006246166610137439,False,0.02,5.0,0.0
2018-10-01,-0.0006547131381815731,0.016704170158288213,16704.170158288212,0.0006547131381815731,False,0.02,5.0,0.0
2018-10-02,0.0004487643261484874,0.016704170158288213,16704.170158288212,-0.0004487643261484874,False,0.02,5.0,0.0
2018-10-03,-0.005590781478322816,0.016704170158288213,16704.170158288212,0.005590781478322816,False,0.02,5.0,0.0
2018-10-04,-0.011703252060591529,0.016704170158288213,16704.170158288212,0.011703252060591529,False,0.02,5.0,0.0
2018-10-05,-0.005451706721326555,0.016704170158288213,16704.170158288212,0.005451706721326555,False,0.02,5.0,0.0
2018-10-08,-0.0038141011287013307,0.016704170158288213,16704.170158288212,0.0038141011287013307,False,0.02,5.0,0.0
2018-10-09,0.0017529873698771683,0.016704170158288213,16704.170158288212,-0.0017529873698771683,False,0.02,5.0,0.0
2018-10-10,-0.02111457776845569,0.016704170158288213,16704.170158288212,0.02111457776845569,True,0.024,6.0,0.004410407610167477
2018-10-11,-0.0013392746474657935,0.019436333645275902,19436.333645275903,0.0013392746474657935,False,0.024,6.0,0.0
2018-10-12,0.01257358747430084,0.019436333645275902,19436.333645275903,-0.01257358747430084,False,0.024,6.0,0.0
2018-10-15,-0.004429608048332567,0.019436333645275902,19436.333645275903,0.004429608048332567,False,0.024,6.0,0.0
2018-10-16,0.015318912428253251,0.019436333645275902,19436.333645275903,-0.015318912428253251,False,0.024,6.0,0.0
2018-10-17,-0.003535937093258191,0.019436333645275902,19436.333645275903,0.003535937093258191,False,0.024,6.0,0.0
2018-10-18,-0.012623209110210932,0.019436333645275902,19436.333645275903,0.012623209110210932,False,0.024,6.0,0.0
2018-10-19,0.0013063934161355651,0.019436333645275902,19436.333645275903,-0.0013063934161355651,False,0.024,6.0,0.0
2018-10-22,0.0015178380503957148,0.019436333645275902,19436.333645275903,-0.0015178380503957148,False,0.024,6.0,0.0
2018-10-23,-0.002139297666483353,0.019436333645275902,19436.333645275903,0.002139297666483353,False,0.024,6.0,0.0
2018-10-24,-0.01969410468809638,0.019436333645275902,19436.333645275903,0.01969410468809638,True,0.028,7.0,0.0002577710428204767
2018-10-25,0.013081191826925888,0.020292133708368625,20292.133708368623,-0.013081191826925888,False,0.028,7.0,0.0
2018-10-26,-0.009119342189258495,0.020292133708368625,20292.133708368623,0.009119342189258495,False,0.028,7.0,0.0
2018-10-29,-0.009929555342089127,0.020292133708368625,20292.133708368623,0.009929555342089127,False,0.028,7.0,0.0
2018-10-30,0.008283796081375394,0.020292133708368625,20292.133708368623,-0.008283796081375394,False,0.028,7.0,0.0
2018-10-31,0.006866888917086555,0.020292133708368625,20292.133708368623,-0.006866888917086555,False,0.028,7.0,0.0
2018-11-01,0.014672378515856187,0.020292133708368625,20292.133708368623,-0.014672378515856187,False,0.028,7.0,0.0
2018-11-02,-0.005470064387914243,0.020292133708368625,20292.133708368623,0.005470064387914243,False,0.028,7.0,0.0
2018-11-05,0.0014520761603920463,0.020292133708368625,20292.133708368623,-0.0014520761603920463,False,0.028,7.0,0.0
2018-11-06,0.0017472288825487682,0.020292133708368625,20292.133708368623,-0.0017472288825487682,False,0.028,7.0,0.0
2018-11-07,0.014573823474045988,0.020292133708368625,20292.133708368623,-0.014573823474045988,False,0.028,7.0,0.0
2018-11-08,-0.007276089799774478,0.020292133708368625,20292.133708368623,0.007276089799774478,False,0.028,7.0,0.0
2018-11-09,-0.009775672557257753,0.020292133708368625,20292.133708368623,0.009775672557257753,False,0.028,7.0,0.0
2018-11-12,-0.0127296516876527,0.020292133708368625,20292.133708368623,0.0127296516876527,False,0.028,7.0,0.0
2018-11-13,0.002035406426955366,0.020292133708368625,20292.133708368623,-0.002035406426955366,False,0.028,7.0,0.0
2018-11-14,9.242500105974807e-05,0.020292133708368625,20292.133708368623,-9.242500105974807e-05,False,0.028,7.0,0.0
2018-11-15,0.010183178074222045,0.020292133708368625,20292.133708368623,-0.010183178074222045,False,0.028,7.0,0.0
2018-11-16,0.002848608562319033,0.020292133708368625,20292.133708368623,-0.002848608562319033,False,0.028,7.0,0.0
2018-11-19,-0.011923346334325392,0.020292133708368625,20292.133708368623,0.011923346334325392,False,0.028,7.0,0.0
2018-11-20,-0.011522759139344085,0.020292133708368625,20292.133708368623,0.011522759139344085,False,0.028,7.0,0.0
2018-11-21,0.006158997861382765,0.020292133708368625,20292.133708368623,-0.006158997861382765,False,0.028,7.0,0.0
2018-11-23,-0.005066854209679672,0.020292133708368625,20292.133708368623,0.005066854209679672,False,0.028,7.0,0.0
2018-11-26,0.009641439889378534,0.020292133708368625,20292.133708368623,-0.009641439889378534,False,0.028,7.0,0.0
2018-11-27,0.001773160447446376,0.020292133708368625,20292.133708368623,-0.001773160447446376,False,0.024,6.0,0.0
2018-11-28,0.015604974091423607,0.020292133708368625,20292.133708368623,-0.015604974091423607,False,0.024,6.0,0.0
2018-11-29,-0.0014144553367941848,0.020292133708368625,20292.133708368623,0.0014144553367941848,False,0.024,6.0,0.0
2018-11-30,0.002878547968579359,0.020292133708368625,20292.133708368623,-0.002878547968579359,False,0.024,6.0,0.0
2018-12-03,0.013110421427596552,0.020292133708368625,20292.133708368623,-0.013110421427596552,False,0.024,6.0,0.0
2018-12-04,-0.01383077427678412,0.020292133708368625,20292.133708368623,0.01383077427678412,False,0.024,6.0,0.0
2018-12-06,-8.210841907254638e-05,0.020292133708368625,20292.133708368623,8.210841907254638e-05,False,0.024,6.0,0.0
2018-12-07,-0.01299612435328199,0.020292133708368625,20292.133708368623,0.01299612435328199,False,0.024,6.0,0.0
2018-12-10,0.0005007873656711629,0.020292133708368625,20292.133708368623,-0.0005007873656711629,False,0.024,6.0,0.0
2018-12-11,0.001956770050819534,0.020292133708368625,20292.133708368623,-0.001956770050819534,False,0.024,6.0,0.0
2018-12-12,0.005570604185052819,0.020292133708368625,20292.133708368623,-0.005570604185052819,False,0.024,6.0,0.0
2018-12-13,-0.0009711820449066045,0.020292133708368625,20292.133708368623,0.0009711820449066045,False,0.024,6.0,0.0
2018-12-14,-0.011489958612886264,0.020292133708368625,20292.133708368623,0.011489958612886264,False,0.024,6.0,0.0
2018-12-17,-0.007764779019306944,0.020292133708368625,20292.133708368623,0.007764779019306944,False,0.024,6.0,0.0
2018-12-18,0.004069397141014996,0.020292133708368625,20292.133708368623,-0.004069397141014996,False,0.024,6.0,0.0
2018-12-19,-0.009804254430259297,0.020292133708368625,20292.133708368623,0.009804254430259297,False,0.024,6.0,0.0
2018-12-20,-0.002239228887115941,0.020292133708368625,20292.133708368623,0.002239228887115941,False,0.024,6.0,0.0
2018-12-21,-0.012594025175950563,0.020292133708368625,20292.133708368623,0.012594025175950563,False,0.024,6.0,0.0
2018-12-24,-0.00892933484323859,0.020292133708368625,20292.133708368623,0.00892933484323859,False,0.024,6.0,0.0
2018-12-26,0.02383304484141238,0.020292133708368625,20292.133708368623,-0.02383304484141238,False,0.024,6.0,0.0
2018-12-27,0.0036068712111896554,0.020292133708368625,20292.133708368623,-0.0036068712111896554,False,0.024,6.0,0.0
2018-12-28,0.004036868524145776,0.020292133708368625,20292.133708368623,-0.004036868524145776,False,0.024,6.0,0.0
2018-12-31,0.003594753989269384,0.020292133708368625,20292.133708368623,-0.003594753989269384,False,0.024,6.0,0.0
2019-01-02,0.0027093025144544485,0.020292133708368625,20292.133708368623,-0.0027093025144544485,False,0.024,6.0,0.0
2019-01-03,-0.01084362045095564,0.020292133708368625,20292.133708368623,0.01084362045095564,False,0.024,6.0,0.0
2019-01-04,0.017773471525938445,0.020292133708368625,20292.133708368623,-0.017773471525938445,False,0.024,6.0,0.0
2019-01-07,0.00451375983803204,0.020292133708368625,20292.133708368623,-0.00451375983803204,False,0.024,6.0,0.0
2019-01-08,0.0033750578557948828,0.020292133708368625,20292.133708368623,-0.0033750578557948828,False,0.024,6.0,0.0
2019-01-09,0.0070915116748904395,0.020292133708368625,20292.133708368623,-0.0070915116748904395,False,0.024,6.0,0.0
2019-01-10,0.00024068463092195028,0.020292133708368625,20292.133708368623,-0.00024068463092195028,False,0.024,6.0,0.0
2019-01-11,-0.0005058883304124295,0.020292133708368625,20292.133708368623,0.0005058883304124295,False,0.024,6.0,0.0
2019-01-14,-0.004925088552967517,0.020292133708368625,20292.133708368623,0.004925088552967517,False,0.024,6.0,0.0
2019-01-15,0.006509565879421176,0.020292133708368625,20292.133708368623,-0.006509565879421176,False,0.024,6.0,0.0
2019-01-16,0.00374571326307045,0.020292133708368625,20292.133708368623,-0.00374571326307045,False,0.024,6.0,0.0
2019-01-17,0.00375682378220914,0.020292133708368625,20292.133708368623,-0.00375682378220914,False,0.024,6.0,0.0
2019-01-18,0.0027757923090727,0.020292133708368625,20292.133708368623,-0.0027757923090727,False,0.024,6.0,0.0
2019-01-22,-0.008108294461445632,0.020292133708368625,20292.133708368623,0.008108294461445632,False,0.024,6.0,0.0
2019-01-23,0.0023720495516814876,0.020292133708368625,20292.133708368623,-0.0023720495516814876,False,0.024,6.0,0.0
2019-01-24,0.0043407696357122385,0.020292133708368625,20292.133708368623,-0.0043407696357122385,False,0.024,6.0,0.0
2019-01-25,0.008688517712440324,0.020292133708368625,20292.133708368623,-0.008688517712440324,False,0.024,6.0,0.0
2019-01-28,-0.005574731365478591,0.020292133708368625,20292.133708368623,0.005574731365478591,False,0.024,6.0,0.0
2019-01-29,0.0003139092925961373,0.020292133708368625,20292.133708368623,-0.0003139092925961373,False,0.024,6.0,0.0
2019-01-30,0.013601329528412998,0.020292133708368625,20292.133708368623,-0.013601329528412998,False,0.024,6.0,0.0
2019-01-31,0.008251081377219372,0.020292133708368625,20292.133708368623,-0.008251081377219372,False,0.024,6.0,0.0
2019-02-01,-0.003934639084921977,0.020292133708368625,20292.133708368623,0.003934639084921977,False,0.02,5.0,0.0
2019-02-04,0.0024585856221959416,0.020292133708368625,20292.133708368623,-0.0024585856221959416,False,0.016,4.0,0.0
2019-02-05,0.006792699434946403,0.01759490083620104,17594.90083620104,-0.006792699434946403,False,0.016,4.0,0.0
2019-02-06,-0.004830243325269578,0.01759490083620104,17594.90083620104,0.004830243325269578,False,0.012,3.0,0.0
2019-02-07,-0.004792312860566095,0.01759490083620104,17594.90083620104,0.004792312860566095,False,0.008,2.0,0.0
2019-02-08,0.0011178877486189176,0.014636187144784759,14636.187144784759,-0.0011178877486189176,False,0.008,2.0,0.0
2019-02-11,-0.002509907997617011,0.014636187144784759,14636.187144784759,0.002509907997617011,False,0.008,2.0,0.0
2019-02-12,0.007106923042093462,0.014636187144784759,14636.187144784759,-0.007106923042093462,False,0.008,2.0,0.0
2019-02-13,-0.0021742811775466555,0.014636187144784759,14636.187144784759,0.0021742811775466555,False,0.008,2.0,0.0
2019-02-14,0.0024404134932447087,0.014636187144784759,14636.187144784759,-0.0024404134932447087,False,0.008,2.0,0.0
2019-02-15,0.004240767102345689,0.014636187144784759,14636.187144784759,-0.004240767102345689,False,0.008,2.0,0.0
2019-02-19,0.005862843010015784,0.014636187144784759,14636.187144784759,-0.005862843010015784,False,0.008,2.0,0.0
2019-02-20,0.0005800837173259189,0.014636187144784759,14636.187144784759,-0.0005800837173259189,False,0.008,2.0,0.0
2019-02-21,-0.005913675870454283,0.014636187144784759,14636.187144784759,0.005913675870454283,False,0.008,2.0,0.0
2019-02-22,0.006839448228792255,0.014636187144784759,14636.187144784759,-0.006839448228792255,False,0.008,2.0,0.0
2019-02-25,0.002432121787785891,0.014636187144784759,14636.187144784759,-0.002432121787785891,False,0.008,2.0,0.0
2019-02-26,0.0006999657010214877,0.014636187144784759,14636.187144784759,-0.0006999657010214877,False,0.008,2.0,0.0
2019-02-27,-0.005601927672607809,0.014636187144784759,14636.187144784759,0.005601927672607809,False,0.008,2.0,0.0
2019-02-28,-0.005241829862996906,0.014636187144784759,14636.187144784759,0.005241829862996906,False,0.008,2.0,0.0
2019-03-01,-0.0023819102747499213,0.014636187144784759,14636.187144784759,0.0023819102747499213,False,0.008,2.0,0.0
2019-03-04,0.0006317498530386434,0.014636187144784759,14636.187144784759,-0.0006317498530386434,False,0.008,2.0,0.0
2019-03-05,0.0025325190322687875,0.014636187144784759,14636.187144784759,-0.0025325190322687875,False,0.008,2.0,0.0
2019-03-06,-0.002909146471323254,0.014636187144784759,14636.187144784759,0.002909146471323254,False,0.008,2.0,0.0
2019-03-07,-0.006692730604329201,0.014636187144784759,14636.187144784759,0.006692730604329201,False,0.008,2.0,0.0
2019-03-08,0.0008976619768008565,0.014636187144784759,14636.187144784759,-0.0008976619768008565,False,0.008,2.0,0.0
2019-03-11,0.00923716649065085,0.014636187144784759,14636.187144784759,-0.00923716649065085,False,0.008,2.0,0.0
2019-03-12,0.005503602526857642,0.014636187144784759,14636.187144784759,-0.005503602526857642,False,0.008,2.0,0.0
2019-03-13,0.00408263322905913,0.014636187144784759,14636.187144784759,-0.00408263322905913,False,0.008,2.0,0.0
2019-03-14,-0.005298411312685158,0.014636187144784759,14636.187144784759,0.005298411312685158,False,0.008,2.0,0.0
2019-03-15,0.008002442141861498,0.014636187144784759,14636.187144784759,-0.008002442141861498,False,0.008,2.0,0.0
2019-03-18,0.003428748899412271,0.014636187144784759,14636.187144784759,-0.003428748899412271,False,0.008,2.0,0.0
2019-03-19,0.0009228930752080313,0.014636187144784759,14636.187144784759,-0.0009228930752080313,False,0.008,2.0,0.0
2019-03-20,0.0039010755615794816,0.014636187144784759,14636.187144784759,-0.0039010755615794816,False,0.008,2.0,0.0
2019-03-21,0.005295142780213391,0.014636187144784759,14636.187144784759,-0.005295142780213391,False,0.008,2.0,0.0
2019-03-22,-0.010522858237995526,0.013535406492415716,13535.406492415716,0.010522858237995526,False,0.008,2.0,0.0
2019-03-25,0.001792980368155006,0.013535406492415716,13535.406492415716,-0.001792980368155006,False,0.008,2.0,0.0
2019-03-26,0.0018970247416272956,0.013535406492415716,13535.406492415716,-0.0018970247416272956,False,0.008,2.0,0.0
2019-03-27,-0.0036923702341942204,0.013535406492415716,13535.406492415716,0.0036923702341942204,False,0.008,2.0,0.0
2019-03-28,0.00041323426807293723,0.013535406492415716,13535.406492415716,-0.00041323426807293723,False,0.008,2.0,0.0
2019-03-29,0.004837791043087747,0.013535406492415716,13535.406492415716,-0.004837791043087747,False,0.008,2.0,0.0
2019-04-01,0.004702133401268039,0.013535406492415716,13535.406492415716,-0.004702133401268039,False,0.008,2.0,0.0
2019-04-02,0.0013245442575412047,0.013535406492415716,13535.406492415716,-0.0013245442575412047,False,0.008,2.0,0.0
2019-04-03,0.0008150358232878574,0.013535406492415716,13535.406492415716,-0.0008150358232878574,False,0.008,2.0,0.0
2019-04-04,0.0027634362872487107,0.013535406492415716,13535.406492415716,-0.0027634362872487107,False,0.008,2.0,0.0
2019-04-05,0.0035910565508111116,0.013535406492415716,13535.406492415716,-0.0035910565508111116,False,0.008,2.0,0.0
2019-04-08,0.0008210076116179854,0.013535406492415716,13535.406492415716,-0.0008210076116179854,False,0.008,2.0,0.0
2019-04-09,-0.00045668627889858813,0.013535406492415716,13535.406492415716,0.00045668627889858813,False,0.008,2.0,0.0
2019-04-10,0.0038043316874401874,0.013535406492415716,13535.406492415716,-0.0038043316874401874,False,0.008,2.0,0.0
2019-04-11,-0.006418990711936744,0.013535406492415716,13535.406492415716,0.006418990711936744,False,0.008,2.0,0.0
2019-04-12,0.0020496956263358797,0.013535406492415716,13535.406492415716,-0.0020496956263358797,False,0.008,2.0,0.0
2019-04-15,-0.0010077766705906433,0.013535406492415716,13535.406492415716,0.0010077766705906433,False,0.008,2.0,0.0
2019-04-16,-0.0007297246971820659,0.013535406492415716,13535.406492415716,0.0007297246971820659,False,0.008,2.0,0.0
2019-04-17,0.0004926335373109048,0.013535406492415716,13535.406492415716,-0.0004926335373109048,False,0.008,2.0,0.0
2019-04-18,0.0017123950492832886,0.013535406492415716,13535.406492415716,-0.0017123950492832886,False,0.008,2.0,0.0
2019-04-22,-0.0015238460313217184,0.013535406492415716,13535.406492415716,0.0015238460313217184,False,0.008,2.0,0.0
2019-04-23,0.0048036267958669,0.013535406492415716,13535.406492415716,-0.0048036267958669,False,0.008,2.0,0.0
2019-04-24,-0.0015644219015158445,0.013535406492415716,13535.406492415716,0.0015644219015158445,False,0.008,2.0,0.0
2019-04-25,0.0002891148241446651,0.013535406492415716,13535.406492415716,-0.0002891148241446651,False,0.008,2.0,0.0
2019-04-26,0.0038954301300349052,0.013535406492415716,13535.406492415716,-0.0038954301300349052,False,0.008,2.0,0.0
2019-04-29,-0.0010539243652738285,0.013535406492415716,13535.406492415716,0.0010539243652738285,False,0.008,2.0,0.0
2019-04-30,7.088160803036888e-06,0.013535406492415716,13535.406492415716,-7.088160803036888e-06,False,0.008,2.0,0.0
2019-05-01,-0.004144526721568398,0.013535406492415716,13535.406492415716,0.004144526721568398,False,0.008,2.0,0.0
2019-05-02,-0.002557447552508308,0.013535406492415716,13535.406492415716,0.002557447552508308,False,0.008,2.0,0.0
2019-05-03,0.009278562671114888,0.013535406492415716,13535.406492415716,-0.009278562671114888,False,0.008,2.0,0.0
2019-05-06,-0.005348217278408529,0.013535406492415716,13535.406492415716,0.005348217278408529,False,0.008,2.0,0.0
2019-05-07,-0.00896653758955972,0.013535406492415716,13535.406492415716,0.00896653758955972,False,0.008,2.0,0.0
2019-05-08,-0.002424607071577345,0.013535406492415716,13535.406492415716,0.002424607071577345,False,0.008,2.0,0.0
2019-05-09,-0.0035425727931607475,0.013535406492415716,13535.406492415716,0.0035425727931607475,False,0.008,2.0,0.0
2019-05-10,0.0025590946585396734,0.013535406492415716,13535.406492415716,-0.0025590946585396734,False,0.008,2.0,0.0
2019-05-13,-0.01502280247110148,0.013535406492415716,13535.406492415716,0.01502280247110148,True,0.012,3.0,0.001487395978685765
2019-05-14,0.005882137668884746,0.014438708655885972,14438.708655885972,-0.005882137668884746,False,0.012,3.0,0.0
2019-05-15,0.005499304952603134,0.014438708655885972,14438.708655885972,-0.005499304952603134,False,0.012,3.0,0.0
2019-05-16,0.0007879886861748008,0.014438708655885972,14438.708655885972,-0.0007879886861748008,False,0.012,3.0,0.0
2019-05-17,-0.0079141885248327,0.014438708655885972,14438.708655885972,0.0079141885248327,False,0.012,3.0,0.0
2019-05-20,-0.005971928657940229,0.014438708655885972,14438.708655885972,0.005971928657940229,False,0.012,3.0,0.0
2019-05-21,0.005652642102606521,0.014438708655885972,14438.708655885972,-0.005652642102606521,False,0.012,3.0,0.0
2019-05-22,-0.0015420454445358226,0.014438708655885972,14438.708655885972,0.0015420454445358226,False,0.012,3.0,0.0
2019-05-23,-0.00427996865670448,0.014438708655885972,14438.708655885972,0.00427996865670448,False,0.012,3.0,0.0
2019-05-24,0.0009399968256647462,0.014438708655885972,14438.708655885972,-0.0009399968256647462,False,0.012,3.0,0.0
2019-05-28,-0.0012464149064754793,0.014438708655885972,14438.708655885972,0.0012464149064754793,False,0.012,3.0,0.0
2019-05-29,-0.0010179377304039728,0.014438708655885972,14438.708655885972,0.0010179377304039728,False,0.012,3.0,0.0
2019-05-30,0.005554053207392774,0.014438708655885972,14438.708655885972,-0.005554053207392774,False,0.012,3.0,0.0
2019-05-31,3.7662200585097603e-06,0.014438708655885972,14438.708655885972,-3.7662200585097603e-06,False,0.012,3.0,0.0
2019-06-03,0.0011299297807097594,0.014438708655885972,14438.708655885972,-0.0011299297807097594,False,0.012,3.0,0.0
2019-06-04,0.008194441182598067,0.014438708655885972,14438.708655885972,-0.008194441182598067,False,0.012,3.0,0.0
2019-06-05,0.000996885893044386,0.014438708655885972,14438.708655885972,-0.000996885893044386,False,0.012,3.0,0.0
2019-06-06,0.004286186549620963,0.014438708655885972,14438.708655885972,-0.004286186549620963,False,0.012,3.0,0.0
2019-06-07,0.01028845714908284,0.014438708655885972,14438.708655885972,-0.01028845714908284,False,0.012,3.0,0.0
2019-06-10,0.0014641609180319653,0.014438708655885972,14438.708655885972,-0.0014641609180319653,False,0.012,3.0,0.0
2019-06-11,0.0023668400293843208,0.014438708655885972,14438.708655885972,-0.0023668400293843208,False,0.012,3.0,0.0
2019-06-12,-0.0024561758755291315,0.014438708655885972,14438.708655885972,0.0024561758755291315,False,0.012,3.0,0.0
2019-06-13,0.0035861300200166427,0.014438708655885972,14438.708655885972,-0.0035861300200166427,False,0.012,3.0,0.0
2019-06-14,-0.002845030991280551,0.014438708655885972,14438.708655885972,0.002845030991280551,False,0.012,3.0,0.0
2019-06-17,0.002293569850470112,0.014438708655885972,14438.708655885972,-0.002293569850470112,False,0.012,3.0,0.0
2019-06-18,0.011849897452188873,0.014438708655885972,14438.708655885972,-0.011849897452188873,False,0.012,3.0,0.0
2019-06-19,0.004370177539329179,0.014438708655885972,14438.708655885972,-0.004370177539329179,False,0.012,3.0,0.0
2019-06-20,0.012266685023079706,0.014438708655885972,14438.708655885972,-0.012266685023079706,False,0.012,3.0,0.0
2019-06-21,-0.0021101165050386728,0.014438708655885972,14438.708655885972,0.0021101165050386728,False,0.012,3.0,0.0
2019-06-24,0.003942475009973779,0.014438708655885972,14438.708655885972,-0.003942475009973779,False,0.012,3.0,0.0
2019-06-25,-0.00644776372007625,0.014438708655885972,14438.708655885972,0.00644776372007625,False,0.012,3.0,0.0
2019-06-26,-0.000489834276086376,0.014438708655885972,14438.708655885972,0.000489834276086376,False,0.012,3.0,0.0
2019-06-27,0.004093386574678949,0.014438708655885972,14438.708655885972,-0.004093386574678949,False,0.012,3.0,0.0
2019-06-28,0.0014140794074865683,0.014438708655885972,14438.708655885972,-0.0014140794074865683,False,0.012,3.0,0.0
2019-07-01,0.0025500190881468936,0.014438708655885972,14438.708655885972,-0.0025500190881468936,False,0.012,3.0,0.0
2019-07-02,0.006621335135852347,0.014438708655885972,14438.708655885972,-0.006621335135852347,False,0.012,3.0,0.0
2019-07-03,0.004490260483410324,0.014438708655885972,14438.708655885972,-0.004490260483410324,False,0.012,3.0,0.0
2019-07-05,-0.0069055120275447026,0.014438708655885972,14438.708655885972,0.0069055120275447026,False,0.012,3.0,0.0
2019-07-08,-0.004727648539682373,0.014438708655885972,14438.708655885972,0.004727648539682373,False,0.012,3.0,0.0
2019-07-09,0.0012667536889533926,0.014438708655885972,14438.708655885972,-0.0012667536889533926,False,0.012,3.0,0.0
2019-07-10,0.006697334548636036,0.014438708655885972,14438.708655885972,-0.006697334548636036,False,0.012,3.0,0.0
2019-07-11,-0.004408332894789902,0.014438708655885972,14438.708655885972,0.004408332894789902,False,0.012,3.0,0.0
2019-07-12,0.003670889538190681,0.014438708655885972,14438.708655885972,-0.003670889538190681,False,0.012,3.0,0.0
2019-07-15,0.0026058475891013178,0.014438708655885972,14438.708655885972,-0.0026058475891013178,False,0.012,3.0,0.0
2019-07-16,-0.004242132957227685,0.014438708655885972,14438.708655885972,0.004242132957227685,False,0.012,3.0,0.0
2019-07-17,0.002502519297740813,0.014438708655885972,14438.708655885972,-0.002502519297740813,False,0.012,3.0,0.0
2019-07-18,0.005014262230094158,0.014438708655885972,14438.708655885972,-0.005014262230094158,False,0.012,3.0,0.0
2019-07-19,-0.00701301714126923,0.014438708655885972,14438.708655885972,0.00701301714126923,False,0.012,3.0,0.0
2019-07-22,0.0024793605550299746,0.014438708655885972,14438.708655885972,-0.0024793605550299746,False,0.012,3.0,0.0
2019-07-23,0.0007501810468390379,0.014438708655885972,14438.708655885972,-0.0007501810468390379,False,0.012,3.0,0.0
2019-07-24,0.004555756075231222,0.014438708655885972,14438.708655885972,-0.004555756075231222,False,0.012,3.0,0.0
2019-07-25,-0.006989332974283792,0.014438708655885972,14438.708655885972,0.006989332974283792,False,0.012,3.0,0.0
2019-07-26,0.004623972596396131,0.014438708655885972,14438.708655885972,-0.004623972596396131,False,0.012,3.0,0.0
2019-07-29,-3.230350542025023e-05,0.014438708655885972,14438.708655885972,3.230350542025023e-05,False,0.012,3.0,0.0
2019-07-30,-0.0017471488641451986,0.014438708655885972,14438.708655885972,0.0017471488641451986,False,0.012,3.0,0.0
2019-07-31,-0.008427703245211405,0.014438708655885972,14438.708655885972,0.008427703245211405,False,0.012,3.0,0.0
2019-08-01,0.0021143521118340168,0.014438708655885972,14438.708655885972,-0.0021143521118340168,False,0.012,3.0,0.0
2019-08-02,-0.0053186016562347,0.014438708655885972,14438.708655885972,0.0053186016562347,False,0.012,3.0,0.0
2019-08-05,-0.014225947556186868,0.014438708655885972,14438.708655885972,0.014225947556186868,False,0.012,3.0,0.0
2019-08-06,0.011696602214474572,0.01463234356279332,14632.34356279332,-0.011696602214474572,False,0.012,3.0,0.0
2019-08-07,0.005217044486318657,0.01463234356279332,14632.34356279332,-0.005217044486318657,False,0.012,3.0,0.0
2019-08-08,0.012175046611706099,0.01463234356279332,14632.34356279332,-0.012175046611706099,False,0.012,3.0,0.0
2019-08-09,-0.006340713734024917,0.01463234356279332,14632.34356279332,0.006340713734024917,False,0.012,3.0,0.0
2019-08-12,-0.001027905413436914,0.01463234356279332,14632.34356279332,0.001027905413436914,False,0.012,3.0,0.0
2019-08-13,0.008154779526000657,0.01463234356279332,14632.34356279332,-0.008154779526000657,False,0.012,3.0,0.0
2019-08-14,-0.0117821895223559,0.01463234356279332,14632.34356279332,0.0117821895223559,False,0.012,3.0,0.0
2019-08-15,0.005195698333633913,0.01463234356279332,14632.34356279332,-0.005195698333633913,False,0.012,3.0,0.0
2019-08-16,0.00604778341647847,0.01463234356279332,14632.34356279332,-0.00604778341647847,False,0.012,3.0,0.0
2019-08-19,0.0012001853647343407,0.01463234356279332,14632.34356279332,-0.0012001853647343407,False,0.012,3.0,0.0
2019-08-20,0.0009487135902112254,0.01463234356279332,14632.34356279332,-0.0009487135902112254,False,0.012,3.0,0.0
2019-08-21,0.0033473249731206913,0.01463234356279332,14632.34356279332,-0.0033473249731206913,False,0.012,3.0,0.0
2019-08-22,-0.005133968520526367,0.01463234356279332,14632.34356279332,0.005133968520526367,False,0.012,3.0,0.0
2019-08-23,-0.007238676625947104,0.01463234356279332,14632.34356279332,0.007238676625947104,False,0.012,3.0,0.0
2019-08-26,0.0055273866252291805,0.01463234356279332,14632.34356279332,-0.0055273866252291805,False,0.012,3.0,0.0
2019-08-27,0.0041457879621844326,0.01463234356279332,14632.34356279332,-0.0041457879621844326,False,0.012,3.0,0.0
2019-08-28,0.002377631585583684,0.01463234356279332,14632.34356279332,-0.002377631585583684,False,0.012,3.0,0.0
2019-08-29,0.005653004980318776,0.01463234356279332,14632.34356279332,-0.005653004980318776,False,0.012,3.0,0.0
2019-08-30,0.000527917968079139,0.01463234356279332,14632.34356279332,-0.000527917968079139,False,0.012,3.0,0.0
2019-09-03,-0.001314027097186865,0.01463234356279332,14632.34356279332,0.001314027097186865,False,0.012,3.0,0.0
2019-09-04,0.01005972760314018,0.01463234356279332,14632.34356279332,-0.01005972760314018,False,0.012,3.0,0.0
2019-09-05,7.786729138634683e-05,0.01463234356279332,14632.34356279332,-7.786729138634683e-05,False,0.012,3.0,0.0
2019-09-06,0.0005514472977076857,0.01463234356279332,14632.34356279332,-0.0005514472977076857,False,0.012,3.0,0.0
2019-09-09,-0.0039864847424289085,0.01463234356279332,14632.34356279332,0.0039864847424289085,False,0.012,3.0,0.0
2019-09-10,-0.00569444793728402,0.01463234356279332,14632.34356279332,0.00569444793728402,False,0.012,3.0,0.0
2019-09-11,0.0055579965258890415,0.01463234356279332,14632.34356279332,-0.0055579965258890415,False,0.012,3.0,0.0
2019-09-12,0.002064277922553215,0.01463234356279332,14632.34356279332,-0.002064277922553215,False,0.012,3.0,0.0
2019-09-13,-0.005631855971384603,0.01463234356279332,14632.34356279332,0.005631855971384603,False,0.012,3.0,0.0
2019-09-16,0.001144716358129716,0.01463234356279332,14632.34356279332,-0.001144716358129716,False,0.012,3.0,0.0
2019-09-17,0.002947345841645488,0.01463234356279332,14632.34356279332,-0.002947345841645488,False,0.012,3.0,0.0
2019-09-18,-0.0011830328144756483,0.01463234356279332,14632.34356279332,0.0011830328144756483,False,0.012,3.0,0.0
2019-09-19,0.0009164346627844156,0.01463234356279332,14632.34356279332,-0.0009164346627844156,False,0.012,3.0,0.0
2019-09-20,0.002138010171417326,0.01463234356279332,14632.34356279332,-0.002138010171417326,False,0.012,3.0,0.0
2019-09-23,0.0013104976565599946,0.01463234356279332,14632.34356279332,-0.0013104976565599946,False,0.012,3.0,0.0
2019-09-24,-0.002870203630105017,0.01463234356279332,14632.34356279332,0.002870203630105017,False,0.012,3.0,0.0
2019-09-25,-0.003352078868929387,0.01463234356279332,14632.34356279332,0.003352078868929387,False,0.012,3.0,0.0
2019-09-26,2.8404631174838568e-05,0.01463234356279332,14632.34356279332,-2.8404631174838568e-05,False,0.012,3.0,0.0
2019-09-27,-0.006671964826202559,0.01463234356279332,14632.34356279332,0.006671964826202559,False,0.012,3.0,0.0
2019-09-30,0.0013482427466918968,0.01463234356279332,14632.34356279332,-0.0013482427466918968,False,0.012,3.0,0.0
2019-10-01,-0.0037326415029096172,0.01463234356279332,14632.34356279332,0.0037326415029096172,False,0.012,3.0,0.0
2019-10-02,-0.005676261862600374,0.01463234356279332,14632.34356279332,0.005676261862600374,False,0.012,3.0,0.0
2019-10-03,0.009146604820573502,0.01463234356279332,14632.34356279332,-0.009146604820573502,False,0.012,3.0,0.0
2019-10-04,0.008010901856191223,0.01463234356279332,14632.34356279332,-0.008010901856191223,False,0.012,3.0,0.0
2019-10-07,-0.006489645494417595,0.01463234356279332,14632.34356279332,0.006489645494417595,False,0.012,3.0,0.0
2019-10-08,-0.005241255147830315,0.01463234356279332,14632.34356279332,0.005241255147830315,False,0.012,3.0,0.0
2019-10-09,0.00444189000066666,0.01463234356279332,14632.34356279332,-0.00444189000066666,False,0.008,2.0,0.0
2019-10-10,0.0002432687180662806,0.01403231264927952,14032.31264927952,-0.0002432687180662806,False,0.008,2.0,0.0
2019-10-11,0.004280049075630155,0.01403231264927952,14032.31264927952,-0.004280049075630155,False,0.008,2.0,0.0
2019-10-14,0.0011459878024223436,0.01403231264927952,14032.31264927952,-0.0011459878024223436,False,0.008,2.0,0.0
2019-10-15,0.002492576051856288,0.01403231264927952,14032.31264927952,-0.002492576051856288,False,0.008,2.0,0.0
2019-10-16,0.0011445663084206803,0.01403231264927952,14032.31264927952,-0.0011445663084206803,False,0.008,2.0,0.0
2019-10-17,0.0016782781109750068,0.01403231264927952,14032.31264927952,-0.0016782781109750068,False,0.008,2.0,0.0
2019-10-18,-0.004053336660354279,0.01403231264927952,14032.31264927952,0.004053336660354279,False,0.008,2.0,0.0
2019-10-21,0.0024813330403570255,0.01403231264927952,14032.31264927952,-0.0024813330403570255,False,0.008,2.0,0.0
2019-10-22,-0.0003483774018405272,0.01403231264927952,14032.31264927952,0.0003483774018405272,False,0.008,2.0,0.0
2019-10-23,0.0016865859108064817,0.01403231264927952,14032.31264927952,-0.0016865859108064817,False,0.004,1.0,0.0
2019-10-24,0.0032942100920318575,0.013421795814268075,13421.795814268075,-0.0032942100920318575,False,0.004,1.0,0.0
2019-10-25,0.0033206301935063687,0.013421795814268075,13421.795814268075,-0.0033206301935063687,False,0.004,1.0,0.0
2019-10-28,0.000731847690098464,0.013421795814268075,13421.795814268075,-0.000731847690098464,False,0.004,1.0,0.0
2019-10-29,-0.0030560608592292704,0.013421795814268075,13421.795814268075,0.0030560608592292704,False,0.004,1.0,0.0
2019-10-30,0.0064969216096383954,0.013421795814268075,13421.795814268075,-0.0064969216096383954,False,0.004,1.0,0.0
2019-10-31,0.002672148972312294,0.013421795814268075,13421.795814268075,-0.002672148972312294,False,0.004,1.0,0.0
2019-11-01,0.006242219199529897,0.013421795814268075,13421.795814268075,-0.006242219199529897,False,0.004,1.0,0.0
2019-11-04,0.0008229738384080367,0.013421795814268075,13421.795814268075,-0.0008229738384080367,False,0.004,1.0,0.0
2019-11-05,-0.004451148067756705,0.013421795814268075,13421.795814268075,0.004451148067756705,False,0.004,1.0,0.0
2019-11-06,0.0010266407396240186,0.013421795814268075,13421.795814268075,-0.0010266407396240186,False,0.004,1.0,0.0
2019-11-07,-0.0038913250886655204,0.013421795814268075,13421.795814268075,0.0038913250886655204,False,0.004,1.0,0.0
2019-11-08,-0.0026376941450200865,0.013421795814268075,13421.795814268075,0.0026376941450200865,False,0.004,1.0,0.0
2019-11-11,-0.00241680212566362,0.013421795814268075,13421.795814268075,0.00241680212566362,False,0.004,1.0,0.0
2019-11-12,0.001166068892060568,0.013421795814268075,13421.795814268075,-0.001166068892060568,False,0.004,1.0,0.0
2019-11-13,0.0006807539910801408,0.013421795814268075,13421.795814268075,-0.0006807539910801408,False,0.004,1.0,0.0
2019-11-14,0.003179349299522261,0.013421795814268075,13421.795814268075,-0.003179349299522261,False,0.004,1.0,0.0
2019-11-15,0.0037833868584527643,0.013421795814268075,13421.795814268075,-0.0037833868584527643,False,0.004,1.0,0.0
2019-11-18,0.0009368113708638104,0.013421795814268075,13421.795814268075,-0.0009368113708638104,False,0.004,1.0,0.0
2019-11-19,0.0024234162956711324,0.013421795814268075,13421.795814268075,-0.0024234162956711324,False,0.004,1.0,0.0
2019-11-20,-0.0006537785971266749,0.013421795814268075,13421.795814268075,0.0006537785971266749,False,0.004,1.0,0.0
2019-11-21,-0.0035332599126435943,0.013421795814268075,13421.795814268075,0.0035332599126435943,False,0.004,1.0,0.0
2019-11-22,0.00045458182926130244,0.013421795814268075,13421.795814268075,-0.00045458182926130244,False,0.004,1.0,0.0
2019-11-25,0.005552336586453133,0.013421795814268075,13421.795814268075,-0.005552336586453133,False,0.004,1.0,0.0
2019-11-26,0.0023664111903410447,0.013421795814268075,13421.795814268075,-0.0023664111903410447,False,0.004,1.0,0.0
2019-11-27,0.000879778415201238,0.013421795814268075,13421.795814268075,-0.000879778415201238,False,0.004,1.0,0.0
2019-11-29,-0.003986383985887953,0.013421795814268075,13421.795814268075,0.003986383985887953,False,0.004,1.0,0.0
2019-12-02,-0.0065619045291166024,0.013421795814268075,13421.795814268075,0.0065619045291166024,False,0.004,1.0,0.0
2019-12-03,0.0021670069201512377,0.013421795814268075,13421.795814268075,-0.0021670069201512377,False,0.004,1.0,0.0
2019-12-04,0.0014893892673912168,0.01279909575638959,12799.09575638959,-0.0014893892673912168,False,0.004,1.0,0.0
2019-12-05,0.0007886103879337636,0.01279909575638959,12799.09575638959,-0.0007886103879337636,False,0.004,1.0,0.0
2019-12-06,0.002041574421245307,0.012196225705689177,12196.225705689178,-0.002041574421245307,False,0.004,1.0,0.0
2019-12-09,-0.0019499522229954993,0.012196225705689177,12196.225705689178,0.0019499522229954993,False,0.004,1.0,0.0
2019-12-10,0.0008910291554460104,0.012196225705689177,12196.225705689178,-0.0008910291554460104,False,0.004,1.0,0.0
2019-12-11,0.007503118149450749,0.012196225705689177,12196.225705689178,-0.007503118149450749,False,0.004,1.0,0.0
2019-12-12,0.0026995725506395738,0.012196225705689177,12196.225705689178,-0.0026995725506395738,False,0.004,1.0,0.0
2019-12-13,0.00389766065825512,0.012196225705689177,12196.225705689178,-0.00389766065825512,False,0.004,1.0,0.0
2019-12-16,0.0032662639945066686,0.012196225705689177,12196.225705689178,-0.0032662639945066686,False,0.004,1.0,0.0
2019-12-17,0.0016637578503376548,0.012196225705689177,12196.225705689178,-0.0016637578503376548,False,0.004,1.0,0.0
2019-12-18,-0.00037828283985756877,0.012196225705689177,12196.225705689178,0.00037828283985756877,False,0.004,1.0,0.0
2019-12-19,0.002997896066505445,0.012196225705689177,12196.225705689178,-0.002997896066505445,False,0.004,1.0,0.0
2019-12-20,0.002552127641677782,0.01132229067736977,11322.29067736977,-0.002552127641677782,False,0.004,1.0,0.0
2019-12-23,0.0014262889259626156,0.01132229067736977,11322.29067736977,-0.0014262889259626156,False,0.004,1.0,0.0
2019-12-24,0.0021204899737133466,0.01132229067736977,11322.29067736977,-0.0021204899737133466,False,0.004,1.0,0.0
2019-12-26,0.006319284350552402,0.01132229067736977,11322.29067736977,-0.006319284350552402,False,0.004,1.0,0.0
2019-12-27,0.0007324882954962364,0.01132229067736977,11322.29067736977,-0.0007324882954962364,False,0.004,1.0,0.0
2019-12-30,-0.004051541426053285,0.01132229067736977,11322.29067736977,0.004051541426053285,False,0.004,1.0,0.0
2019-12-31,-0.00027048355380041576,0.01132229067736977,11322.29067736977,0.00027048355380041576,False,0.004,1.0,0.0
2020-01-02,0.012993993564276175,0.011165117193019315,11165.117193019314,-0.012993993564276175,False,0.004,1.0,0.0
2020-01-03,-0.001325924995735206,0.011165117193019315,11165.117193019314,0.001325924995735206,False,0.004,1.0,0.0
2020-01-06,0.0025242065117834006,0.011165117193019315,11165.117193019314,-0.0025242065117834006,False,0.004,1.0,0.0
2020-01-07,-0.0009202568749773211,0.011165117193019315,11165.117193019314,0.0009202568749773211,False,0.004,1.0,0.0
2020-01-08,0.0009076161871354626,0.011165117193019315,11165.117193019314,-0.0009076161871354626,False,0.004,1.0,0.0
2020-01-09,0.003954424736730222,0.011165117193019315,11165.117193019314,-0.003954424736730222,False,0.004,1.0,0.0
2020-01-10,0.0029547506222352025,0.011165117193019315,11165.117193019314,-0.0029547506222352025,False,0.004,1.0,0.0
2020-01-13,0.004707047117681373,0.011165117193019315,11165.117193019314,-0.004707047117681373,False,0.004,1.0,0.0
2020-01-14,-0.0013649580970263473,0.011165117193019315,11165.117193019314,0.0013649580970263473,False,0.004,1.0,0.0
2020-01-15,0.0014630608786686985,0.011165117193019315,11165.117193019314,-0.0014630608786686985,False,0.004,1.0,0.0
2020-01-16,0.003905977908552516,0.011165117193019315,11165.117193019314,-0.003905977908552516,False,0.004,1.0,0.0
2020-01-17,0.0014027706999755864,0.011165117193019315,11165.117193019314,-0.0014027706999755864,False,0.004,1.0,0.0
2020-01-21,-0.003223313746844015,0.011165117193019315,11165.117193019314,0.003223313746844015,False,0.004,1.0,0.0
2020-01-22,0.0029657762511064775,0.011165117193019315,11165.117193019314,-0.0029657762511064775,False,0.004,1.0,0.0
2020-01-23,0.0006534684152187831,0.011165117193019315,11165.117193019314,-0.0006534684152187831,False,0.004,1.0,0.0
2020-01-24,-0.002276268257990366,0.011165117193019315,11165.117193019314,0.002276268257990366,False,0.004,1.0,0.0
2020-01-27,-0.009766741963983729,0.011165117193019315,11165.117193019314,0.009766741963983729,False,0.004,1.0,0.0
2020-01-28,0.0034881021319266296,0.011165117193019315,11165.117193019314,-0.0034881021319266296,False,0.004,1.0,0.0
2020-01-29,0.004166642876570337,0.011165117193019315,11165.117193019314,-0.004166642876570337,False,0.004,1.0,0.0
2020-01-30,-0.0015770882506917383,0.011165117193019315,11165.117193019314,0.0015770882506917383,False,0.004,1.0,0.0
2020-01-31,-0.007867018114406422,0.011165117193019315,11165.117193019314,0.007867018114406422,False,0.004,1.0,0.0
2020-02-03,0.005278543144016323,0.011165117193019315,11165.117193019314,-0.005278543144016323,False,0.004,1.0,0.0
2020-02-04,0.007497532098436621,0.011165117193019315,11165.117193019314,-0.007497532098436621,False,0.004,1.0,0.0
2020-02-05,0.00217272633286707,0.011165117193019315,11165.117193019314,-0.00217272633286707,False,0.004,1.0,0.0
2020-02-06,0.004560566765658169,0.011165117193019315,11165.117193019314,-0.004560566765658169,False,0.004,1.0,0.0
2020-02-07,-0.0016760578816713114,0.011165117193019315,11165.117193019314,0.0016760578816713114,False,0.004,1.0,0.0
2020-02-10,0.006085372405467338,0.011165117193019315,11165.117193019314,-0.006085372405467338,False,0.004,1.0,0.0
2020-02-11,0.00129937984889581,0.011165117193019315,11165.117193019314,-0.00129937984889581,False,0.004,1.0,0.0
2020-02-12,0.004777675470329501,0.011165117193019315,11165.117193019314,-0.004777675470329501,False,0.004,1.0,0.0
2020-02-13,-0.0011991332028525872,0.011165117193019315,11165.117193019314,0.0011991332028525872,False,0.004,1.0,0.0
2020-02-14,0.002694848771038716,0.011165117193019315,11165.117193019314,-0.002694848771038716,False,0.004,1.0,0.0
2020-02-18,0.002182550453092169,0.011165117193019315,11165.117193019314,-0.002182550453092169,False,0.004,1.0,0.0
2020-02-19,0.005483400442674679,0.011165117193019315,11165.117193019314,-0.005483400442674679,False,0.004,1.0,0.0
2020-02-20,-0.00341473141809725,0.011165117193019315,11165.117193019314,0.00341473141809725,False,0.004,1.0,0.0
2020-02-21,-0.0021767668823634563,0.011165117193019315,11165.117193019314,0.0021767668823634563,False,0.004,1.0,0.0
2020-02-24,-0.017047523128644396,0.011165117193019315,11165.117193019314,0.017047523128644396,True,0.008,2.0,0.005882405935625081
2020-02-25,-0.01559251728627682,0.013028506119609689,13028.506119609689,0.01559251728627682,True,0.012,3.0,0.002564011166667131
2020-02-26,0.0017063610298850397,0.01463234356279332,14632.34356279332,-0.0017063610298850397,False,0.012,3.0,0.0
2020-02-27,-0.021588045845373417,0.01463234356279332,14632.34356279332,0.021588045845373417,True,0.016,4.0,0.006955702282580098
2020-02-28,-0.004204257238585573,0.015313357026840902,15313.357026840902,0.004204257238585573,False,0.016,4.0,0.0
2020-03-02,0.022959393636125917,0.015313357026840902,15313.357026840902,-0.022959393636125917,False,0.016,4.0,0.0
2020-03-03,-0.004100576050227667,0.015313357026840902,15313.357026840902,0.004100576050227667,False,0.016,4.0,0.0
2020-03-04,0.018528906614185114,0.015313357026840902,15313.357026840902,-0.018528906614185114,False,0.016,4.0,0.0
2020-03-05,-0.007631933053780916,0.015313357026840902,15313.357026840902,0.007631933053780916,False,0.016,4.0,0.0
2020-03-06,-0.0002962226299140226,0.015313357026840902,15313.357026840902,0.0002962226299140226,False,0.016,4.0,0.0
2020-03-09,-0.037416743636723496,0.015313357026840902,15313.357026840902,0.037416743636723496,True,0.02,5.0,0.02210338660988259
2020-03-10,0.01693037713946317,0.01633457026588428,16334.57026588428,-0.01693037713946317,False,0.02,5.0,0.0
2020-03-11,-0.03584762557403836,0.01633457026588428,16334.57026588428,0.03584762557403836,True,0.024,6.0,0.01951305530815408
2020-03-12,-0.06423336084953389,0.019363189714176186,19363.189714176187,0.06423336084953389,True,0.028,7.0,0.044870171135357705
2020-03-13,0.03783153617619013,0.02886043150699251,28860.43150699251,-0.03783153617619013,False,0.028,7.0,0.0
2020-03-16,-0.06013699877194989,0.02886043150699251,28860.43150699251,0.06013699877194989,True,0.032,8.0,0.03127656726495738
2020-03-17,0.02912574253546312,0.036647875786007776,36647.875786007775,-0.02912574253546312,False,0.032,8.0,0.0
2020-03-18,-0.048749780413862444,0.036647875786007776,36647.875786007775,0.048749780413862444,True,0.036,9.0,0.012101904627854668
2020-03-19,0.004843301350388485,0.04319659239306434,43196.59239306434,-0.004843301350388485,False,0.036,9.0,0.0
2020-03-20,0.0030619434959375793,0.04319659239306434,43196.59239306434,-0.0030619434959375793,False,0.036,9.0,0.0
2020-03-23,0.0073254879105403735,0.04319659239306434,43196.59239306434,-0.0073254879105403735,False,0.036,9.0,0.0
2020-03-24,0.054619031364430234,0.04319659239306434,43196.59239306434,-0.054619031364430234,False,0.036,9.0,0.0
2020-03-25,0.005370335604434362,0.04319659239306434,43196.59239306434,-0.005370335604434362,False,0.036,9.0,0.0
2020-03-26,0.033331568082072806,0.04319659239306434,43196.59239306434,-0.033331568082072806,False,0.036,9.0,0.0
2020-03-27,-0.020158008053060256,0.04319659239306434,43196.59239306434,0.020158008053060256,False,0.036,9.0,0.0
2020-03-30,0.01630249220523368,0.04319659239306434,43196.59239306434,-0.01630249220523368,False,0.036,9.0,0.0
2020-03-31,-0.011324960021166031,0.04319659239306434,43196.59239306434,0.011324960021166031,False,0.036,9.0,0.0
2020-04-01,-0.021360894854082192,0.04319659239306434,43196.59239306434,0.021360894854082192,False,0.036,9.0,0.0
2020-04-02,0.019956016542700274,0.04319659239306434,43196.59239306434,-0.019956016542700274,False,0.036,9.0,0.0
2020-04-03,-0.008056395893544233,0.04319659239306434,43196.59239306434,0.008056395893544233,False,0.036,9.0,0.0
2020-04-06,0.04367865976382437,0.04319659239306434,43196.59239306434,-0.04367865976382437,False,0.036,9.0,0.0
2020-04-07,-0.002012615550655705,0.04319659239306434,43196.59239306434,0.002012615550655705,False,0.036,9.0,0.0
2020-04-08,0.009773460772464816,0.04319659239306434,43196.59239306434,-0.009773460772464816,False,0.036,9.0,0.0
2020-04-09,0.00818809525764286,0.04319659239306434,43196.59239306434,-0.00818809525764286,False,0.036,9.0,0.0
2020-04-13,0.0022196027597988226,0.04319659239306434,43196.59239306434,-0.0022196027597988226,False,0.036,9.0,0.0
2020-04-14,0.020697896795902993,0.04319659239306434,43196.59239306434,-0.020697896795902993,False,0.036,9.0,0.0
2020-04-15,-0.007402869998804373,0.04319659239306434,43196.59239306434,0.007402869998804373,False,0.036,9.0,0.0
2020-04-16,0.007788290868040094,0.04319659239306434,43196.59239306434,-0.007788290868040094,False,0.036,9.0,0.0
2020-04-17,0.005206473829482139,0.04319659239306434,43196.59239306434,-0.005206473829482139,False,0.036,9.0,0.0
2020-04-20,-0.0053956096076295266,0.04319659239306434,43196.59239306434,0.0053956096076295266,False,0.036,9.0,0.0
2020-04-21,-0.017830124794256875,0.04319659239306434,43196.59239306434,0.017830124794256875,False,0.036,9.0,0.0
2020-04-22,0.017722973291792933,0.04319659239306434,43196.59239306434,-0.017722973291792933,False,0.036,9.0,0.0
2020-04-23,0.001884578776398849,0.04319659239306434,43196.59239306434,-0.001884578776398849,False,0.036,9.0,0.0
2020-04-24,0.00527349041503613,0.04319659239306434,43196.59239306434,-0.00527349041503613,False,0.036,9.0,0.0
2020-04-27,0.0034887761835418647,0.04319659239306434,43196.59239306434,-0.0034887761835418647,False,0.036,9.0,0.0
2020-04-28,-0.0028900515891209897,0.04319659239306434,43196.59239306434,0.0028900515891209897,False,0.036,9.0,0.0
2020-04-29,0.018225818832555297,0.04319659239306434,43196.59239306434,-0.018225818832555297,False,0.036,9.0,0.0
2020-04-30,-0.012124266319873934,0.04319659239306434,43196.59239306434,0.012124266319873934,False,0.036,9.0,0.0
2020-05-01,-0.015189983967699062,0.04319659239306434,43196.59239306434,0.015189983967699062,False,0.036,9.0,0.0
2020-05-04,0.004795130999655251,0.04319659239306434,43196.59239306434,-0.004795130999655251,False,0.036,9.0,0.0
2020-05-05,0.004803707395611579,0.04319659239306434,43196.59239306434,-0.004803707395611579,False,0.036,9.0,0.0
2020-05-06,-0.006535448567870117,0.04319659239306434,43196.59239306434,0.006535448567870117,False,0.036,9.0,0.0
2020-05-07,0.01302062735860301,0.04319659239306434,43196.59239306434,-0.01302062735860301,False,0.036,9.0,0.0
2020-05-08,0.006460829991987094,0.04319659239306434,43196.59239306434,-0.006460829991987094,False,0.032,8.0,0.0
2020-05-11,-0.0022820435249331973,0.04319659239306434,43196.59239306434,0.0022820435249331973,False,0.032,8.0,0.0
2020-05-12,-0.006108023310400635,0.04319659239306434,43196.59239306434,0.006108023310400635,False,0.032,8.0,0.0
2020-05-13,-0.003100564123717309,0.04319659239306434,43196.59239306434,0.003100564123717309,False,0.032,8.0,0.0
2020-05-14,0.009160748801266294,0.04319659239306434,43196.59239306434,-0.009160748801266294,False,0.032,8.0,0.0
2020-05-15,9.454657644476521e-05,0.04319659239306434,43196.59239306434,-9.454657644476521e-05,False,0.032,8.0,0.0
2020-05-18,0.01174135986833291,0.04319659239306434,43196.59239306434,-0.01174135986833291,False,0.032,8.0,0.0
2020-05-19,-0.0014797509802753294,0.04319659239306434,43196.59239306434,0.0014797509802753294,False,0.032,8.0,0.0
2020-05-20,0.011103667427003394,0.04319659239306434,43196.59239306434,-0.011103667427003394,False,0.032,8.0,0.0
2020-05-21,-0.00825998962160963,0.04319659239306434,43196.59239306434,0.00825998962160963,False,0.032,8.0,0.0
2020-05-22,-0.0006830648138789195,0.04319659239306434,43196.59239306434,0.0006830648138789195,False,0.032,8.0,0.0
2020-05-26,0.0007911968978182138,0.04319659239306434,43196.59239306434,-0.0007911968978182138,False,0.032,8.0,0.0
2020-05-27,0.00470503541863756,0.04319659239306434,43196.59239306434,-0.00470503541863756,False,0.032,8.0,0.0
2020-05-28,-0.002087772496365847,0.04319659239306434,43196.59239306434,0.002087772496365847,False,0.032,8.0,0.0
2020-05-29,0.010172701706975928,0.04319659239306434,43196.59239306434,-0.010172701706975928,False,0.032,8.0,0.0
2020-06-01,0.005594239418796398,0.04319659239306434,43196.59239306434,-0.005594239418796398,False,0.032,8.0,0.0
2020-06-02,0.005741849572441349,0.04319659239306434,43196.59239306434,-0.005741849572441349,False,0.032,8.0,0.0
2020-06-03,0.0018677827811879328,0.04319659239306434,43196.59239306434,-0.0018677827811879328,False,0.032,8.0,0.0
2020-06-04,-0.005537364853573013,0.04319659239306434,43196.59239306434,0.005537364853573013,False,0.032,8.0,0.0
2020-06-05,0.008878605509379245,0.04319659239306434,43196.59239306434,-0.008878605509379245,False,0.032,8.0,0.0
2020-06-08,0.008124550637564098,0.04319659239306434,43196.59239306434,-0.008124550637564098,False,0.032,8.0,0.0
2020-06-09,0.0027974854800605796,0.04319659239306434,43196.59239306434,-0.0027974854800605796,False,0.032,8.0,0.0
2020-06-10,0.008582063736366675,0.04319659239306434,43196.59239306434,-0.008582063736366675,False,0.032,8.0,0.0
2020-06-11,-0.029541642033609542,0.04319659239306434,43196.59239306434,0.029541642033609542,False,0.032,8.0,0.0
2020-06-12,0.006591954134514544,0.04319659239306434,43196.59239306434,-0.006591954134514544,False,0.032,8.0,0.0
2020-06-15,0.0022383738208309194,0.04319659239306434,43196.59239306434,-0.0022383738208309194,False,0.032,8.0,0.0
2020-06-16,0.005391712371078449,0.04319659239306434,43196.59239306434,-0.005391712371078449,False,0.032,8.0,0.0
2020-06-17,0.002933577847004521,0.04319659239306434,43196.59239306434,-0.002933577847004521,False,0.032,8.0,0.0
2020-06-18,0.002443009433429211,0.04319659239306434,43196.59239306434,-0.002443009433429211,False,0.032,8.0,0.0
2020-06-19,0.0011409752811164515,0.04319659239306434,43196.59239306434,-0.0011409752811164515,False,0.032,8.0,0.0
2020-06-22,0.007453579027340852,0.04319659239306434,43196.59239306434,-0.007453579027340852,False,0.032,8.0,0.0
2020-06-23,0.004870124910657925,0.04319659239306434,43196.59239306434,-0.004870124910657925,False,0.032,8.0,0.0
2020-06-24,-0.010423651023708725,0.04319659239306434,43196.59239306434,0.010423651023708725,False,0.032,8.0,0.0
2020-06-25,0.005348582309086348,0.04319659239306434,43196.59239306434,-0.005348582309086348,False,0.032,8.0,0.0
2020-06-26,-0.008863949811128058,0.04319659239306434,43196.59239306434,0.008863949811128058,False,0.032,8.0,0.0
2020-06-29,0.005501001373749649,0.04319659239306434,43196.59239306434,-0.005501001373749649,False,0.032,8.0,0.0
2020-06-30,0.005750987822259046,0.04319659239306434,43196.59239306434,-0.005750987822259046,False,0.032,8.0,0.0
2020-07-01,0.004701231921111737,0.04319659239306434,43196.59239306434,-0.004701231921111737,False,0.032,8.0,0.0
2020-07-02,0.00764882780959173,0.04319659239306434,43196.59239306434,-0.00764882780959173,False,0.032,8.0,0.0
2020-07-06,0.016990445265756014,0.04319659239306434,43196.59239306434,-0.016990445265756014,False,0.032,8.0,0.0
2020-07-07,-0.0027053515922460082,0.04319659239306434,43196.59239306434,0.0027053515922460082,False,0.032,8.0,0.0
2020-07-08,0.009793714197215442,0.04319659239306434,43196.59239306434,-0.009793714197215442,False,0.032,8.0,0.0
2020-07-09,0.0031896362373440516,0.04319659239306434,43196.59239306434,-0.0031896362373440516,False,0.032,8.0,0.0
2020-07-10,0.0005970951070730646,0.04319659239306434,43196.59239306434,-0.0005970951070730646,False,0.032,8.0,0.0
2020-07-13,-0.006277666907441271,0.04319659239306434,43196.59239306434,0.006277666907441271,False,0.032,8.0,0.0
2020-07-14,0.005507100174341329,0.04319659239306434,43196.59239306434,-0.005507100174341329,False,0.032,8.0,0.0
2020-07-15,0.0020920318323840227,0.04319659239306434,43196.59239306434,-0.0020920318323840227,False,0.032,8.0,0.0
2020-07-16,-0.00579183240465182,0.04319659239306434,43196.59239306434,0.00579183240465182,False,0.032,8.0,0.0
2020-07-17,0.0031688498295326275,0.04319659239306434,43196.59239306434,-0.0031688498295326275,False,0.032,8.0,0.0
2020-07-20,0.011318100216720285,0.04319659239306434,43196.59239306434,-0.011318100216720285,False,0.032,8.0,0.0
2020-07-21,0.002717932105992671,0.04319659239306434,43196.59239306434,-0.002717932105992671,False,0.032,8.0,0.0
2020-07-22,0.00461203588957515,0.04319659239306434,43196.59239306434,-0.00461203588957515,False,0.032,8.0,0.0
2020-07-23,-0.005117241361000668,0.04319659239306434,43196.59239306434,0.005117241361000668,False,0.032,8.0,0.0
2020-07-24,-0.0016684370517671134,0.04319659239306434,43196.59239306434,0.0016684370517671134,False,0.032,8.0,0.0
2020-07-27,0.01134174066858178,0.04319659239306434,43196.59239306434,-0.01134174066858178,False,0.032,8.0,0.0
2020-07-28,-0.002404943968043783,0.04319659239306434,43196.59239306434,0.002404943968043783,False,0.032,8.0,0.0
2020-07-29,0.009148338471210549,0.04319659239306434,43196.59239306434,-0.009148338471210549,False,0.032,8.0,0.0
2020-07-30,-0.0023654774652706934,0.04319659239306434,43196.59239306434,0.0023654774652706934,False,0.032,8.0,0.0
2020-07-31,0.005462098158854256,0.04319659239306434,43196.59239306434,-0.005462098158854256,False,0.032,8.0,0.0
2020-08-03,0.004697226577898528,0.04319659239306434,43196.59239306434,-0.004697226577898528,False,0.032,8.0,0.0
2020-08-04,0.010338167217877503,0.04319659239306434,43196.59239306434,-0.010338167217877503,False,0.032,8.0,0.0
2020-08-05,0.004019341494339867,0.04319659239306434,43196.59239306434,-0.004019341494339867,False,0.032,8.0,0.0
2020-08-06,0.008385053039599024,0.04319659239306434,43196.59239306434,-0.008385053039599024,False,0.032,8.0,0.0
2020-08-07,-0.010783310654121216,0.04319659239306434,43196.59239306434,0.010783310654121216,False,0.032,8.0,0.0
2020-08-10,-0.0013418511200270044,0.04319659239306434,43196.59239306434,0.0013418511200270044,False,0.032,8.0,0.0
2020-08-11,-0.019100867102198694,0.04319659239306434,43196.59239306434,0.019100867102198694,False,0.032,8.0,0.0
2020-08-12,0.007756452179406393,0.04319659239306434,43196.59239306434,-0.007756452179406393,False,0.032,8.0,0.0
2020-08-13,0.002095568547250616,0.04319659239306434,43196.59239306434,-0.002095568547250616,False,0.032,8.0,0.0
2020-08-14,-0.0022332691210855907,0.04319659239306434,43196.59239306434,0.0022332691210855907,False,0.032,8.0,0.0
2020-08-17,0.010330408662793644,0.04319659239306434,43196.59239306434,-0.010330408662793644,False,0.032,8.0,0.0
2020-08-18,0.005365891099846932,0.04319659239306434,43196.59239306434,-0.005365891099846932,False,0.032,8.0,0.0
2020-08-19,-0.012199652357639333,0.04319659239306434,43196.59239306434,0.012199652357639333,False,0.032,8.0,0.0
2020-08-20,0.005954068298233906,0.04319659239306434,43196.59239306434,-0.005954068298233906,False,0.032,8.0,0.0
2020-08-21,0.0026907276434257055,0.04319659239306434,43196.59239306434,-0.0026907276434257055,False,0.032,8.0,0.0
2020-08-24,0.004031888205177214,0.04319659239306434,43196.59239306434,-0.004031888205177214,False,0.032,8.0,0.0
2020-08-25,0.002995052804626286,0.04319659239306434,43196.59239306434,-0.002995052804626286,False,0.032,8.0,0.0
2020-08-26,0.008400204189201399,0.04319659239306434,43196.59239306434,-0.008400204189201399,False,0.032,8.0,0.0
2020-08-27,-0.007576571440690039,0.04319659239306434,43196.59239306434,0.007576571440690039,False,0.032,8.0,0.0
2020-08-28,0.008260653086920101,0.04319659239306434,43196.59239306434,-0.008260653086920101,False,0.032,8.0,0.0
2020-08-31,-0.0017469679376469927,0.04319659239306434,43196.59239306434,0.0017469679376469927,False,0.032,8.0,0.0
2020-09-01,0.011240293347402465,0.04319659239306434,43196.59239306434,-0.011240293347402465,False,0.032,8.0,0.0
2020-09-02,0.003534564962159248,0.04319659239306434,43196.59239306434,-0.003534564962159248,False,0.032,8.0,0.0
2020-09-03,-0.021882357774504913,0.04319659239306434,43196.59239306434,0.021882357774504913,False,0.032,8.0,0.0
2020-09-04,-0.007453730386466884,0.04319659239306434,43196.59239306434,0.007453730386466884,False,0.032,8.0,0.0
2020-09-08,-0.017706962469441014,0.04319659239306434,43196.59239306434,0.017706962469441014,False,0.032,8.0,0.0
2020-09-09,0.01421253568444807,0.04319659239306434,43196.59239306434,-0.01421253568444807,False,0.032,8.0,0.0
2020-09-10,-0.010299330405928718,0.04319659239306434,43196.59239306434,0.010299330405928718,False,0.032,8.0,0.0
2020-09-11,0.00106006312285023,0.04319659239306434,43196.59239306434,-0.00106006312285023,False,0.032,8.0,0.0
2020-09-14,0.010916152575359384,0.04319659239306434,43196.59239306434,-0.010916152575359384,False,0.032,8.0,0.0
2020-09-15,0.00498585131460545,0.04319659239306434,43196.59239306434,-0.00498585131460545,False,0.032,8.0,0.0
2020-09-16,-0.004279483180493093,0.04319659239306434,43196.59239306434,0.004279483180493093,False,0.032,8.0,0.0
2020-09-17,-0.0061691377688562156,0.04319659239306434,43196.59239306434,0.0061691377688562156,False,0.032,8.0,0.0
2020-09-18,-0.006774481588554116,0.04319659239306434,43196.59239306434,0.006774481588554116,False,0.032,8.0,0.0
2020-09-21,-0.006590782975063215,0.04319659239306434,43196.59239306434,0.006590782975063215,False,0.032,8.0,0.0
2020-09-22,0.003129077676422254,0.04319659239306434,43196.59239306434,-0.003129077676422254,False,0.032,8.0,0.0
2020-09-23,-0.017905063331909044,0.04319659239306434,43196.59239306434,0.017905063331909044,False,0.032,8.0,0.0
2020-09-24,0.002046042018059069,0.04319659239306434,43196.59239306434,-0.002046042018059069,False,0.032,8.0,0.0
2020-09-25,0.007499600863457534,0.04319659239306434,43196.59239306434,-0.007499600863457534,False,0.032,8.0,0.0
2020-09-28,0.011154193932463332,0.04319659239306434,43196.59239306434,-0.011154193932463332,False,0.032,8.0,0.0
2020-09-29,-0.00021196059388477477,0.04319659239306434,43196.59239306434,0.00021196059388477477,False,0.032,8.0,0.0
2020-09-30,0.0029946119563847963,0.04319659239306434,43196.59239306434,-0.0029946119563847963,False,0.032,8.0,0.0
2020-10-01,0.008432352865982961,0.04319659239306434,43196.59239306434,-0.008432352865982961,False,0.032,8.0,0.0
2020-10-02,-0.010743048236517639,0.04319659239306434,43196.59239306434,0.010743048236517639,False,0.032,8.0,0.0
2020-10-05,0.0075610782905806365,0.04319659239306434,43196.59239306434,-0.0075610782905806365,False,0.032,8.0,0.0
2020-10-06,-0.0073278626067999845,0.04319659239306434,43196.59239306434,0.0073278626067999845,False,0.032,8.0,0.0
2020-10-07,0.007586612231047441,0.04319659239306434,43196.59239306434,-0.007586612231047441,False,0.032,8.0,0.0
2020-10-08,0.006266986744615544,0.04319659239306434,43196.59239306434,-0.006266986744615544,False,0.032,8.0,0.0
2020-10-09,0.009799072221027761,0.04319659239306434,43196.59239306434,-0.009799072221027761,False,0.032,8.0,0.0
2020-10-12,0.0111999363026414,0.04319659239306434,43196.59239306434,-0.0111999363026414,False,0.032,8.0,0.0
2020-10-13,-0.003847792664851402,0.04319659239306434,43196.59239306434,0.003847792664851402,False,0.032,8.0,0.0
2020-10-14,-0.0031972585302020963,0.04319659239306434,43196.59239306434,0.0031972585302020963,False,0.032,8.0,0.0
2020-10-15,-0.002648878637743968,0.04319659239306434,43196.59239306434,0.002648878637743968,False,0.032,8.0,0.0
2020-10-16,-0.0017613281935389138,0.04319659239306434,43196.59239306434,0.0017613281935389138,False,0.032,8.0,0.0
2020-10-19,-0.007531382492575212,0.04319659239306434,43196.59239306434,0.007531382492575212,False,0.032,8.0,0.0
2020-10-20,0.0024931809312726872,0.04319659239306434,43196.59239306434,-0.0024931809312726872,False,0.032,8.0,0.0
2020-10-21,0.000848338970584539,0.04319659239306434,43196.59239306434,-0.000848338970584539,False,0.032,8.0,0.0
2020-10-22,-0.002992945261400193,0.04319659239306434,43196.59239306434,0.002992945261400193,False,0.032,8.0,0.0
2020-10-23,0.0032557444478127583,0.04319659239306434,43196.59239306434,-0.0032557444478127583,False,0.032,8.0,0.0
2020-10-26,-0.007525989200628747,0.04319659239306434,43196.59239306434,0.007525989200628747,False,0.032,8.0,0.0
2020-10-27,0.003615428272174692,0.04319659239306434,43196.59239306434,-0.003615428272174692,False,0.032,8.0,0.0
2020-10-28,-0.022683672745554495,0.04319659239306434,43196.59239306434,0.022683672745554495,False,0.032,8.0,0.0
2020-10-29,0.00476983411108074,0.04319659239306434,43196.59239306434,-0.00476983411108074,False,0.032,8.0,0.0
2020-10-30,-0.010474056350852013,0.04319659239306434,43196.59239306434,0.010474056350852013,False,0.032,8.0,0.0
2020-11-02,0.008675890886972893,0.04319659239306434,43196.59239306434,-0.008675890886972893,False,0.032,8.0,0.0
2020-11-03,0.007849188889622384,0.04319659239306434,43196.59239306434,-0.007849188889622384,False,0.032,8.0,0.0
2020-11-04,0.023912896350212234,0.04319659239306434,43196.59239306434,-0.023912896350212234,False,0.032,8.0,0.0
2020-11-05,0.017469873518814974,0.04319659239306434,43196.59239306434,-0.017469873518814974,False,0.032,8.0,0.0
2020-11-06,-0.001106705126795382,0.04319659239306434,43196.59239306434,0.001106705126795382,False,0.032,8.0,0.0
2020-11-09,-0.013253852800544766,0.04319659239306434,43196.59239306434,0.013253852800544766,False,0.032,8.0,0.0
2020-11-10,-0.006646433400888419,0.04319659239306434,43196.59239306434,0.006646433400888419,False,0.032,8.0,0.0
2020-11-11,0.0071157774446726,0.04319659239306434,43196.59239306434,-0.0071157774446726,False,0.032,8.0,0.0
2020-11-12,0.0002373461303749159,0.04319659239306434,43196.59239306434,-0.0002373461303749159,False,0.032,8.0,0.0
2020-11-13,0.008433904806430515,0.04319659239306434,43196.59239306434,-0.008433904806430515,False,0.032,8.0,0.0
2020-11-16,0.006048025863400009,0.04319659239306434,43196.59239306434,-0.006048025863400009,False,0.032,8.0,0.0
2020-11-17,-0.0013426322299031849,0.04319659239306434,43196.59239306434,0.0013426322299031849,False,0.032,8.0,0.0
2020-11-18,-0.0051459337787847625,0.04319659239306434,43196.59239306434,0.0051459337787847625,False,0.032,8.0,0.0
2020-11-19,0.0033892259366154146,0.04319659239306434,43196.59239306434,-0.0033892259366154146,False,0.032,8.0,0.0
2020-11-20,0.0007483229608399979,0.04319659239306434,43196.59239306434,-0.0007483229608399979,False,0.032,8.0,0.0
2020-11-23,-0.0031194866280231047,0.04319659239306434,43196.59239306434,0.0031194866280231047,False,0.032,8.0,0.0
2020-11-24,0.0036601048566730077,0.04319659239306434,43196.59239306434,-0.0036601048566730077,False,0.032,8.0,0.0
2020-11-25,-0.0009123874980548009,0.04319659239306434,43196.59239306434,0.0009123874980548009,False,0.032,8.0,0.0
2020-11-27,0.004207768967024239,0.04319659239306434,43196.59239306434,-0.004207768967024239,False,0.032,8.0,0.0
2020-11-30,-0.007297851751101759,0.04319659239306434,43196.59239306434,0.007297851751101759,False,0.032,8.0,0.0
2020-12-01,0.00995381700493303,0.04319659239306434,43196.59239306434,-0.00995381700493303,False,0.032,8.0,0.0
2020-12-02,0.0008765814373321578,0.04319659239306434,43196.59239306434,-0.0008765814373321578,False,0.032,8.0,0.0
2020-12-03,0.0057071478888030885,0.04319659239306434,43196.59239306434,-0.0057071478888030885,False,0.032,8.0,0.0
2020-12-04,0.001104488295992079,0.04319659239306434,43196.59239306434,-0.001104488295992079,False,0.032,8.0,0.0
2020-12-07,0.005508407145511463,0.04319659239306434,43196.59239306434,-0.005508407145511463,False,0.032,8.0,0.0
2020-12-08,0.0029834962885959995,0.04319659239306434,43196.59239306434,-0.0029834962885959995,False,0.032,8.0,0.0
2020-12-09,-0.012131548699033613,0.04319659239306434,43196.59239306434,0.012131548699033613,False,0.032,8.0,0.0
2020-12-10,0.004705736467333322,0.04319659239306434,43196.59239306434,-0.004705736467333322,False,0.032,8.0,0.0
2020-12-11,-0.0010073877183797153,0.04319659239306434,43196.59239306434,0.0010073877183797153,False,0.032,8.0,0.0
2020-12-14,-0.0021400668864840267,0.04319659239306434,43196.59239306434,0.0021400668864840267,False,0.032,8.0,0.0
2020-12-15,0.00913316651528997,0.04319659239306434,43196.59239306434,-0.00913316651528997,False,0.032,8.0,0.0
2020-12-16,0.0029361229192621744,0.04319659239306434,43196.59239306434,-0.0029361229192621744,False,0.032,8.0,0.0
2020-12-17,0.005301955308966356,0.04319659239306434,43196.59239306434,-0.005301955308966356,False,0.032,8.0,0.0
2020-12-18,-0.002576942202689248,0.04319659239306434,43196.59239306434,0.002576942202689248,False,0.032,8.0,0.0
2020-12-21,-0.0038725459358392557,0.04319659239306434,43196.59239306434,0.0038725459358392557,False,0.032,8.0,0.0
2020-12-22,-0.001934043416878262,0.04319659239306434,43196.59239306434,0.001934043416878262,False,0.032,8.0,0.0
2020-12-23,0.0011666441814680351,0.04319659239306434,43196.59239306434,-0.0011666441814680351,False,0.032,8.0,0.0
2020-12-24,0.0023753508739661868,0.04319659239306434,43196.59239306434,-0.0023753508739661868,False,0.032,8.0,0.0
2020-12-28,0.0036555521396333113,0.04319659239306434,43196.59239306434,-0.0036555521396333113,False,0.032,8.0,0.0
2020-12-29,0.0032556358790231115,0.04319659239306434,43196.59239306434,-0.0032556358790231115,False,0.032,8.0,0.0
2020-12-30,0.00492115026913531,0.04319659239306434,43196.59239306434,-0.00492115026913531,False,0.032,8.0,0.0
2020-12-31,0.0024270751202884132,0.04319659239306434,43196.59239306434,-0.0024270751202884132,False,0.032,8.0,0.0
2021-01-04,-5.869248715568683e-05,0.04319659239306434,43196.59239306434,5.869248715568683e-05,False,0.032,8.0,0.0
2021-01-05,0.006941034409014768,0.04319659239306434,43196.59239306434,-0.006941034409014768,False,0.032,8.0,0.0
2021-01-06,-0.010618786920691913,0.04319659239306434,43196.59239306434,0.010618786920691913,False,0.032,8.0,0.0
2021-01-07,0.0074739170768253205,0.04319659239306434,43196.59239306434,-0.0074739170768253205,False,0.032,8.0,0.0
2021-01-08,0.001514476027650069,0.04319659239306434,43196.59239306434,-0.001514476027650069,False,0.032,8.0,0.0
2021-01-11,-0.007665936811884188,0.04319659239306434,43196.59239306434,0.007665936811884188,False,0.032,8.0,0.0
2021-01-12,0.0028242295024680786,0.04319659239306434,43196.59239306434,-0.0028242295024680786,False,0.032,8.0,0.0
2021-01-13,0.0037203316034835733,0.04319659239306434,43196.59239306434,-0.0037203316034835733,False,0.032,8.0,0.0
2021-01-14,-0.0018796987102997155,0.04319659239306434,43196.59239306434,0.0018796987102997155,False,0.032,8.0,0.0
2021-01-15,-0.007560405759921519,0.04319659239306434,43196.59239306434,0.007560405759921519,False,0.032,8.0,0.0
2021-01-19,0.010140210595337696,0.04319659239306434,43196.59239306434,-0.010140210595337696,False,0.032,8.0,0.0
2021-01-20,0.014384656172620726,0.04319659239306434,43196.59239306434,-0.014384656172620726,False,0.032,8.0,0.0
2021-01-21,0.0006089872218568935,0.04319659239306434,43196.59239306434,-0.0006089872218568935,False,0.032,8.0,0.0
2021-01-22,-0.003951194252608215,0.04319659239306434,43196.59239306434,0.003951194252608215,False,0.032,8.0,0.0
2021-01-25,0.006476072231662578,0.04319659239306434,43196.59239306434,-0.006476072231662578,False,0.032,8.0,0.0
2021-01-26,-0.002348817989943819,0.04319659239306434,43196.59239306434,0.002348817989943819,False,0.032,8.0,0.0
2021-01-27,-0.016773651565747238,0.04319659239306434,43196.59239306434,0.016773651565747238,False,0.032,8.0,0.0
2021-01-28,0.0033832494291918818,0.04319659239306434,43196.59239306434,-0.0033832494291918818,False,0.032,8.0,0.0
2021-01-29,-0.014471085175481702,0.04319659239306434,43196.59239306434,0.014471085175481702,False,0.032,8.0,0.0
2021-02-01,0.01583780404764812,0.04319659239306434,43196.59239306434,-0.01583780404764812,False,0.032,8.0,0.0
2021-02-02,0.004961356923961757,0.04319659239306434,43196.59239306434,-0.004961356923961757,False,0.032,8.0,0.0
2021-02-03,-0.0017031959458551297,0.04319659239306434,43196.59239306434,0.0017031959458551297,False,0.032,8.0,0.0
2021-02-04,-0.00013030461589829133,0.04319659239306434,43196.59239306434,0.00013030461589829133,False,0.032,8.0,0.0
2021-02-05,0.0034868511402952325,0.04319659239306434,43196.59239306434,-0.0034868511402952325,False,0.032,8.0,0.0
2021-02-08,0.006032216635870747,0.04319659239306434,43196.59239306434,-0.006032216635870747,False,0.032,8.0,0.0
2021-02-09,0.002755755031574392,0.04319659239306434,43196.59239306434,-0.002755755031574392,False,0.032,8.0,0.0
2021-02-10,0.002222549789482264,0.04319659239306434,43196.59239306434,-0.002222549789482264,False,0.032,8.0,0.0
2021-02-11,0.0007260574059584805,0.04319659239306434,43196.59239306434,-0.0007260574059584805,False,0.032,8.0,0.0
2021-02-12,-0.0008124485419216176,0.04319659239306434,43196.59239306434,0.0008124485419216176,False,0.032,8.0,0.0
2021-02-16,-0.006145721353876099,0.04319659239306434,43196.59239306434,0.006145721353876099,False,0.032,8.0,0.0
2021-02-17,-0.0018450512595039608,0.04319659239306434,43196.59239306434,0.0018450512595039608,False,0.032,8.0,0.0
2021-02-18,-0.0053076972925525595,0.04319659239306434,43196.59239306434,0.0053076972925525595,False,0.032,8.0,0.0
2021-02-19,-0.001759540630526657,0.04319659239306434,43196.59239306434,0.001759540630526657,False,0.028,7.0,0.0
2021-02-22,-0.011125134411472004,0.04319659239306434,43196.59239306434,0.011125134411472004,False,0.024,6.0,0.0
2021-02-23,-0.0004942966790911996,0.04319659239306434,43196.59239306434,0.0004942966790911996,False,0.024,6.0,0.0
2021-02-24,0.0011149789064541337,0.04319659239306434,43196.59239306434,-0.0011149789064541337,False,0.02,5.0,0.0
2021-02-25,-0.02337875036800381,0.04319659239306434,43196.59239306434,0.02337875036800381,False,0.02,5.0,0.0
2021-02-26,-0.0010986515911898256,0.04319659239306434,43196.59239306434,0.0010986515911898256,False,0.02,5.0,0.0
2021-03-01,0.01323703704225323,0.04319659239306434,43196.59239306434,-0.01323703704225323,False,0.02,5.0,0.0
2021-03-02,-0.005622207517927547,0.04319659239306434,43196.59239306434,0.005622207517927547,False,0.02,5.0,0.0
2021-03-03,-0.013229370511473305,0.04319659239306434,43196.59239306434,0.013229370511473305,False,0.02,5.0,0.0
2021-03-04,-0.013664407218936825,0.04319659239306434,43196.59239306434,0.013664407218936825,False,0.02,5.0,0.0
2021-03-05,0.009385101807333207,0.04319659239306434,43196.59239306434,-0.009385101807333207,False,0.016,4.0,0.0
2021-03-08,-0.015674566149107186,0.04242772454234862,42427.72454234862,0.015674566149107186,False,0.016,4.0,0.0
2021-03-09,0.022160591682987674,0.04242772454234862,42427.72454234862,-0.022160591682987674,False,0.012,3.0,0.0
2021-03-10,0.0011977290222976,0.03933779260753848,39337.79260753848,-0.0011977290222976,False,0.008,2.0,0.0
2021-03-11,0.011323242337348806,0.026521825117462722,26521.825117462722,-0.011323242337348806,False,0.008,2.0,0.0
2021-03-12,-0.009200121134634021,0.026521825117462722,26521.825117462722,0.009200121134634021,False,0.004,1.0,0.0
2021-03-15,0.005866221469826627,0.023038162333003646,23038.162333003645,-0.005866221469826627,False,0.004,1.0,0.0
2021-03-16,0.0010765274700497598,0.023038162333003646,23038.162333003645,-0.0010765274700497598,False,0.0,0.0,0.0
2021-03-17,0.0016955317814546732,0.022291028409740198,22291.028409740196,-0.0016955317814546732,False,0.0,0.0,0.0
2021-03-18,-0.01589840476992759,0.022291028409740198,22291.028409740196,0.01589840476992759,False,0.0,0.0,0.0
2021-03-19,0.0048821021540507385,0.022291028409740198,22291.028409740196,-0.0048821021540507385,False,0.0,0.0,0.0
2021-03-22,0.006703076626807137,0.022291028409740198,22291.028409740196,-0.006703076626807137,False,0.0,0.0,0.0
2021-03-23,-0.005921871967543303,0.022291028409740198,22291.028409740196,0.005921871967543303,False,0.0,0.0,0.0
2021-03-24,-0.0071966888717983415,0.022291028409740198,22291.028409740196,0.0071966888717983415,False,0.0,0.0,0.0
2021-03-25,-0.0005963046528294936,0.022291028409740198,22291.028409740196,0.0005963046528294936,False,0.0,0.0,0.0
2021-03-26,0.011292072753665928,0.022291028409740198,22291.028409740196,-0.011292072753665928,False,0.0,0.0,0.0
2021-03-29,-0.005623888751818473,0.022291028409740198,22291.028409740196,0.005623888751818473,False,0.0,0.0,0.0
2021-03-30,-0.0032649640577896207,0.022291028409740198,22291.028409740196,0.0032649640577896207,False,0.0,0.0,0.0
2021-03-31,0.006806438875069754,0.022291028409740198,22291.028409740196,-0.006806438875069754,False,0.0,0.0,0.0
2021-04-01,0.013363887162836586,0.022291028409740198,22291.028409740196,-0.013363887162836586,False,0.0,0.0,0.0
2021-04-05,0.006696673835307943,0.022291028409740198,22291.028409740196,-0.006696673835307943,False,0.0,0.0,0.0
2021-04-06,0.0038166967332063043,0.022291028409740198,22291.028409740196,-0.0038166967332063043,False,0.0,0.0,0.0
2021-04-07,-0.004184106563884749,0.022291028409740198,22291.028409740196,0.004184106563884749,False,0.0,0.0,0.0
2021-04-08,0.00848021900795044,0.022291028409740198,22291.028409740196,-0.00848021900795044,False,0.0,0.0,0.0
2021-04-09,-0.0012696960071550299,0.022291028409740198,22291.028409740196,0.0012696960071550299,False,0.0,0.0,0.0
2021-04-12,-0.002683311370181696,0.022291028409740198,22291.028409740196,0.002683311370181696,False,0.0,0.0,0.0
2021-04-13,0.006669960065912451,0.022291028409740198,22291.028409740196,-0.006669960065912451,False,0.0,0.0,0.0
2021-04-14,-0.003578759339206106,0.022291028409740198,22291.028409740196,0.003578759339206106,False,0.0,0.0,0.0
2021-04-15,0.013583382158617407,0.022291028409740198,22291.028409740196,-0.013583382158617407,False,0.0,0.0,0.0
2021-04-16,0.0010753434227579908,0.022291028409740198,22291.028409740196,-0.0010753434227579908,False,0.0,0.0,0.0
2021-04-19,-0.004676340967425219,0.022291028409740198,22291.028409740196,0.004676340967425219,False,0.0,0.0,0.0
2021-04-20,-0.0029142128467659623,0.022291028409740198,22291.028409740196,0.0029142128467659623,False,0.0,0.0,0.0
2021-04-21,0.007217281863295755,0.022291028409740198,22291.028409740196,-0.007217281863295755,False,0.0,0.0,0.0
2021-04-22,-0.005364614624433451,0.022291028409740198,22291.028409740196,0.005364614624433451,False,0.0,0.0,0.0
2021-04-23,0.006347024003575541,0.022291028409740198,22291.028409740196,-0.006347024003575541,False,0.0,0.0,0.0
2021-04-26,0.0022191947369510695,0.022291028409740198,22291.028409740196,-0.0022191947369510695,False,0.0,0.0,0.0
2021-04-27,-0.003267332736898898,0.022291028409740198,22291.028409740196,0.003267332736898898,False,0.0,0.0,0.0
2021-04-28,0.0014849734725956188,0.022291028409740198,22291.028409740196,-0.0014849734725956188,False,0.0,0.0,0.0
2021-04-29,0.00010446715423819687,0.022291028409740198,22291.028409740196,-0.00010446715423819687,False,0.0,0.0,0.0
2021-04-30,-0.006366712925825868,0.022291028409740198,22291.028409740196,0.006366712925825868,False,0.0,0.0,0.0
2021-05-03,0.0020819564145141637,0.022291028409740198,22291.028409740196,-0.0020819564145141637,False,0.0,0.0,0.0
2021-05-04,-0.007201918492219073,0.022291028409740198,22291.028409740196,0.007201918492219073,False,0.0,0.0,0.0
2021-05-05,0.0014852274732402916,0.022291028409740198,22291.028409740196,-0.0014852274732402916,False,0.0,0.0,0.0
2021-05-06,0.00867207779940351,0.022291028409740198,22291.028409740196,-0.00867207779940351,False,0.0,0.0,0.0
2021-05-07,0.005960685295834712,0.022291028409740198,22291.028409740196,-0.005960685295834712,False,0.0,0.0,0.0
2021-05-10,-0.012034533677665715,0.022291028409740198,22291.028409740196,0.012034533677665715,False,0.0,0.0,0.0
2021-05-11,-0.0037168486120356284,0.022291028409740198,22291.028409740196,0.0037168486120356284,False,0.0,0.0,0.0
2021-05-12,-0.019040480184391993,0.022291028409740198,22291.028409740196,0.019040480184391993,False,0.0,0.0,0.0
2021-05-13,0.00481109837605067,0.022291028409740198,22291.028409740196,-0.00481109837605067,False,0.0,0.0,0.0
2021-05-14,0.01479458423248774,0.022291028409740198,22291.028409740196,-0.01479458423248774,False,0.0,0.0,0.0
2021-05-17,-6.21475238267174e-06,0.022291028409740198,22291.028409740196,6.21475238267174e-06,False,0.0,0.0,0.0
2021-05-18,-0.0005114733973386132,0.022291028409740198,22291.028409740196,0.0005114733973386132,False,0.0,0.0,0.0
2021-05-19,-0.0012383077602857284,0.022291028409740198,22291.028409740196,0.0012383077602857284,False,0.0,0.0,0.0
2021-05-20,0.009739470345892665,0.022291028409740198,22291.028409740196,-0.009739470345892665,False,0.0,0.0,0.0
2021-05-21,-0.002845058863701433,0.022291028409740198,22291.028409740196,0.002845058863701433,False,0.0,0.0,0.0
2021-05-24,0.008151681685754442,0.022291028409740198,22291.028409740196,-0.008151681685754442,False,0.0,0.0,0.0
2021-05-25,0.005478663649349258,0.022291028409740198,22291.028409740196,-0.005478663649349258,False,0.0,0.0,0.0
2021-05-26,0.0018794918040069943,0.022291028409740198,22291.028409740196,-0.0018794918040069943,False,0.0,0.0,0.0
2021-05-27,-0.0013322021128601815,0.022291028409740198,22291.028409740196,0.0013322021128601815,False,0.0,0.0,0.0
2021-05-28,0.002709292141592346,0.022291028409740198,22291.028409740196,-0.002709292141592346,False,0.0,0.0,0.0
2021-06-01,0.0026948001886573317,0.022291028409740198,22291.028409740196,-0.0026948001886573317,False,0.0,0.0,0.0
2021-06-02,0.002467654260183316,0.022291028409740198,22291.028409740196,-0.002467654260183316,False,0.0,0.0,0.0
2021-06-03,-0.009629238608030865,0.022291028409740198,22291.028409740196,0.009629238608030865,False,0.0,0.0,0.0
2021-06-04,0.011920888110626705,0.022291028409740198,22291.028409740196,-0.011920888110626705,False,0.0,0.0,0.0
2021-06-07,-0.0004114594005298233,0.022291028409740198,22291.028409740196,0.0004114594005298233,False,0.0,0.0,0.0
2021-06-08,-4.472140879383516e-05,0.022291028409740198,22291.028409740196,4.472140879383516e-05,False,0.0,0.0,0.0
2021-06-09,0.0005541860543671673,0.022291028409740198,22291.028409740196,-0.0005541860543671673,False,0.0,0.0,0.0
2021-06-10,0.00667487692340143,0.02051942734507486,20519.427345074862,-0.00667487692340143,False,0.0,0.0,0.0
2021-06-11,-0.0024045569866696375,0.02051942734507486,20519.427345074862,0.0024045569866696375,False,0.0,0.0,0.0
2021-06-14,0.00020283758499533024,0.02051942734507486,20519.427345074862,-0.00020283758499533024,False,0.0,0.0,0.0
2021-06-15,-0.004040169321902277,0.02051942734507486,20519.427345074862,0.004040169321902277,False,0.0,0.0,0.0
2021-06-16,-0.008119936011926464,0.02051942734507486,20519.427345074862,0.008119936011926464,False,0.0,0.0,0.0
2021-06-17,0.00042424597495556107,0.02051942734507486,20519.427345074862,-0.00042424597495556107,False,0.0,0.0,0.0
2021-06-18,-0.003007433387833647,0.02051942734507486,20519.427345074862,0.003007433387833647,False,0.0,0.0,0.0
2021-06-21,0.004055159064969339,0.02051942734507486,20519.427345074862,-0.004055159064969339,False,0.0,0.0,0.0
2021-06-22,0.0016654799906533626,0.02051942734507486,20519.427345074862,-0.0016654799906533626,False,0.0,0.0,0.0
2021-06-23,0.0004267880691329661,0.02051942734507486,20519.427345074862,-0.0004267880691329661,False,0.0,0.0,0.0
2021-06-24,0.004453899342201684,0.02051942734507486,20519.427345074862,-0.004453899342201684,False,0.0,0.0,0.0
2021-06-25,0.0007218966939426918,0.02051942734507486,20519.427345074862,-0.0007218966939426918,False,0.0,0.0,0.0
2021-06-28,0.0050599191836100624,0.02051942734507486,20519.427345074862,-0.0050599191836100624,False,0.0,0.0,0.0
2021-06-29,-0.0010792145223646802,0.02051942734507486,20519.427345074862,0.0010792145223646802,False,0.0,0.0,0.0
2021-06-30,0.00041721825251239675,0.02051942734507486,20519.427345074862,-0.00041721825251239675,False,0.0,0.0,0.0
2021-07-01,0.0007614253646986314,0.02051942734507486,20519.427345074862,-0.0007614253646986314,False,0.0,0.0,0.0
2021-07-02,0.006124264072698615,0.02051942734507486,20519.427345074862,-0.006124264072698615,False,0.0,0.0,0.0
2021-07-06,0.0003316942066927011,0.02051942734507486,20519.427345074862,-0.0003316942066927011,False,0.0,0.0,0.0
2021-07-07,0.0034390207543025355,0.02051942734507486,20519.427345074862,-0.0034390207543025355,False,0.0,0.0,0.0
2021-07-08,-0.006350924894675015,0.02051942734507486,20519.427345074862,0.006350924894675015,False,0.0,0.0,0.0
2021-07-09,0.004692674132049347,0.02051942734507486,20519.427345074862,-0.004692674132049347,False,0.0,0.0,0.0
2021-07-12,0.0011767963907725056,0.02051942734507486,20519.427345074862,-0.0011767963907725056,False,0.0,0.0,0.0
2021-07-13,-0.001765645258315285,0.02051942734507486,20519.427345074862,0.001765645258315285,False,0.0,0.0,0.0
2021-07-14,0.005937954159726423,0.02051942734507486,20519.427345074862,-0.005937954159726423,False,0.0,0.0,0.0
2021-07-15,0.0006358229029667982,0.02051942734507486,20519.427345074862,-0.0006358229029667982,False,0.0,0.0,0.0
2021-07-16,-0.007061628378822294,0.02051942734507486,20519.427345074862,0.007061628378822294,False,0.0,0.0,0.0
2021-07-19,-0.003329331215687525,0.02051942734507486,20519.427345074862,0.003329331215687525,False,0.0,0.0,0.0
2021-07-20,0.0036473079955820385,0.02051942734507486,20519.427345074862,-0.0036473079955820385,False,0.0,0.0,0.0
2021-07-21,0.0011725630850875303,0.02051942734507486,20519.427345074862,-0.0011725630850875303,False,0.0,0.0,0.0
2021-07-22,0.004398445914722249,0.02051942734507486,20519.427345074862,-0.004398445914722249,False,0.0,0.0,0.0
2021-07-23,-0.000535912950887507,0.02051942734507486,20519.427345074862,0.000535912950887507,False,0.0,0.0,0.0
2021-07-26,-0.004227461295777624,0.02051942734507486,20519.427345074862,0.004227461295777624,False,0.0,0.0,0.0
2021-07-27,-0.004685946822333964,0.02051942734507486,20519.427345074862,0.004685946822333964,False,0.0,0.0,0.0
2021-07-28,0.007137924674436481,0.02051942734507486,20519.427345074862,-0.007137924674436481,False,0.0,0.0,0.0
2021-07-29,0.0032997418722616302,0.02051942734507486,20519.427345074862,-0.0032997418722616302,False,0.0,0.0,0.0
2021-07-30,-0.00456958209495244,0.02051942734507486,20519.427345074862,0.00456958209495244,False,0.0,0.0,0.0
2021-08-02,0.0025674109749151295,0.02051942734507486,20519.427345074862,-0.0025674109749151295,False,0.0,0.0,0.0
2021-08-03,0.0036507511937057925,0.02051942734507486,20519.427345074862,-0.0036507511937057925,False,0.0,0.0,0.0
2021-08-04,0.0007983001075667407,0.02051942734507486,20519.427345074862,-0.0007983001075667407,False,0.0,0.0,0.0
2021-08-05,0.00042031397811035374,0.02051942734507486,20519.427345074862,-0.00042031397811035374,False,0.0,0.0,0.0
2021-08-06,-0.010564400048185641,0.02051942734507486,20519.427345074862,0.010564400048185641,False,0.0,0.0,0.0
2021-08-09,-0.003403007456833929,0.02051942734507486,20519.427345074862,0.003403007456833929,False,0.0,0.0,0.0
2021-08-10,-0.0013694791154382103,0.02048983775534958,20489.837755349577,0.0013694791154382103,False,0.0,0.0,0.0
2021-08-11,0.003324297281600686,0.02048983775534958,20489.837755349577,-0.003324297281600686,False,0.0,0.0,0.0
2021-08-12,-0.0007170770846160355,0.02048983775534958,20489.837755349577,0.0007170770846160355,False,0.0,0.0,0.0
2021-08-13,0.006588911802380993,0.02048983775534958,20489.837755349577,-0.006588911802380993,False,0.0,0.0,0.0
2021-08-16,0.0002229274890202637,0.02048983775534958,20489.837755349577,-0.0002229274890202637,False,0.0,0.0,0.0
2021-08-17,-0.007119797385031391,0.02048983775534958,20489.837755349577,0.007119797385031391,False,0.0,0.0,0.0
2021-08-18,-0.002968350763073935,0.02048983775534958,20489.837755349577,0.002968350763073935,False,0.0,0.0,0.0
2021-08-19,-0.0012501759497499652,0.02048983775534958,20489.837755349577,0.0012501759497499652,False,0.0,0.0,0.0
2021-08-20,0.003742536403041474,0.02048983775534958,20489.837755349577,-0.003742536403041474,False,0.0,0.0,0.0
2021-08-23,0.010083615106093527,0.02048983775534958,20489.837755349577,-0.010083615106093527,False,0.0,0.0,0.0
2021-08-24,0.0038154430763140293,0.02048983775534958,20489.837755349577,-0.0038154430763140293,False,0.0,0.0,0.0
2021-08-25,-0.002165808096800781,0.02048983775534958,20489.837755349577,0.002165808096800781,False,0.0,0.0,0.0
2021-08-26,-0.0035746389224065927,0.02048983775534958,20489.837755349577,0.0035746389224065927,False,0.0,0.0,0.0
2021-08-27,0.010571411888817873,0.02048983775534958,20489.837755349577,-0.010571411888817873,False,0.0,0.0,0.0
2021-08-30,0.0030850253334332666,0.02048983775534958,20489.837755349577,-0.0030850253334332666,False,0.0,0.0,0.0
2021-08-31,0.0013275021918899288,0.02048983775534958,20489.837755349577,-0.0013275021918899288,False,0.0,0.0,0.0
2021-09-01,0.0033415666524657,0.02048983775534958,20489.837755349577,-0.0033415666524657,False,0.0,0.0,0.0
2021-09-02,-4.08322795574233e-05,0.018484125926675345,18484.125926675344,4.08322795574233e-05,False,0.0,0.0,0.0
2021-09-03,0.0019462833550339955,0.018484125926675345,18484.125926675344,-0.0019462833550339955,False,0.0,0.0,0.0
2021-09-07,-0.0048687444134025044,0.018484125926675345,18484.125926675344,0.0048687444134025044,False,0.0,0.0,0.0
2021-09-08,-0.0029992510608695573,0.018484125926675345,18484.125926675344,0.0029992510608695573,False,0.0,0.0,0.0
2021-09-09,0.0013807274055684937,0.018484125926675345,18484.125926675344,-0.0013807274055684937,False,0.0,0.0,0.0
2021-09-10,-0.006098133057524069,0.018484125926675345,18484.125926675344,0.006098133057524069,False,0.0,0.0,0.0
2021-09-13,0.0027901618954543355,0.018484125926675345,18484.125926675344,-0.0027901618954543355,False,0.0,0.0,0.0
2021-09-14,0.0003924241406155772,0.018484125926675345,18484.125926675344,-0.0003924241406155772,False,0.0,0.0,0.0
2021-09-15,0.0012448055064502082,0.018484125926675345,18484.125926675344,-0.0012448055064502082,False,0.0,0.0,0.0
2021-09-16,-0.007885759341800825,0.018484125926675345,18484.125926675344,0.007885759341800825,False,0.0,0.0,0.0
2021-09-17,-0.006447256353502318,0.018484125926675345,18484.125926675344,0.006447256353502318,False,0.0,0.0,0.0
2021-09-20,-0.008930961953693696,0.018484125926675345,18484.125926675344,0.008930961953693696,False,0.0,0.0,0.0
2021-09-21,0.002699121928253656,0.018484125926675345,18484.125926675344,-0.002699121928253656,False,0.0,0.0,0.0
2021-09-22,0.006767043561895303,0.01792973416125606,17929.73416125606,-0.006767043561895303,False,0.0,0.0,0.0
2021-09-23,-0.0009843722925835909,0.01792973416125606,17929.73416125606,0.0009843722925835909,False,0.0,0.0,0.0
2021-09-24,-0.004068460161232412,0.01792973416125606,17929.73416125606,0.004068460161232412,False,0.0,0.0,0.0
2021-09-27,-0.001187649279069869,0.01792973416125606,17929.73416125606,0.001187649279069869,False,0.0,0.0,0.0
2021-09-28,-0.017331160394928637,0.01792973416125606,17929.73416125606,0.017331160394928637,False,0.0,0.0,0.0
2021-09-29,-0.0024084775116975264,0.018202913487554945,18202.913487554946,0.0024084775116975264,False,0.0,0.0,0.0
2021-09-30,0.001989011985471678,0.018202913487554945,18202.913487554946,-0.001989011985471678,False,0.0,0.0,0.0
2021-10-01,0.005552350417544716,0.018202913487554945,18202.913487554946,-0.005552350417544716,False,0.0,0.0,0.0
2021-10-04,-0.00929105237193948,0.018202913487554945,18202.913487554946,0.00929105237193948,False,0.0,0.0,0.0
2021-10-05,0.0033296034181056204,0.018202913487554945,18202.913487554946,-0.0033296034181056204,False,0.0,0.0,0.0
2021-10-06,0.0026546067122323216,0.018202913487554945,18202.913487554946,-0.0026546067122323216,False,0.0,0.0,0.0
2021-10-07,0.004324798693684762,0.018202913487554945,18202.913487554946,-0.004324798693684762,False,0.0,0.0,0.0
2021-10-08,-0.0019260604670236605,0.018202913487554945,18202.913487554946,0.0019260604670236605,False,0.0,0.0,0.0
2021-10-11,-0.00426044326386883,0.018202913487554945,18202.913487554946,0.00426044326386883,False,0.0,0.0,0.0
2021-10-12,0.0021077960498692818,0.018202913487554945,18202.913487554946,-0.0021077960498692818,False,0.0,0.0,0.0
2021-10-13,0.010599687208519405,0.018202913487554945,18202.913487554946,-0.010599687208519405,False,0.0,0.0,0.0
2021-10-14,0.008905279651651865,0.018202913487554945,18202.913487554946,-0.008905279651651865,False,0.0,0.0,0.0
2021-10-15,0.0008556412981212125,0.018202913487554945,18202.913487554946,-0.0008556412981212125,False,0.0,0.0,0.0
2021-10-18,0.002544362807763445,0.018202913487554945,18202.913487554946,-0.002544362807763445,False,0.0,0.0,0.0
2021-10-19,0.0036039264386428685,0.018202913487554945,18202.913487554946,-0.0036039264386428685,False,0.0,0.0,0.0
2021-10-20,0.0008890807932516734,0.018202913487554945,18202.913487554946,-0.0008890807932516734,False,0.0,0.0,0.0
2021-10-21,2.980079656476074e-05,0.018202913487554945,18202.913487554946,-2.980079656476074e-05,False,0.0,0.0,0.0
2021-10-22,0.0011162660727272124,0.018202913487554945,18202.913487554946,-0.0011162660727272124,False,0.0,0.0,0.0
2021-10-25,0.005235450076052884,0.018202913487554945,18202.913487554946,-0.005235450076052884,False,0.0,0.0,0.0
2021-10-26,-4.855369621648013e-05,0.018202913487554945,18202.913487554946,4.855369621648013e-05,False,0.0,0.0,0.0
2021-10-27,0.0021276066982893085,0.01705798106862975,17057.98106862975,-0.0021276066982893085,False,0.0,0.0,0.0
2021-10-28,0.0036200919385626527,0.01705798106862975,17057.98106862975,-0.0036200919385626527,False,0.0,0.0,0.0
2021-10-29,-0.0026037609613680512,0.01705798106862975,17057.98106862975,0.0026037609613680512,False,0.0,0.0,0.0
2021-11-01,0.0022030329388935677,0.01705798106862975,17057.98106862975,-0.0022030329388935677,False,0.0,0.0,0.0
2021-11-02,0.0003100354829845389,0.01705798106862975,17057.98106862975,-0.0003100354829845389,False,0.0,0.0,0.0
2021-11-03,0.0005580971555678272,0.01705798106862975,17057.98106862975,-0.0005580971555678272,False,0.0,0.0,0.0
2021-11-04,0.007406944207279099,0.01705798106862975,17057.98106862975,-0.007406944207279099,False,0.0,0.0,0.0
2021-11-05,0.006253080152454648,0.01705798106862975,17057.98106862975,-0.006253080152454648,False,0.0,0.0,0.0
2021-11-08,0.0020891160351013574,0.01705798106862975,17057.98106862975,-0.0020891160351013574,False,0.0,0.0,0.0
2021-11-09,0.0007732075640606961,0.01705798106862975,17057.98106862975,-0.0007732075640606961,False,0.0,0.0,0.0
2021-11-10,-0.006853676182752011,0.01705798106862975,17057.98106862975,0.006853676182752011,False,0.0,0.0,0.0
2021-11-11,0.00489506305338292,0.01705798106862975,17057.98106862975,-0.00489506305338292,False,0.0,0.0,0.0
2021-11-12,0.0036543156459823757,0.01705798106862975,17057.98106862975,-0.0036543156459823757,False,0.0,0.0,0.0
2021-11-15,-0.0034518467026192217,0.01705798106862975,17057.98106862975,0.0034518467026192217,False,0.0,0.0,0.0
2021-11-16,0.0005304484051833703,0.01705798106862975,17057.98106862975,-0.0005304484051833703,False,0.0,0.0,0.0
2021-11-17,0.0019918500126056005,0.01705798106862975,17057.98106862975,-0.0019918500126056005,False,0.0,0.0,0.0
2021-11-18,0.00042124988216982775,0.01705798106862975,17057.98106862975,-0.00042124988216982775,False,0.0,0.0,0.0
2021-11-19,0.001026044669495385,0.01705798106862975,17057.98106862975,-0.001026044669495385,False,0.0,0.0,0.0
2021-11-22,-0.011324900038439225,0.01705798106862975,17057.98106862975,0.011324900038439225,False,0.0,0.0,0.0
2021-11-23,-0.005466828830939941,0.01705798106862975,17057.98106862975,0.005466828830939941,False,0.0,0.0,0.0
2021-11-24,0.003920437016615197,0.01705798106862975,17057.98106862975,-0.003920437016615197,False,0.0,0.0,0.0
2021-11-26,-0.010229268041428942,0.01705798106862975,17057.98106862975,0.010229268041428942,False,0.0,0.0,0.0
2021-11-29,0.005690743483185767,0.01705798106862975,17057.98106862975,-0.005690743483185767,False,0.0,0.0,0.0
2021-11-30,-0.005337295083431194,0.01705798106862975,17057.98106862975,0.005337295083431194,False,0.0,0.0,0.0
2021-12-01,-0.002855628566441859,0.01705798106862975,17057.98106862975,0.002855628566441859,False,0.0,0.0,0.0
2021-12-02,0.006094915386007216,0.01705798106862975,17057.98106862975,-0.006094915386007216,False,0.0,0.0,0.0
2021-12-03,-0.00397077096914571,0.01705798106862975,17057.98106862975,0.00397077096914571,False,0.0,0.0,0.0
2021-12-06,0.0022857864884240136,0.01705798106862975,17057.98106862975,-0.0022857864884240136,False,0.0,0.0,0.0
2021-12-07,0.012417931620704413,0.01705798106862975,17057.98106862975,-0.012417931620704413,False,0.0,0.0,0.0
2021-12-08,-0.0011258446134674526,0.01705798106862975,17057.98106862975,0.0011258446134674526,False,0.0,0.0,0.0
2021-12-09,-0.005351450006938508,0.01705798106862975,17057.98106862975,0.005351450006938508,False,0.0,0.0,0.0
2021-12-10,0.004578095374577851,0.01705798106862975,17057.98106862975,-0.004578095374577851,False,0.0,0.0,0.0
2021-12-13,-0.004372707771393802,0.01705798106862975,17057.98106862975,0.004372707771393802,False,0.0,0.0,0.0
2021-12-14,-0.006243737554756046,0.01705798106862975,17057.98106862975,0.006243737554756046,False,0.0,0.0,0.0
2021-12-15,0.006041023779900412,0.01705798106862975,17057.98106862975,-0.006041023779900412,False,0.0,0.0,0.0
2021-12-16,-0.004161304641995534,0.01705798106862975,17057.98106862975,0.004161304641995534,False,0.0,0.0,0.0
2021-12-17,-0.002279892702647124,0.01705798106862975,17057.98106862975,0.002279892702647124,False,0.0,0.0,0.0
2021-12-20,-0.009401498111877094,0.01705798106862975,17057.98106862975,0.009401498111877094,False,0.0,0.0,0.0
2021-12-21,0.010555302556129931,0.01705798106862975,17057.98106862975,-0.010555302556129931,False,0.0,0.0,0.0
2021-12-22,0.008194520876850043,0.01705798106862975,17057.98106862975,-0.008194520876850043,False,0.0,0.0,0.0
2021-12-23,0.002499153031865342,0.01705798106862975,17057.98106862975,-0.002499153031865342,False,0.0,0.0,0.0
2021-12-27,0.007997038259545165,0.01705798106862975,17057.98106862975,-0.007997038259545165,False,0.0,0.0,0.0
2021-12-28,-0.003398794006014838,0.01705798106862975,17057.98106862975,0.003398794006014838,False,0.0,0.0,0.0
2021-12-29,-0.002920211433138409,0.01705798106862975,17057.98106862975,0.002920211433138409,False,0.0,0.0,0.0
2021-12-30,0.004253263776208782,0.01705798106862975,17057.98106862975,-0.004253263776208782,False,0.0,0.0,0.0
2021-12-31,-0.0009723853200912959,0.01705798106862975,17057.98106862975,0.0009723853200912959,False,0.0,0.0,0.0
2022-01-03,-0.003810351814762214,0.01705798106862975,17057.98106862975,0.003810351814762214,False,0.0,0.0,0.0
2022-01-04,-0.002710454526899131,0.01705798106862975,17057.98106862975,0.002710454526899131,False,0.0,0.0,0.0
2022-01-05,-0.014935001902750544,0.01705798106862975,17057.98106862975,0.014935001902750544,False,0.0,0.0,0.0
2022-01-06,-0.0013471452609751468,0.01705798106862975,17057.98106862975,0.0013471452609751468,False,0.0,0.0,0.0
2022-01-07,-0.0016684155519550272,0.01705798106862975,17057.98106862975,0.0016684155519550272,False,0.0,0.0,0.0
2022-01-10,0.0009828084365664847,0.01705798106862975,17057.98106862975,-0.0009828084365664847,False,0.0,0.0,0.0
2022-01-11,0.013193992560799783,0.01705798106862975,17057.98106862975,-0.013193992560799783,False,0.0,0.0,0.0
2022-01-12,0.004414716906378758,0.01705798106862975,17057.98106862975,-0.004414716906378758,False,0.0,0.0,0.0
2022-01-13,-0.009494096362971938,0.01705798106862975,17057.98106862975,0.009494096362971938,False,0.0,0.0,0.0
2022-01-14,-0.002351289169142379,0.01705798106862975,17057.98106862975,0.002351289169142379,False,0.0,0.0,0.0
2022-01-18,-0.01521787652207438,0.01705798106862975,17057.98106862975,0.01521787652207438,False,0.0,0.0,0.0
2022-01-19,0.001140589793711588,0.01705798106862975,17057.98106862975,-0.001140589793711588,False,0.0,0.0,0.0
2022-01-20,-0.0029042725694160775,0.01705798106862975,17057.98106862975,0.0029042725694160775,False,0.0,0.0,0.0
2022-01-21,-0.010639159007998967,0.01705798106862975,17057.98106862975,0.010639159007998967,False,0.0,0.0,0.0
2022-01-24,-0.0015956772690565836,0.01705798106862975,17057.98106862975,0.0015956772690565836,False,0.0,0.0,0.0
2022-01-25,-0.007134139673948492,0.01662911013867812,16629.11013867812,0.007134139673948492,False,0.0,0.0,0.0
2022-01-26,-0.008996878226794715,0.01662911013867812,16629.11013867812,0.008996878226794715,False,0.0,0.0,0.0
2022-01-27,-0.004219164585266544,0.01662911013867812,16629.11013867812,0.004219164585266544,False,0.0,0.0,0.0
2022-01-28,0.011691544273565958,0.01662911013867812,16629.11013867812,-0.011691544273565958,False,0.0,0.0,0.0
2022-01-31,0.016704035971448032,0.01662911013867812,16629.11013867812,-0.016704035971448032,False,0.0,0.0,0.0
2022-02-01,0.0034432920108050658,0.01662911013867812,16629.11013867812,-0.0034432920108050658,False,0.0,0.0,0.0
2022-02-02,0.004644828856522221,0.01662911013867812,16629.11013867812,-0.004644828856522221,False,0.0,0.0,0.0
2022-02-03,-0.016775033226556137,0.01662911013867812,16629.11013867812,0.016775033226556137,True,0.004,1.0,0.00014592308787801656
2022-02-04,0.0013178140964130948,0.017058658082426112,17058.65808242611,-0.0013178140964130948,False,0.004,1.0,0.0
2022-02-07,-0.0010516407824044506,0.017058658082426112,17058.65808242611,0.0010516407824044506,False,0.004,1.0,0.0
2022-02-08,0.00510242372069818,0.017058658082426112,17058.65808242611,-0.00510242372069818,False,0.004,1.0,0.0
2022-02-09,0.01136249888742107,0.017058658082426112,17058.65808242611,-0.01136249888742107,False,0.004,1.0,0.0
2022-02-10,-0.01338271940694793,0.017058658082426112,17058.65808242611,0.01338271940694793,False,0.004,1.0,0.0
2022-02-11,-0.006543670738432517,0.017058658082426112,17058.65808242611,0.006543670738432517,False,0.004,1.0,0.0
2022-02-14,-0.003219803950698852,0.017058658082426112,17058.65808242611,0.003219803950698852,False,0.004,1.0,0.0
2022-02-15,0.008368195397019076,0.017058658082426112,17058.65808242611,-0.008368195397019076,False,0.004,1.0,0.0
2022-02-16,0.004872476055345132,0.017058658082426112,17058.65808242611,-0.004872476055345132,False,0.004,1.0,0.0
2022-02-17,-0.008329630611200334,0.017058658082426112,17058.65808242611,0.008329630611200334,False,0.004,1.0,0.0
2022-02-18,-0.003608764847514201,0.017058658082426112,17058.65808242611,0.003608764847514201,False,0.004,1.0,0.0
2022-02-22,-0.006048821399978998,0.017058658082426112,17058.65808242611,0.006048821399978998,False,0.004,1.0,0.0
2022-02-23,-0.012857593674186997,0.016345485282808145,16345.485282808146,0.012857593674186997,False,0.004,1.0,0.0
2022-02-24,0.004443405350110874,0.016345485282808145,16345.485282808146,-0.004443405350110874,False,0.004,1.0,0.0
2022-02-25,0.010694020217677536,0.016345485282808145,16345.485282808146,-0.010694020217677536,False,0.004,1.0,0.0
2022-02-28,0.003921974146151497,0.016345485282808145,16345.485282808146,-0.003921974146151497,False,0.004,1.0,0.0
2022-03-01,-0.0028166761851803556,0.016345485282808145,16345.485282808146,0.0028166761851803556,False,0.004,1.0,0.0
2022-03-02,-0.0015356149253534345,0.016345485282808145,16345.485282808146,0.0015356149253534345,False,0.004,1.0,0.0
2022-03-03,-0.0034393614959854044,0.016345485282808145,16345.485282808146,0.0034393614959854044,False,0.004,1.0,0.0
2022-03-04,-0.001925095309565994,0.016345485282808145,16345.485282808146,0.001925095309565994,False,0.004,1.0,0.0
2022-03-07,-0.019310974896339816,0.016345485282808145,16345.485282808146,0.019310974896339816,True,0.008,2.0,0.0029654896135316716
2022-03-08,0.0016658375275493632,0.017058658082426112,17058.65808242611,-0.0016658375275493632,False,0.008,2.0,0.0
2022-03-09,0.01032226303912307,0.017058658082426112,17058.65808242611,-0.01032226303912307,False,0.008,2.0,0.0
2022-03-10,-0.009119620171434263,0.017058658082426112,17058.65808242611,0.009119620171434263,False,0.008,2.0,0.0
2022-03-11,-0.011612685393561329,0.017058658082426112,17058.65808242611,0.011612685393561329,False,0.008,2.0,0.0
2022-03-14,-0.01782612568591486,0.017058658082426112,17058.65808242611,0.01782612568591486,True,0.012,3.0,0.0007674676034887494
2022-03-15,0.006869988013316531,0.01758359269333161,17583.592693331608,-0.006869988013316531,False,0.012,3.0,0.0
2022-03-16,0.03117174509089251,0.01758359269333161,17583.592693331608,-0.03117174509089251,False,0.012,3.0,0.0
2022-03-17,0.003387034073172246,0.01758359269333161,17583.592693331608,-0.003387034073172246,False,0.012,3.0,0.0
2022-03-18,0.00983094737550676,0.01758359269333161,17583.592693331608,-0.00983094737550676,False,0.012,3.0,0.0
2022-03-21,-0.006804042390761267,0.01758359269333161,17583.592693331608,0.006804042390761267,False,0.012,3.0,0.0
2022-03-22,0.0058857732955148075,0.01758359269333161,17583.592693331608,-0.0058857732955148075,False,0.012,3.0,0.0
2022-03-23,0.00034531591084594496,0.01758359269333161,17583.592693331608,-0.00034531591084594496,False,0.012,3.0,0.0
2022-03-24,0.00840838970993385,0.01758359269333161,17583.592693331608,-0.00840838970993385,False,0.012,3.0,0.0
2022-03-25,-0.00436935691922622,0.01758359269333161,17583.592693331608,0.00436935691922622,False,0.012,3.0,0.0
2022-03-28,0.0032521941741812557,0.01758359269333161,17583.592693331608,-0.0032521941741812557,False,0.012,3.0,0.0
2022-03-29,0.010923058011013254,0.01758359269333161,17583.592693331608,-0.010923058011013254,False,0.012,3.0,0.0
2022-03-30,-0.0008415176152105408,0.01758359269333161,17583.592693331608,0.0008415176152105408,False,0.012,3.0,0.0
2022-03-31,-0.008004509564859031,0.01758359269333161,17583.592693331608,0.008004509564859031,False,0.012,3.0,0.0
2022-04-01,0.002996496619117339,0.01758359269333161,17583.592693331608,-0.002996496619117339,False,0.012,3.0,0.0
2022-04-04,0.008939875975524925,0.01758359269333161,17583.592693331608,-0.008939875975524925,False,0.012,3.0,0.0
2022-04-05,-0.016420829113842683,0.01758359269333161,17583.592693331608,0.016420829113842683,False,0.012,3.0,0.0
2022-04-06,-0.010109552693392887,0.01758359269333161,17583.592693331608,0.010109552693392887,False,0.012,3.0,0.0
2022-04-07,-0.0008572784756324614,0.01758359269333161,17583.592693331608,0.0008572784756324614,False,0.012,3.0,0.0
2022-04-08,-0.004065393906187542,0.01758359269333161,17583.592693331608,0.004065393906187542,False,0.012,3.0,0.0
2022-04-11,-0.012815776681298874,0.01758359269333161,17583.592693331608,0.012815776681298874,False,0.012,3.0,0.0
2022-04-12,-0.0009576512786396485,0.01758359269333161,17583.592693331608,0.0009576512786396485,False,0.012,3.0,0.0
2022-04-13,0.010342993048924142,0.01758359269333161,17583.592693331608,-0.010342993048924142,False,0.012,3.0,0.0
2022-04-14,-0.014322236165856062,0.01758359269333161,17583.592693331608,0.014322236165856062,False,0.012,3.0,0.0
2022-04-18,-0.0008166774519639874,0.01758359269333161,17583.592693331608,0.0008166774519639874,False,0.012,3.0,0.0
2022-04-19,0.0021798429497303035,0.01758359269333161,17583.592693331608,-0.0021798429497303035,False,0.012,3.0,0.0
2022-04-20,0.0007531697385821934,0.01758359269333161,17583.592693331608,-0.0007531697385821934,False,0.012,3.0,0.0
2022-04-21,-0.013173252386647506,0.01758359269333161,17583.592693331608,0.013173252386647506,False,0.012,3.0,0.0
2022-04-22,-0.015705612591435505,0.01758359269333161,17583.592693331608,0.015705612591435505,False,0.012,3.0,0.0
2022-04-25,0.0006717818941358142,0.01758359269333161,17583.592693331608,-0.0006717818941358142,False,0.012,3.0,0.0
2022-04-26,-0.015396424129730569,0.01758359269333161,17583.592693331608,0.015396424129730569,False,0.012,3.0,0.0
2022-04-27,-0.001420935236227239,0.01758359269333161,17583.592693331608,0.001420935236227239,False,0.012,3.0,0.0
2022-04-28,0.016415196157233677,0.01758359269333161,17583.592693331608,-0.016415196157233677,False,0.012,3.0,0.0
2022-04-29,-0.01829778755773699,0.01758359269333161,17583.592693331608,0.01829778755773699,True,0.016,4.0,0.0007141948644053819
2022-05-02,-0.0029148730026891554,0.018066673240544145,18066.673240544147,0.0029148730026891554,False,0.016,4.0,0.0
2022-05-03,0.004473618051440287,0.018066673240544145,18066.673240544147,-0.004473618051440287,False,0.016,4.0,0.0
2022-05-04,0.018077532964747345,0.018066673240544145,18066.673240544147,-0.018077532964747345,False,0.016,4.0,0.0
2022-05-05,-0.03080318652216927,0.018066673240544145,18066.673240544147,0.03080318652216927,True,0.02,5.0,0.012736513281625124
2022-05-06,-0.008952779942888744,0.01867656079733104,18676.56079733104,0.008952779942888744,False,0.02,5.0,0.0
2022-05-09,-0.021131253548192588,0.01867656079733104,18676.56079733104,0.021131253548192588,True,0.024,6.0,0.002454692750861548
2022-05-10,0.003972688526211954,0.01881451310042443,18814.513100424432,-0.003972688526211954,False,0.024,6.0,0.0
2022-05-11,-0.005023053933261523,0.01881451310042443,18814.513100424432,0.005023053933261523,False,0.024,6.0,0.0
2022-05-12,-0.005432585330748197,0.01881451310042443,18814.513100424432,0.005432585330748197,False,0.024,6.0,0.0
2022-05-13,0.013148401505710727,0.01881451310042443,18814.513100424432,-0.013148401505710727,False,0.024,6.0,0.0
2022-05-16,-0.0022193572366973947,0.01881451310042443,18814.513100424432,0.0022193572366973947,False,0.024,6.0,0.0
2022-05-17,0.010531232899564237,0.01881451310042443,18814.513100424432,-0.010531232899564237,False,0.024,6.0,0.0
2022-05-18,-0.018302436570460334,0.01881451310042443,18814.513100424432,0.018302436570460334,False,0.024,6.0,0.0
2022-05-19,0.004295680209268871,0.01881679111665887,18816.79111665887,-0.004295680209268871,False,0.024,6.0,0.0
2022-05-20,0.0027051843127951173,0.01881679111665887,18816.79111665887,-0.0027051843127951173,False,0.024,6.0,0.0
2022-05-23,0.006213812150775033,0.01881679111665887,18816.79111665887,-0.006213812150775033,False,0.024,6.0,0.0
2022-05-24,-0.0038024118638136485,0.01881679111665887,18816.79111665887,0.0038024118638136485,False,0.024,6.0,0.0
2022-05-25,0.005132947758916551,0.01881679111665887,18816.79111665887,-0.005132947758916551,False,0.024,6.0,0.0
2022-05-26,0.011390231573097421,0.01881679111665887,18816.79111665887,-0.011390231573097421,False,0.024,6.0,0.0
2022-05-27,0.01433950366870902,0.01881679111665887,18816.79111665887,-0.01433950366870902,False,0.024,6.0,0.0
2022-05-31,-0.005057693702583,0.01881679111665887,18816.79111665887,0.005057693702583,False,0.024,6.0,0.0
2022-06-01,-0.003458783054380477,0.01881679111665887,18816.79111665887,0.003458783054380477,False,0.024,6.0,0.0
2022-06-02,0.015299144882297756,0.01881679111665887,18816.79111665887,-0.015299144882297756,False,0.024,6.0,0.0
2022-06-03,-0.014196999193002881,0.01881679111665887,18816.79111665887,0.014196999193002881,False,0.024,6.0,0.0
2022-06-06,-0.002208693655978977,0.01881679111665887,18816.79111665887,0.002208693655978977,False,0.024,6.0,0.0
2022-06-07,0.007717612323751189,0.01881679111665887,18816.79111665887,-0.007717612323751189,False,0.024,6.0,0.0
2022-06-08,-0.004494227878466362,0.01881679111665887,18816.79111665887,0.004494227878466362,False,0.024,6.0,0.0
2022-06-09,-0.014816697418314553,0.01881679111665887,18816.79111665887,0.014816697418314553,False,0.024,6.0,0.0
2022-06-10,-0.013623255074092544,0.01881679111665887,18816.79111665887,0.013623255074092544,False,0.024,6.0,0.0
2022-06-13,-0.03545334917852734,0.01881679111665887,18816.79111665887,0.03545334917852734,True,0.028,7.0,0.01663655806186847
2022-06-14,-0.0015914532691622353,0.020239317008784726,20239.317008784725,0.0015914532691622353,False,0.028,7.0,0.0
2022-06-15,0.01682141471253762,0.020239317008784726,20239.317008784725,-0.01682141471253762,False,0.028,7.0,0.0
2022-06-16,-0.016984059545727927,0.020239317008784726,20239.317008784725,0.016984059545727927,False,0.028,7.0,0.0
2022-06-17,0.0026221476703998992,0.020239317008784726,20239.317008784725,-0.0026221476703998992,False,0.028,7.0,0.0
2022-06-21,0.009169397931646285,0.020239317008784726,20239.317008784725,-0.009169397931646285,False,0.028,7.0,0.0
2022-06-22,0.002070453641075698,0.020239317008784726,20239.317008784725,-0.002070453641075698,False,0.028,7.0,0.0
2022-06-23,0.005962430507833516,0.020239317008784726,20239.317008784725,-0.005962430507833516,False,0.028,7.0,0.0
2022-06-24,0.01497760599168543,0.020239317008784726,20239.317008784725,-0.01497760599168543,False,0.028,7.0,0.0
2022-06-27,-0.003913518640973645,0.020239317008784726,20239.317008784725,0.003913518640973645,False,0.028,7.0,0.0
2022-06-28,-0.010806038775153804,0.020239317008784726,20239.317008784725,0.010806038775153804,False,0.028,7.0,0.0
2022-06-29,0.0021978339433682105,0.020239317008784726,20239.317008784725,-0.0021978339433682105,False,0.028,7.0,0.0
2022-06-30,-0.004507719472910487,0.020239317008784726,20239.317008784725,0.004507719472910487,False,0.028,7.0,0.0
2022-07-01,0.004075707365861647,0.020239317008784726,20239.317008784725,-0.004075707365861647,False,0.028,7.0,0.0
2022-07-05,-0.00042473966200111705,0.020239317008784726,20239.317008784725,0.00042473966200111705,False,0.028,7.0,0.0
2022-07-06,-0.005782701640752341,0.020239317008784726,20239.317008784725,0.005782701640752341,False,0.028,7.0,0.0
2022-07-07,0.009646480731565422,0.020239317008784726,20239.317008784725,-0.009646480731565422,False,0.028,7.0,0.0
2022-07-08,-0.0020424696052289805,0.020239317008784726,20239.317008784725,0.0020424696052289805,False,0.028,7.0,0.0
2022-07-11,-0.009518796200013791,0.020239317008784726,20239.317008784725,0.009518796200013791,False,0.028,7.0,0.0
2022-07-12,-0.004031113378353469,0.020239317008784726,20239.317008784725,0.004031113378353469,False,0.028,7.0,0.0
2022-07-13,0.0013251630610075838,0.020239317008784726,20239.317008784725,-0.0013251630610075838,False,0.028,7.0,0.0
2022-07-14,-0.0060176641431398895,0.020239317008784726,20239.317008784725,0.0060176641431398895,False,0.028,7.0,0.0
2022-07-15,0.009213605873166131,0.020239317008784726,20239.317008784725,-0.009213605873166131,False,0.028,7.0,0.0
2022-07-18,-0.0038410391857725216,0.020239317008784726,20239.317008784725,0.0038410391857725216,False,0.028,7.0,0.0
2022-07-19,0.014243517198596246,0.020239317008784726,20239.317008784725,-0.014243517198596246,False,0.028,7.0,0.0
2022-07-20,0.0022305123888566314,0.020239317008784726,20239.317008784725,-0.0022305123888566314,False,0.028,7.0,0.0
2022-07-21,0.013470997881598825,0.020239317008784726,20239.317008784725,-0.013470997881598825,False,0.028,7.0,0.0
2022-07-22,-0.0035104074506782106,0.020239317008784726,20239.317008784725,0.0035104074506782106,False,0.028,7.0,0.0
2022-07-25,-0.0026904662045711845,0.020239317008784726,20239.317008784725,0.0026904662045711845,False,0.028,7.0,0.0
2022-07-26,-0.007947033130807957,0.020239317008784726,20239.317008784725,0.007947033130807957,False,0.028,7.0,0.0
2022-07-27,0.018278308555673098,0.020239317008784726,20239.317008784725,-0.018278308555673098,False,0.028,7.0,0.0
2022-07-28,0.009343723146244499,0.020239317008784726,20239.317008784725,-0.009343723146244499,False,0.028,7.0,0.0
2022-07-29,0.005635453977239391,0.020239317008784726,20239.317008784725,-0.005635453977239391,False,0.028,7.0,0.0
2022-08-01,0.0035357843393407865,0.020239317008784726,20239.317008784725,-0.0035357843393407865,False,0.028,7.0,0.0
2022-08-02,-0.008294533592343778,0.020239317008784726,20239.317008784725,0.008294533592343778,False,0.028,7.0,0.0
2022-08-03,0.013787434542136223,0.020239317008784726,20239.317008784725,-0.013787434542136223,False,0.028,7.0,0.0
2022-08-04,0.005450306445694597,0.020239317008784726,20239.317008784725,-0.005450306445694597,False,0.028,7.0,0.0
2022-08-05,-0.008781851843207213,0.020239317008784726,20239.317008784725,0.008781851843207213,False,0.028,7.0,0.0
2022-08-08,0.004293325131243653,0.020239317008784726,20239.317008784725,-0.004293325131243653,False,0.028,7.0,0.0
2022-08-09,-0.003971375566898305,0.020239317008784726,20239.317008784725,0.003971375566898305,False,0.028,7.0,0.0
2022-08-10,0.010476819164525787,0.020239317008784726,20239.317008784725,-0.010476819164525787,False,0.028,7.0,0.0
2022-08-11,-0.005533886964799817,0.020239317008784726,20239.317008784725,0.005533886964799817,False,0.028,7.0,0.0
2022-08-12,0.013264795799811635,0.020239317008784726,20239.317008784725,-0.013264795799811635,False,0.028,7.0,0.0
2022-08-15,-0.0012317121790713424,0.020239317008784726,20239.317008784725,0.0012317121790713424,False,0.028,7.0,0.0
2022-08-16,0.00035597424682973775,0.020239317008784726,20239.317008784725,-0.00035597424682973775,False,0.028,7.0,0.0
2022-08-17,-0.007914324652884242,0.020239317008784726,20239.317008784725,0.007914324652884242,False,0.028,7.0,0.0
2022-08-18,-0.00029534641029891327,0.020239317008784726,20239.317008784725,0.00029534641029891327,False,0.028,7.0,0.0
2022-08-19,-0.013991083685368898,0.020239317008784726,20239.317008784725,0.013991083685368898,False,0.028,7.0,0.0
2022-08-22,-0.01318403480554038,0.020239317008784726,20239.317008784725,0.01318403480554038,False,0.028,7.0,0.0
2022-08-23,0.0007101447008614813,0.020239317008784726,20239.317008784725,-0.0007101447008614813,False,0.028,7.0,0.0
2022-08-24,0.0002954891383724513,0.020239317008784726,20239.317008784725,-0.0002954891383724513,False,0.028,7.0,0.0
2022-08-25,0.014086720982338362,0.020239317008784726,20239.317008784725,-0.014086720982338362,False,0.028,7.0,0.0
2022-08-26,-0.018845463091126804,0.020239317008784726,20239.317008784725,0.018845463091126804,False,0.028,7.0,0.0
2022-08-29,-0.006074173006489692,0.020239317008784726,20239.317008784725,0.006074173006489692,False,0.028,7.0,0.0
2022-08-30,-0.007958267641349192,0.020239317008784726,20239.317008784725,0.007958267641349192,False,0.028,7.0,0.0
2022-08-31,-0.005429194150353434,0.020239317008784726,20239.317008784725,0.005429194150353434,False,0.028,7.0,0.0
2022-09-01,-0.0062774891827538605,0.020239317008784726,20239.317008784725,0.0062774891827538605,False,0.028,7.0,0.0
2022-09-02,-0.003882711123824789,0.020239317008784726,20239.317008784725,0.003882711123824789,False,0.028,7.0,0.0
2022-09-06,-0.010686312033050972,0.020239317008784726,20239.317008784725,0.010686312033050972,False,0.028,7.0,0.0
2022-09-07,0.014605573861975609,0.020239317008784726,20239.317008784725,-0.014605573861975609,False,0.028,7.0,0.0
2022-09-08,-0.0019948420066644213,0.020239317008784726,20239.317008784725,0.0019948420066644213,False,0.028,7.0,0.0
2022-09-09,0.011946853452175122,0.020239317008784726,20239.317008784725,-0.011946853452175122,False,0.028,7.0,0.0
2022-09-12,0.006871302296493908,0.020239317008784726,20239.317008784725,-0.006871302296493908,False,0.028,7.0,0.0
2022-09-13,-0.027965401172951033,0.020239317008784726,20239.317008784725,0.027965401172951033,True,0.032,8.0,0.007726084164166307
2022-09-14,0.003258231531945599,0.024616668836819382,24616.668836819383,-0.003258231531945599,False,0.032,8.0,0.0
2022-09-15,-0.011593973886520392,0.024616668836819382,24616.668836819383,0.011593973886520392,False,0.032,8.0,0.0
2022-09-16,-0.005141370958954417,0.024616668836819382,24616.668836819383,0.005141370958954417,False,0.032,8.0,0.0
2022-09-19,0.004364461204301362,0.024616668836819382,24616.668836819383,-0.004364461204301362,False,0.032,8.0,0.0
2022-09-20,-0.00813309466151575,0.024616668836819382,24616.668836819383,0.00813309466151575,False,0.032,8.0,0.0
2022-09-21,-0.006132969047752491,0.024616668836819382,24616.668836819383,0.006132969047752491,False,0.032,8.0,0.0
2022-09-22,-0.010337855091646154,0.024616668836819382,24616.668836819383,0.010337855091646154,False,0.032,8.0,0.0
2022-09-23,-0.014179298524305085,0.024616668836819382,24616.668836819383,0.014179298524305085,False,0.032,8.0,0.0
2022-09-26,-0.011400678879796256,0.024616668836819382,24616.668836819383,0.011400678879796256,False,0.032,8.0,0.0
2022-09-27,-0.005511677556988115,0.024616668836819382,24616.668836819383,0.005511677556988115,False,0.032,8.0,0.0
2022-09-28,0.02051388939613279,0.024616668836819382,24616.668836819383,-0.02051388939613279,False,0.032,8.0,0.0
2022-09-29,-0.015485369187734889,0.024616668836819382,24616.668836819383,0.015485369187734889,False,0.032,8.0,0.0
2022-09-30,-0.009795897817770216,0.024616668836819382,24616.668836819383,0.009795897817770216,False,0.032,8.0,0.0
2022-10-03,0.02128061501883547,0.024616668836819382,24616.668836819383,-0.02128061501883547,False,0.032,8.0,0.0
2022-10-04,0.02133692365765476,0.024616668836819382,24616.668836819383,-0.02133692365765476,False,0.032,8.0,0.0
2022-10-05,-0.003482607024848661,0.024616668836819382,24616.668836819383,0.003482607024848661,False,0.032,8.0,0.0
2022-10-06,-0.006176004598006712,0.024616668836819382,24616.668836819383,0.006176004598006712,False,0.032,8.0,0.0
2022-10-07,-0.02150827927459491,0.024616668836819382,24616.668836819383,0.02150827927459491,False,0.032,8.0,0.0
2022-10-10,-0.012480946611245925,0.02480141144275652,24801.411442756522,0.012480946611245925,False,0.032,8.0,0.0
2022-10-11,-0.006727006684982917,0.02480141144275652,24801.411442756522,0.006727006684982917,False,0.032,8.0,0.0
2022-10-12,0.0015542316418942106,0.02480141144275652,24801.411442756522,-0.0015542316418942106,False,0.032,8.0,0.0
2022-10-13,0.007248233897972688,0.02480141144275652,24801.411442756522,-0.007248233897972688,False,0.032,8.0,0.0
2022-10-14,-0.017705630515526653,0.02480141144275652,24801.411442756522,0.017705630515526653,False,0.032,8.0,0.0
2022-10-17,0.016840499329294812,0.02480141144275652,24801.411442756522,-0.016840499329294812,False,0.032,8.0,0.0
2022-10-18,0.00488751400982026,0.02480141144275652,24801.411442756522,-0.00488751400982026,False,0.032,8.0,0.0
2022-10-19,-0.012107900421371755,0.02480141144275652,24801.411442756522,0.012107900421371755,False,0.032,8.0,0.0
2022-10-20,-0.005157881697005018,0.02480141144275652,24801.411442756522,0.005157881697005018,False,0.032,8.0,0.0
2022-10-21,0.012562079370525248,0.02480141144275652,24801.411442756522,-0.012562079370525248,False,0.032,8.0,0.0
2022-10-24,-0.005252579474432517,0.02480141144275652,24801.411442756522,0.005252579474432517,False,0.032,8.0,0.0
2022-10-25,0.015259394895258627,0.02480141144275652,24801.411442756522,-0.015259394895258627,False,0.032,8.0,0.0
2022-10-26,0.0015020209276453088,0.02480141144275652,24801.411442756522,-0.0015020209276453088,False,0.032,8.0,0.0
2022-10-27,-0.004477864530816399,0.02480141144275652,24801.411442756522,0.004477864530816399,False,0.032,8.0,0.0
2022-10-28,0.006243979694579061,0.02480141144275652,24801.411442756522,-0.006243979694579061,False,0.032,8.0,0.0
2022-10-31,-0.007411410661352202,0.02480141144275652,24801.411442756522,0.007411410661352202,False,0.032,8.0,0.0
2022-11-01,0.00467638382522757,0.02480141144275652,24801.411442756522,-0.00467638382522757,False,0.032,8.0,0.0
2022-11-02,-0.015802918162017267,0.02480141144275652,24801.411442756522,0.015802918162017267,False,0.032,8.0,0.0
2022-11-03,-0.006648563656593521,0.02480141144275652,24801.411442756522,0.006648563656593521,False,0.032,8.0,0.0
2022-11-04,0.017340119421577076,0.02480141144275652,24801.411442756522,-0.017340119421577076,False,0.032,8.0,0.0
2022-11-07,0.0014347279562353153,0.02480141144275652,24801.411442756522,-0.0014347279562353153,False,0.032,8.0,0.0
2022-11-08,0.010779084847522791,0.02480141144275652,24801.411442756522,-0.010779084847522791,False,0.032,8.0,0.0
2022-11-09,-0.01253577953070977,0.02480141144275652,24801.411442756522,0.01253577953070977,False,0.032,8.0,0.0
2022-11-10,0.046784594827276794,0.02480141144275652,24801.411442756522,-0.046784594827276794,False,0.032,8.0,0.0
2022-11-11,0.011646848838573209,0.02480141144275652,24801.411442756522,-0.011646848838573209,False,0.032,8.0,0.0
2022-11-14,-0.00470987329537167,0.02480141144275652,24801.411442756522,0.00470987329537167,False,0.032,8.0,0.0
2022-11-15,0.013000345736652453,0.02480141144275652,24801.411442756522,-0.013000345736652453,False,0.032,8.0,0.0
2022-11-16,-0.0035371215076064346,0.02480141144275652,24801.411442756522,0.0035371215076064346,False,0.032,8.0,0.0
2022-11-17,-0.004250632448205983,0.02480141144275652,24801.411442756522,0.004250632448205983,False,0.032,8.0,0.0
2022-11-18,-0.002989346394173564,0.02480141144275652,24801.411442756522,0.002989346394173564,False,0.032,8.0,0.0
2022-11-21,-0.005584034878707312,0.02480141144275652,24801.411442756522,0.005584034878707312,False,0.032,8.0,0.0
2022-11-22,0.009124423088078615,0.02480141144275652,24801.411442756522,-0.009124423088078615,False,0.032,8.0,0.0
2022-11-23,0.009649608009827794,0.02480141144275652,24801.411442756522,-0.009649608009827794,False,0.032,8.0,0.0
2022-11-25,-0.0028153351012012214,0.02480141144275652,24801.411442756522,0.0028153351012012214,False,0.032,8.0,0.0
2022-11-28,-0.008043294634008326,0.02480141144275652,24801.411442756522,0.008043294634008326,False,0.032,8.0,0.0
2022-11-29,0.001093921058968417,0.02480141144275652,24801.411442756522,-0.001093921058968417,False,0.032,8.0,0.0
2022-11-30,0.025224368857330107,0.02480141144275652,24801.411442756522,-0.025224368857330107,False,0.032,8.0,0.0
2022-12-01,0.009506442760792178,0.02480141144275652,24801.411442756522,-0.009506442760792178,False,0.032,8.0,0.0
2022-12-02,0.0015581587729525338,0.02480141144275652,24801.411442756522,-0.0015581587729525338,False,0.032,8.0,0.0
2022-12-05,-0.015463878247011722,0.02480141144275652,24801.411442756522,0.015463878247011722,False,0.032,8.0,0.0
2022-12-06,-0.004159331419998469,0.02480141144275652,24801.411442756522,0.004159331419998469,False,0.032,8.0,0.0
2022-12-07,0.004185294271849038,0.02480141144275652,24801.411442756522,-0.004185294271849038,False,0.032,8.0,0.0
2022-12-08,0.005976041442634795,0.02480141144275652,24801.411442756522,-0.005976041442634795,False,0.032,8.0,0.0
2022-12-09,-0.008587307453934013,0.02480141144275652,24801.411442756522,0.008587307453934013,False,0.032,8.0,0.0
2022-12-12,0.003766122178607279,0.02480141144275652,24801.411442756522,-0.003766122178607279,False,0.032,8.0,0.0
2022-12-13,0.010441570366479658,0.02480141144275652,24801.411442756522,-0.010441570366479658,False,0.032,8.0,0.0
2022-12-14,-0.0022901324673960445,0.02480141144275652,24801.411442756522,0.0022901324673960445,False,0.032,8.0,0.0
2022-12-15,-0.018709406229072825,0.02480141144275652,24801.411442756522,0.018709406229072825,False,0.032,8.0,0.0
2022-12-16,-0.004177143794118332,0.02480141144275652,24801.411442756522,0.004177143794118332,False,0.032,8.0,0.0
2022-12-19,-0.008272612699598848,0.02480141144275652,24801.411442756522,0.008272612699598848,False,0.032,8.0,0.0
2022-12-20,-0.0001674855264528704,0.02480141144275652,24801.411442756522,0.0001674855264528704,False,0.032,8.0,0.0
2022-12-21,0.007859819289544401,0.02480141144275652,24801.411442756522,-0.007859819289544401,False,0.032,8.0,0.0
2022-12-22,-0.011982503273453694,0.02480141144275652,24801.411442756522,0.011982503273453694,False,0.032,8.0,0.0
2022-12-23,-0.0009962463316232962,0.02480141144275652,24801.411442756522,0.0009962463316232962,False,0.032,8.0,0.0
2022-12-27,-0.0029219571094186267,0.02480141144275652,24801.411442756522,0.0029219571094186267,False,0.032,8.0,0.0
2022-12-28,-0.010125482661955764,0.02480141144275652,24801.411442756522,0.010125482661955764,False,0.032,8.0,0.0
2022-12-29,0.015198275462004007,0.02480141144275652,24801.411442756522,-0.015198275462004007,False,0.032,8.0,0.0
2022-12-30,-0.004694225941383224,0.02480141144275652,24801.411442756522,0.004694225941383224,False,0.032,8.0,0.0
2023-01-03,0.00498561487029967,0.02480141144275652,24801.411442756522,-0.00498561487029967,False,0.032,8.0,0.0
2023-01-04,0.013137043723996378,0.02480141144275652,24801.411442756522,-0.013137043723996378,False,0.032,8.0,0.0
2023-01-05,-0.0076774122564939,0.02480141144275652,24801.411442756522,0.0076774122564939,False,0.032,8.0,0.0
2023-01-06,0.02170604695082985,0.02480141144275652,24801.411442756522,-0.02170604695082985,False,0.032,8.0,0.0
2023-01-09,0.004192417331769116,0.02480141144275652,24801.411442756522,-0.004192417331769116,False,0.032,8.0,0.0
2023-01-10,0.001957455637545014,0.02480141144275652,24801.411442756522,-0.001957455637545014,False,0.032,8.0,0.0
2023-01-11,0.009938745087160883,0.02480141144275652,24801.411442756522,-0.009938745087160883,False,0.032,8.0,0.0
2023-01-12,0.009038696931742241,0.02480141144275652,24801.411442756522,-0.009038696931742241,False,0.032,8.0,0.0
2023-01-13,0.003993913327176025,0.02480141144275652,24801.411442756522,-0.003993913327176025,False,0.032,8.0,0.0
2023-01-17,-0.003676187960293409,0.02480141144275652,24801.411442756522,0.003676187960293409,False,0.032,8.0,0.0
2023-01-18,-0.0028490727894996404,0.02480141144275652,24801.411442756522,0.0028490727894996404,False,0.032,8.0,0.0
2023-01-19,2.0917225458671958e-05,0.02480141144275652,24801.411442756522,-2.0917225458671958e-05,False,0.032,8.0,0.0
2023-01-20,0.008355447578111885,0.02480141144275652,24801.411442756522,-0.008355447578111885,False,0.032,8.0,0.0
2023-01-23,0.007718435554671111,0.02480141144275652,24801.411442756522,-0.007718435554671111,False,0.032,8.0,0.0
2023-01-24,0.003119508836122931,0.02480141144275652,24801.411442756522,-0.003119508836122931,False,0.032,8.0,0.0
2023-01-25,0.0012270123655211186,0.02480141144275652,24801.411442756522,-0.0012270123655211186,False,0.032,8.0,0.0
2023-01-26,0.005256401790350785,0.02480141144275652,24801.411442756522,-0.005256401790350785,False,0.032,8.0,0.0
2023-01-27,0.0007258236307738477,0.02480141144275652,24801.411442756522,-0.0007258236307738477,False,0.032,8.0,0.0
2023-01-30,-0.011816289939131376,0.02480141144275652,24801.411442756522,0.011816289939131376,False,0.032,8.0,0.0
2023-01-31,0.007829844268913621,0.02480141144275652,24801.411442756522,-0.007829844268913621,False,0.032,8.0,0.0
2023-02-01,0.013791965577606601,0.02480141144275652,24801.411442756522,-0.013791965577606601,False,0.032,8.0,0.0
2023-02-02,0.005003588935394943,0.02480141144275652,24801.411442756522,-0.005003588935394943,False,0.028,7.0,0.0
2023-02-03,-0.017218911111173307,0.02480141144275652,24801.411442756522,0.017218911111173307,False,0.028,7.0,0.0
2023-02-06,-0.00691513151753429,0.02480141144275652,24801.411442756522,0.00691513151753429,False,0.028,7.0,0.0
2023-02-07,0.006132744085994579,0.02480141144275652,24801.411442756522,-0.006132744085994579,False,0.028,7.0,0.0
2023-02-08,-0.0045442326246054165,0.02480141144275652,24801.411442756522,0.0045442326246054165,False,0.028,7.0,0.0
2023-02-09,-0.00603782166199074,0.02480141144275652,24801.411442756522,0.00603782166199074,False,0.028,7.0,0.0
2023-02-10,-0.004624453792887917,0.02480141144275652,24801.411442756522,0.004624453792887917,False,0.028,7.0,0.0
2023-02-13,0.007860797524462204,0.02480141144275652,24801.411442756522,-0.007860797524462204,False,0.028,7.0,0.0
2023-02-14,0.0007306361048795118,0.02480141144275652,24801.411442756522,-0.0007306361048795118,False,0.028,7.0,0.0
2023-02-15,-0.0033572704240802946,0.02480141144275652,24801.411442756522,0.0033572704240802946,False,0.028,7.0,0.0
2023-02-16,-0.009454154758359513,0.02480141144275652,24801.411442756522,0.009454154758359513,False,0.028,7.0,0.0
2023-02-17,-0.001951696692666927,0.02480141144275652,24801.411442756522,0.001951696692666927,False,0.028,7.0,0.0
2023-02-21,-0.015902223638642334,0.02480141144275652,24801.411442756522,0.015902223638642334,False,0.028,7.0,0.0
2023-02-22,-0.00038829185367441656,0.02480141144275652,24801.411442756522,0.00038829185367441656,False,0.028,7.0,0.0
2023-02-23,0.005633668043110296,0.02480141144275652,24801.411442756522,-0.005633668043110296,False,0.028,7.0,0.0
2023-02-24,-0.014016546900082494,0.02480141144275652,24801.411442756522,0.014016546900082494,False,0.028,7.0,0.0
2023-02-27,0.004496450794662365,0.02480141144275652,24801.411442756522,-0.004496450794662365,False,0.028,7.0,0.0
2023-02-28,-0.0005804759407772588,0.02480141144275652,24801.411442756522,0.0005804759407772588,False,0.028,7.0,0.0
2023-03-01,0.0009206366148580615,0.02480141144275652,24801.411442756522,-0.0009206366148580615,False,0.028,7.0,0.0
2023-03-02,0.002037087822969075,0.02480141144275652,24801.411442756522,-0.002037087822969075,False,0.028,7.0,0.0
2023-03-03,0.016118306704090868,0.02480141144275652,24801.411442756522,-0.016118306704090868,False,0.028,7.0,0.0
2023-03-06,-0.0029021148450457225,0.02480141144275652,24801.411442756522,0.0029021148450457225,False,0.024,6.0,0.0
2023-03-07,-0.011138812092246143,0.02480141144275652,24801.411442756522,0.011138812092246143,False,0.024,6.0,0.0
2023-03-08,0.002253084931338223,0.02480141144275652,24801.411442756522,-0.002253084931338223,False,0.024,6.0,0.0
2023-03-09,-0.00911589139234279,0.02480141144275652,24801.411442756522,0.00911589139234279,False,0.024,6.0,0.0
2023-03-10,0.004463661399070707,0.02480141144275652,24801.411442756522,-0.004463661399070707,False,0.024,6.0,0.0
2023-03-13,0.006559719655475216,0.02480141144275652,24801.411442756522,-0.006559719655475216,False,0.02,5.0,0.0
2023-03-14,0.0035609347018584763,0.02480141144275652,24801.411442756522,-0.0035609347018584763,False,0.02,5.0,0.0
2023-03-15,0.0017929086060322508,0.02480141144275652,24801.411442756522,-0.0017929086060322508,False,0.02,5.0,0.0
2023-03-16,0.010679353319929042,0.02480141144275652,24801.411442756522,-0.010679353319929042,False,0.02,5.0,0.0
2023-03-17,0.004326386340158251,0.02480141144275652,24801.411442756522,-0.004326386340158251,False,0.02,5.0,0.0
2023-03-20,0.0016941147277960813,0.02480141144275652,24801.411442756522,-0.0016941147277960813,False,0.02,5.0,0.0
2023-03-21,0.001790464144668125,0.02480141144275652,24801.411442756522,-0.001790464144668125,False,0.02,5.0,0.0
2023-03-22,0.000729597352178635,0.02480141144275652,24801.411442756522,-0.000729597352178635,False,0.02,5.0,0.0
2023-03-23,0.008191806921198098,0.02480141144275652,24801.411442756522,-0.008191806921198098,False,0.02,5.0,0.0
2023-03-24,0.000128060259656704,0.02480141144275652,24801.411442756522,-0.000128060259656704,False,0.02,5.0,0.0
2023-03-27,-0.008631929950637685,0.02480141144275652,24801.411442756522,0.008631929950637685,False,0.02,5.0,0.0
2023-03-28,0.00335084753156083,0.02480141144275652,24801.411442756522,-0.00335084753156083,False,0.02,5.0,0.0
2023-03-29,0.005723818784397117,0.02480141144275652,24801.411442756522,-0.005723818784397117,False,0.02,5.0,0.0
2023-03-30,0.007786078963800236,0.02480141144275652,24801.411442756522,-0.007786078963800236,False,0.02,5.0,0.0
2023-03-31,0.007845684179717094,0.02480141144275652,24801.411442756522,-0.007845684179717094,False,0.02,5.0,0.0
2023-04-03,0.003062997346320473,0.02480141144275652,24801.411442756522,-0.003062997346320473,False,0.02,5.0,0.0
2023-04-04,0.002938308841558102,0.02480141144275652,24801.411442756522,-0.002938308841558102,False,0.02,5.0,0.0
2023-04-05,-0.002134842092458156,0.02480141144275652,24801.411442756522,0.002134842092458156,False,0.02,5.0,0.0
2023-04-06,0.0020348301131291047,0.02480141144275652,24801.411442756522,-0.0020348301131291047,False,0.02,5.0,0.0
2023-04-10,-0.004409736062708847,0.02480141144275652,24801.411442756522,0.004409736062708847,False,0.02,5.0,0.0
2023-04-11,0.001663741613328518,0.02480141144275652,24801.411442756522,-0.001663741613328518,False,0.02,5.0,0.0
2023-04-12,-0.003222162968911424,0.02480141144275652,24801.411442756522,0.003222162968911424,False,0.02,5.0,0.0
2023-04-13,0.010446237359187328,0.02480141144275652,24801.411442756522,-0.010446237359187328,False,0.02,5.0,0.0
2023-04-14,-0.007287835465836779,0.02480141144275652,24801.411442756522,0.007287835465836779,False,0.02,5.0,0.0
2023-04-17,-0.0015268268465756353,0.02480141144275652,24801.411442756522,0.0015268268465756353,False,0.02,5.0,0.0
2023-04-18,0.0013812321412068453,0.02480141144275652,24801.411442756522,-0.0013812321412068453,False,0.02,5.0,0.0
2023-04-19,-0.0032834870308739994,0.02480141144275652,24801.411442756522,0.0032834870308739994,False,0.02,5.0,0.0
2023-04-20,-0.00042311942661781276,0.02480141144275652,24801.411442756522,0.00042311942661781276,False,0.02,5.0,0.0
2023-04-21,-0.004616464380614804,0.02480141144275652,24801.411442756522,0.004616464380614804,False,0.02,5.0,0.0
2023-04-24,0.0018730496877722438,0.02480141144275652,24801.411442756522,-0.0018730496877722438,False,0.02,5.0,0.0
2023-04-25,-0.006740632698552585,0.02480141144275652,24801.411442756522,0.006740632698552585,False,0.02,5.0,0.0
2023-04-26,-0.0017012119370828807,0.02480141144275652,24801.411442756522,0.0017012119370828807,False,0.02,5.0,0.0
2023-04-27,0.01015369586150603,0.02480141144275652,24801.411442756522,-0.01015369586150603,False,0.02,5.0,0.0
2023-04-28,0.007394574410718491,0.02480141144275652,24801.411442756522,-0.007394574410718491,False,0.016,4.0,0.0
2023-05-01,-0.00776098783012682,0.02480141144275652,24801.411442756522,0.00776098783012682,False,0.016,4.0,0.0
2023-05-02,0.0029024153926909602,0.02480141144275652,24801.411442756522,-0.0029024153926909602,False,0.016,4.0,0.0
2023-05-03,-0.00018003547199496605,0.02480141144275652,24801.411442756522,0.00018003547199496605,False,0.016,4.0,0.0
2023-05-04,-0.0010839417390777317,0.02480141144275652,24801.411442756522,0.0010839417390777317,False,0.012,3.0,0.0
2023-05-05,0.0068342864511849125,0.021323536668657772,21323.536668657773,-0.0068342864511849125,False,0.012,3.0,0.0
2023-05-08,-0.00190720654759573,0.021323536668657772,21323.536668657773,0.00190720654759573,False,0.008,2.0,0.0
2023-05-09,-0.002660027388883535,0.020203499344695532,20203.499344695534,0.002660027388883535,False,0.008,2.0,0.0
2023-05-10,0.004663853940905183,0.020203499344695532,20203.499344695534,-0.004663853940905183,False,0.008,2.0,0.0
2023-05-11,-1.4097110919197996e-05,0.020203499344695532,20203.499344695534,1.4097110919197996e-05,False,0.008,2.0,0.0
2023-05-12,-0.0053536115266973995,0.020203499344695532,20203.499344695534,0.0053536115266973995,False,0.008,2.0,0.0
2023-05-15,0.0038132778521859038,0.020203499344695532,20203.499344695534,-0.0038132778521859038,False,0.008,2.0,0.0
2023-05-16,-0.005637262743846038,0.020203499344695532,20203.499344695534,0.005637262743846038,False,0.008,2.0,0.0
2023-05-17,0.004496526671614332,0.020203499344695532,20203.499344695534,-0.004496526671614332,False,0.008,2.0,0.0
2023-05-18,0.0004925898523235439,0.020203499344695532,20203.499344695534,-0.0004925898523235439,False,0.008,2.0,0.0
2023-05-19,-2.220417361706882e-05,0.020203499344695532,20203.499344695534,2.220417361706882e-05,False,0.008,2.0,0.0
2023-05-22,0.0012142358934977171,0.020203499344695532,20203.499344695534,-0.0012142358934977171,False,0.008,2.0,0.0
2023-05-23,-0.007068313385140135,0.020203499344695532,20203.499344695534,0.007068313385140135,False,0.008,2.0,0.0
2023-05-24,-0.0065773601828486026,0.020203499344695532,20203.499344695534,0.0065773601828486026,False,0.008,2.0,0.0
2023-05-25,0.0037608648126214333,0.020203499344695532,20203.499344695534,-0.0037608648126214333,False,0.008,2.0,0.0
2023-05-26,0.013663827280532103,0.020203499344695532,20203.499344695534,-0.013663827280532103,False,0.008,2.0,0.0
2023-05-30,0.0019117655272295365,0.020203499344695532,20203.499344695534,-0.0019117655272295365,False,0.008,2.0,0.0
2023-05-31,-0.0020627623167006398,0.020203499344695532,20203.499344695534,0.0020627623167006398,False,0.008,2.0,0.0
2023-06-01,0.010135985857962604,0.020203499344695532,20203.499344695534,-0.010135985857962604,False,0.008,2.0,0.0
2023-06-02,0.0026984879337567996,0.020203499344695532,20203.499344695534,-0.0026984879337567996,False,0.008,2.0,0.0
2023-06-05,0.000538623845397068,0.020203499344695532,20203.499344695534,-0.000538623845397068,False,0.008,2.0,0.0
2023-06-06,0.0035709242871289734,0.020203499344695532,20203.499344695534,-0.0035709242871289734,False,0.008,2.0,0.0
2023-06-07,-0.01031472162240803,0.020203499344695532,20203.499344695534,0.01031472162240803,False,0.008,2.0,0.0
2023-06-08,0.01009532325789837,0.020203499344695532,20203.499344695534,-0.01009532325789837,False,0.008,2.0,0.0
2023-06-09,0.0012194962492318995,0.020203499344695532,20203.499344695534,-0.0012194962492318995,False,0.008,2.0,0.0
2023-06-12,0.006008068700882286,0.020203499344695532,20203.499344695534,-0.006008068700882286,False,0.004,1.0,0.0
2023-06-13,0.001408736543025091,0.018778795228720353,18778.79522872035,-0.001408736543025091,False,0.004,1.0,0.0
2023-06-14,0.004890479388627922,0.018778795228720353,18778.79522872035,-0.004890479388627922,False,0.004,1.0,0.0
2023-06-15,0.010060083689508083,0.018778795228720353,18778.79522872035,-0.010060083689508083,False,0.004,1.0,0.0
2023-06-16,-0.0037070828471285735,0.018778795228720353,18778.79522872035,0.0037070828471285735,False,0.004,1.0,0.0
2023-06-20,-0.005923880205233667,0.018778795228720353,18778.79522872035,0.005923880205233667,False,0.004,1.0,0.0
2023-06-21,-0.004503768308870937,0.018778795228720353,18778.79522872035,0.004503768308870937,False,0.004,1.0,0.0
2023-06-22,-0.002017565003858546,0.018778795228720353,18778.79522872035,0.002017565003858546,False,0.004,1.0,0.0
2023-06-23,-0.0038675721672684744,0.018778795228720353,18778.79522872035,0.0038675721672684744,False,0.004,1.0,0.0
2023-06-26,-0.002273627755757035,0.018778795228720353,18778.79522872035,0.002273627755757035,False,0.004,1.0,0.0
2023-06-27,0.006226282618778822,0.018778795228720353,18778.79522872035,-0.006226282618778822,False,0.004,1.0,0.0
2023-06-28,-0.0003263247457714114,0.018778795228720353,18778.79522872035,0.0003263247457714114,False,0.004,1.0,0.0
2023-06-29,-0.004500673527618693,0.018778795228720353,18778.79522872035,0.004500673527618693,False,0.004,1.0,0.0
2023-06-30,0.010715408499734692,0.018778795228720353,18778.79522872035,-0.010715408499734692,False,0.004,1.0,0.0
2023-07-03,0.00201614240992829,0.018778795228720353,18778.79522872035,-0.00201614240992829,False,0.004,1.0,0.0
2023-07-05,-0.00410921689710253,0.018778795228720353,18778.79522872035,0.00410921689710253,False,0.004,1.0,0.0
2023-07-06,-0.010588487942860937,0.018778795228720353,18778.79522872035,0.010588487942860937,False,0.004,1.0,0.0
2023-07-07,0.0013866825260593133,0.018778795228720353,18778.79522872035,-0.0013866825260593133,False,0.004,1.0,0.0
2023-07-10,0.0011432326475224743,0.018778795228720353,18778.79522872035,-0.0011432326475224743,False,0.004,1.0,0.0
2023-07-11,0.0060689514574565175,0.018778795228720353,18778.79522872035,-0.0060689514574565175,False,0.004,1.0,0.0
2023-07-12,0.01353970425494908,0.018778795228720353,18778.79522872035,-0.01353970425494908,False,0.004,1.0,0.0
2023-07-13,0.009832508338464453,0.018778795228720353,18778.79522872035,-0.009832508338464453,False,0.004,1.0,0.0
2023-07-14,-0.0030973990102222794,0.018778795228720353,18778.79522872035,0.0030973990102222794,False,0.004,1.0,0.0
2023-07-17,0.0030480988383772448,0.018778795228720353,18778.79522872035,-0.0030480988383772448,False,0.004,1.0,0.0
2023-07-18,0.004860011045890845,0.018778795228720353,18778.79522872035,-0.004860011045890845,False,0.004,1.0,0.0
2023-07-19,0.002297655048340297,0.018778795228720353,18778.79522872035,-0.002297655048340297,False,0.004,1.0,0.0
2023-07-20,-0.010853309329637394,0.018778795228720353,18778.79522872035,0.010853309329637394,False,0.004,1.0,0.0
2023-07-21,-0.0014509400185167111,0.018778795228720353,18778.79522872035,0.0014509400185167111,False,0.004,1.0,0.0
2023-07-24,0.0023574990640642616,0.018778795228720353,18778.79522872035,-0.0023574990640642616,False,0.004,1.0,0.0
2023-07-25,0.004304002876692615,0.018778795228720353,18778.79522872035,-0.004304002876692615,False,0.004,1.0,0.0
2023-07-26,0.0017036676482761635,0.018778795228720353,18778.79522872035,-0.0017036676482761635,False,0.004,1.0,0.0
2023-07-27,-0.011296574880517185,0.018778795228720353,18778.79522872035,0.011296574880517185,False,0.004,1.0,0.0
2023-07-28,0.01306083216246088,0.018778795228720353,18778.79522872035,-0.01306083216246088,False,0.004,1.0,0.0
2023-07-31,0.0016002982368045428,0.018778795228720353,18778.79522872035,-0.0016002982368045428,False,0.004,1.0,0.0
2023-08-01,-0.00891342016098855,0.018778795228720353,18778.79522872035,0.00891342016098855,False,0.004,1.0,0.0
2023-08-02,-0.015044136560131772,0.018778795228720353,18778.79522872035,0.015044136560131772,False,0.004,1.0,0.0
2023-08-03,-0.0047832690001287535,0.018778795228720353,18778.79522872035,0.0047832690001287535,False,0.004,1.0,0.0
2023-08-04,0.0021791993446853342,0.018778795228720353,18778.79522872035,-0.0021791993446853342,False,0.004,1.0,0.0
2023-08-07,0.0007196398310245876,0.018778795228720353,18778.79522872035,-0.0007196398310245876,False,0.004,1.0,0.0
2023-08-08,-0.003936594379145242,0.018778795228720353,18778.79522872035,0.003936594379145242,False,0.004,1.0,0.0
2023-08-09,-0.0029533622272031046,0.018778795228720353,18778.79522872035,0.0029533622272031046,False,0.004,1.0,0.0
2023-08-10,-0.0027655129665830505,0.018778795228720353,18778.79522872035,0.0027655129665830505,False,0.004,1.0,0.0
2023-08-11,-0.004790954880717591,0.018778795228720353,18778.79522872035,0.004790954880717591,False,0.004,1.0,0.0
2023-08-14,0.0013393794601264995,0.018778795228720353,18778.79522872035,-0.0013393794601264995,False,0.004,1.0,0.0
2023-08-15,-0.008487948010637592,0.018778795228720353,18778.79522872035,0.008487948010637592,False,0.004,1.0,0.0
2023-08-16,-0.008104026845589418,0.018778795228720353,18778.79522872035,0.008104026845589418,False,0.004,1.0,0.0
2023-08-17,-0.004402006421662197,0.018778795228720353,18778.79522872035,0.004402006421662197,False,0.004,1.0,0.0
2023-08-18,-0.000759203287400867,0.018778795228720353,18778.79522872035,0.000759203287400867,False,0.004,1.0,0.0
2023-08-21,0.002873703551900087,0.018778795228720353,18778.79522872035,-0.002873703551900087,False,0.004,1.0,0.0
2023-08-22,0.0006215018448099574,0.018778795228720353,18778.79522872035,-0.0006215018448099574,False,0.004,1.0,0.0
2023-08-23,0.015545941865693002,0.018778795228720353,18778.79522872035,-0.015545941865693002,False,0.004,1.0,0.0
2023-08-24,-0.009179498345686743,0.018778795228720353,18778.79522872035,0.009179498345686743,False,0.004,1.0,0.0
2023-08-25,0.003560652562217803,0.018778795228720353,18778.79522872035,-0.003560652562217803,False,0.004,1.0,0.0
2023-08-28,0.0055112130165087874,0.018217556129435198,18217.556129435197,-0.0055112130165087874,False,0.004,1.0,0.0
2023-08-29,0.013834955213794855,0.018217556129435198,18217.556129435197,-0.013834955213794855,False,0.004,1.0,0.0
2023-08-30,0.0015783124135137607,0.018217556129435198,18217.556129435197,-0.0015783124135137607,False,0.004,1.0,0.0
2023-08-31,-0.001602868104867517,0.018217556129435198,18217.556129435197,0.001602868104867517,False,0.004,1.0,0.0
2023-09-01,-0.0005055067063632012,0.018217556129435198,18217.556129435197,0.0005055067063632012,False,0.004,1.0,0.0
2023-09-05,-0.006661881522118219,0.018217556129435198,18217.556129435197,0.006661881522118219,False,0.004,1.0,0.0
2023-09-06,-0.004640349572713998,0.018217556129435198,18217.556129435197,0.004640349572713998,False,0.004,1.0,0.0
2023-09-07,-0.003629536013283552,0.018217556129435198,18217.556129435197,0.003629536013283552,False,0.004,1.0,0.0
2023-09-08,0.0018282194383837604,0.018217556129435198,18217.556129435197,-0.0018282194383837604,False,0.004,1.0,0.0
2023-09-11,0.0050813243400854805,0.018217556129435198,18217.556129435197,-0.0050813243400854805,False,0.004,1.0,0.0
2023-09-12,-0.0038058162971945863,0.018217556129435198,18217.556129435197,0.0038058162971945863,False,0.0,0.0,0.0
2023-09-13,0.0002346011616091159,0.017467138007393513,17467.138007393514,-0.0002346011616091159,False,0.0,0.0,0.0
2023-09-14,0.00335061468552389,0.017467138007393513,17467.138007393514,-0.00335061468552389,False,0.0,0.0,0.0
2023-09-15,-0.006496022920771649,0.017467138007393513,17467.138007393514,0.006496022920771649,False,0.0,0.0,0.0
2023-09-18,0.0023880058259565964,0.017467138007393513,17467.138007393514,-0.0023880058259565964,False,0.0,0.0,0.0
2023-09-19,-0.003683798434726349,0.017467138007393513,17467.138007393514,0.003683798434726349,False,0.0,0.0,0.0
2023-09-20,-0.00477437490043533,0.017467138007393513,17467.138007393514,0.00477437490043533,False,0.0,0.0,0.0
2023-09-21,-0.01701849958876256,0.017467138007393513,17467.138007393514,0.01701849958876256,False,0.0,0.0,0.0
2023-09-22,0.004195490418254289,0.017467138007393513,17467.138007393514,-0.004195490418254289,False,0.0,0.0,0.0
2023-09-25,-0.005044774558439502,0.017467138007393513,17467.138007393514,0.005044774558439502,False,0.0,0.0,0.0
2023-09-26,-0.011054699971564764,0.017467138007393513,17467.138007393514,0.011054699971564764,False,0.0,0.0,0.0
2023-09-27,-0.002642282962296183,0.017467138007393513,17467.138007393514,0.002642282962296183,False,0.0,0.0,0.0
2023-09-28,0.002972685260933372,0.017467138007393513,17467.138007393514,-0.002972685260933372,False,0.0,0.0,0.0
2023-09-29,-0.0022143953951200947,0.017467138007393513,17467.138007393514,0.0022143953951200947,False,0.0,0.0,0.0
2023-10-02,-0.004859604208830426,0.017467138007393513,17467.138007393514,0.004859604208830426,False,0.0,0.0,0.0
2023-10-03,-0.013715408946584651,0.017467138007393513,17467.138007393514,0.013715408946584651,False,0.0,0.0,0.0
2023-10-04,0.006385639140030253,0.017467138007393513,17467.138007393514,-0.006385639140030253,False,0.0,0.0,0.0
2023-10-05,-0.0012744749779786348,0.017467138007393513,17467.138007393514,0.0012744749779786348,False,0.0,0.0,0.0
2023-10-06,0.007229083466575292,0.017467138007393513,17467.138007393514,-0.007229083466575292,False,0.0,0.0,0.0
2023-10-09,0.009719715933165141,0.01712070946519204,17120.709465192038,-0.009719715933165141,False,0.0,0.0,0.0
2023-10-10,0.004404984656229672,0.01712070946519204,17120.709465192038,-0.004404984656229672,False,0.0,0.0,0.0
2023-10-11,0.009141084968151558,0.01712070946519204,17120.709465192038,-0.009141084968151558,False,0.0,0.0,0.0
2023-10-12,-0.010187674143167881,0.01712070946519204,17120.709465192038,0.010187674143167881,False,0.0,0.0,0.0
2023-10-13,0.0057611973583324705,0.01712070946519204,17120.709465192038,-0.0057611973583324705,False,0.0,0.0,0.0
2023-10-16,0.001652955604418871,0.016471524373203646,16471.524373203647,-0.001652955604418871,False,0.0,0.0,0.0
2023-10-17,-0.0030221024049170487,0.016471524373203646,16471.524373203647,0.0030221024049170487,False,0.0,0.0,0.0
2023-10-18,-0.007203318898156397,0.016471524373203646,16471.524373203647,0.007203318898156397,False,0.0,0.0,0.0
2023-10-19,-0.006443069676795133,0.016471524373203646,16471.524373203647,0.006443069676795133,False,0.0,0.0,0.0
2023-10-20,-0.006176147895223494,0.016471524373203646,16471.524373203647,0.006176147895223494,False,0.0,0.0,0.0
2023-10-23,0.001821047509063445,0.016471524373203646,16471.524373203647,-0.001821047509063445,False,0.0,0.0,0.0
2023-10-24,0.008624047821769999,0.016471524373203646,16471.524373203647,-0.008624047821769999,False,0.0,0.0,0.0
2023-10-25,-0.014008328258438741,0.016471524373203646,16471.524373203647,0.014008328258438741,False,0.0,0.0,0.0
2023-10-26,-0.003804832151733284,0.016471524373203646,16471.524373203647,0.003804832151733284,False,0.0,0.0,0.0
2023-10-27,0.0013657125467924746,0.016471524373203646,16471.524373203647,-0.0013657125467924746,False,0.0,0.0,0.0
2023-10-30,0.004695878287577693,0.016471524373203646,16471.524373203647,-0.004695878287577693,False,0.0,0.0,0.0
2023-10-31,-0.0009930077096002464,0.016471524373203646,16471.524373203647,0.0009930077096002464,False,0.0,0.0,0.0
2023-11-01,0.011163487012497298,0.016471524373203646,16471.524373203647,-0.011163487012497298,False,0.0,0.0,0.0
2023-11-02,0.01619741689637193,0.016471524373203646,16471.524373203647,-0.01619741689637193,False,0.0,0.0,0.0
2023-11-03,0.010343900128845363,0.016471524373203646,16471.524373203647,-0.010343900128845363,False,0.0,0.0,0.0
2023-11-06,-0.0006104985558976318,0.016471524373203646,16471.524373203647,0.0006104985558976318,False,0.0,0.0,0.0
2023-11-07,0.004219603016616569,0.016471524373203646,16471.524373203647,-0.004219603016616569,False,0.0,0.0,0.0
2023-11-08,0.0003447708345506673,0.016471524373203646,16471.524373203647,-0.0003447708345506673,False,0.0,0.0,0.0
2023-11-09,-0.008775530785714893,0.016471524373203646,16471.524373203647,0.008775530785714893,False,0.0,0.0,0.0
2023-11-10,0.007973567296704355,0.016471524373203646,16471.524373203647,-0.007973567296704355,False,0.0,0.0,0.0
2023-11-13,-0.00020699379810551474,0.016471524373203646,16471.524373203647,0.00020699379810551474,False,0.0,0.0,0.0
2023-11-14,0.01982363139233492,0.016471524373203646,16471.524373203647,-0.01982363139233492,False,0.0,0.0,0.0
2023-11-15,-0.0010832628842083916,0.016471524373203646,16471.524373203647,0.0010832628842083916,False,0.0,0.0,0.0
2023-11-16,0.003243658533505989,0.016471524373203646,16471.524373203647,-0.003243658533505989,False,0.0,0.0,0.0
2023-11-17,0.001465254211209377,0.016471524373203646,16471.524373203647,-0.001465254211209377,False,0.0,0.0,0.0
2023-11-20,0.007359210498029968,0.016471524373203646,16471.524373203647,-0.007359210498029968,False,0.0,0.0,0.0
2023-11-21,-0.0007811909749972924,0.016471524373203646,16471.524373203647,0.0007811909749972924,False,0.0,0.0,0.0
2023-11-22,0.0010411130309277538,0.016471524373203646,16471.524373203647,-0.0010411130309277538,False,0.0,0.0,0.0
2023-11-24,-0.001372356568406241,0.016471524373203646,16471.524373203647,0.001372356568406241,False,0.0,0.0,0.0
2023-11-27,0.003344148010779358,0.016471524373203646,16471.524373203647,-0.003344148010779358,False,0.0,0.0,0.0
2023-11-28,0.005458886609065061,0.016471524373203646,16471.524373203647,-0.005458886609065061,False,0.0,0.0,0.0
2023-11-29,0.0013162471185198532,0.016471524373203646,16471.524373203647,-0.0013162471185198532,False,0.0,0.0,0.0
2023-11-30,-0.0024539557983463967,0.016471524373203646,16471.524373203647,0.0024539557983463967,False,0.0,0.0,0.0
2023-12-01,0.009834717988473064,0.016471524373203646,16471.524373203647,-0.009834717988473064,False,0.0,0.0,0.0
2023-12-04,-0.010290314767170084,0.016471524373203646,16471.524373203647,0.010290314767170084,False,0.0,0.0,0.0
2023-12-05,0.0027819485823356916,0.016471524373203646,16471.524373203647,-0.0027819485823356916,False,0.0,0.0,0.0
2023-12-06,0.0011821715123851995,0.016471524373203646,16471.524373203647,-0.0011821715123851995,False,0.0,0.0,0.0
2023-12-07,0.0044777370674577545,0.016471524373203646,16471.524373203647,-0.0044777370674577545,False,0.0,0.0,0.0
2023-12-08,-0.003421208681946864,0.016471524373203646,16471.524373203647,0.003421208681946864,False,0.0,0.0,0.0
2023-12-11,0.001033745943690212,0.016471524373203646,16471.524373203647,-0.001033745943690212,False,0.0,0.0,0.0
2023-12-12,0.003041953159599808,0.016471524373203646,16471.524373203647,-0.003041953159599808,False,0.0,0.0,0.0
2023-12-13,0.016493686949573406,0.016471524373203646,16471.524373203647,-0.016493686949573406,False,0.0,0.0,0.0
2023-12-14,0.009769928762156854,0.016471524373203646,16471.524373203647,-0.009769928762156854,False,0.0,0.0,0.0
2023-12-15,-0.0021670859126503576,0.015481760970172157,15481.760970172158,0.0021670859126503576,False,0.0,0.0,0.0
2023-12-18,0.0016001805357825916,0.015481760970172157,15481.760970172158,-0.0016001805357825916,False,0.0,0.0,0.0
2023-12-19,0.006380296428848409,0.015481760970172157,15481.760970172158,-0.006380296428848409,False,0.0,0.0,0.0
2023-12-20,-0.009077853643101387,0.015481760970172157,15481.760970172158,0.009077853643101387,False,0.0,0.0,0.0
2023-12-21,0.008131033270565613,0.015481760970172157,15481.760970172158,-0.008131033270565613,False,0.0,0.0,0.0
2023-12-22,-0.0002820382422780376,0.015481760970172157,15481.760970172158,0.0002820382422780376,False,0.0,0.0,0.0
2023-12-26,0.005736030324144404,0.015481760970172157,15481.760970172158,-0.005736030324144404,False,0.0,0.0,0.0
2023-12-27,0.006379235158243945,0.015481760970172157,15481.760970172158,-0.006379235158243945,False,0.0,0.0,0.0
2023-12-28,-0.0010841928692971294,0.015481760970172157,15481.760970172158,0.0010841928692971294,False,0.0,0.0,0.0
2023-12-29,-0.0036612777437177615,0.015481760970172157,15481.760970172158,0.0036612777437177615,False,0.0,0.0,0.0
2024-01-02,-0.008465127883639734,0.015481760970172157,15481.760970172158,0.008465127883639734,False,0.0,0.0,0.0
2024-01-03,-0.005690144388582819,0.015481760970172157,15481.760970172158,0.005690144388582819,False,0.0,0.0,0.0
2024-01-04,-0.005169397425727884,0.015481760970172157,15481.760970172158,0.005169397425727884,False,0.0,0.0,0.0
2024-01-05,-0.0011165370210072913,0.015481760970172157,15481.760970172158,0.0011165370210072913,False,0.0,0.0,0.0
2024-01-08,0.007956587202220856,0.015481760970172157,15481.760970172158,-0.007956587202220856,False,0.0,0.0,0.0
2024-01-09,-0.0039515576663818,0.015481760970172157,15481.760970172158,0.0039515576663818,False,0.0,0.0,0.0
2024-01-10,0.0006359102977346431,0.015481760970172157,15481.760970172158,-0.0006359102977346431,False,0.0,0.0,0.0
2024-01-11,0.002668350142088483,0.015481760970172157,15481.760970172158,-0.002668350142088483,False,0.0,0.0,0.0
2024-01-12,0.00252388844478193,0.015481760970172157,15481.760970172158,-0.00252388844478193,False,0.0,0.0,0.0
2024-01-16,-0.01102095218754169,0.015481760970172157,15481.760970172158,0.01102095218754169,False,0.0,0.0,0.0
2024-01-17,-0.007739895292580634,0.015481760970172157,15481.760970172158,0.007739895292580634,False,0.0,0.0,0.0
2024-01-18,0.006050352913077029,0.015481760970172157,15481.760970172158,-0.006050352913077029,False,0.0,0.0,0.0
2024-01-19,0.009802700127884244,0.015481760970172157,15481.760970172158,-0.009802700127884244,False,0.0,0.0,0.0
2024-01-22,-0.0006525079515161459,0.015481760970172157,15481.760970172158,0.0006525079515161459,False,0.0,0.0,0.0
2024-01-23,0.0023427939676354376,0.015481760970172157,15481.760970172158,-0.0023427939676354376,False,0.0,0.0,0.0
2024-01-24,0.0007484493725592457,0.015481760970172157,15481.760970172158,-0.0007484493725592457,False,0.0,0.0,0.0
2024-01-25,0.0036906080365033847,0.015481760970172157,15481.760970172158,-0.0036906080365033847,False,0.0,0.0,0.0
2024-01-26,-0.0018132745305295072,0.015481760970172157,15481.760970172158,0.0018132745305295072,False,0.0,0.0,0.0
2024-01-29,0.007449752306630409,0.015481760970172157,15481.760970172158,-0.007449752306630409,False,0.0,0.0,0.0
2024-01-30,-0.0009901508968681136,0.015481760970172157,15481.760970172158,0.0009901508968681136,False,0.0,0.0,0.0
2024-01-31,-0.0064531674156682595,0.015481760970172157,15481.760970172158,0.0064531674156682595,False,0.0,0.0,0.0
2024-02-01,0.012903593188366091,0.015481760970172157,15481.760970172158,-0.012903593188366091,False,0.0,0.0,0.0
2024-02-02,-0.0013902875385729096,0.015481760970172157,15481.760970172158,0.0013902875385729096,False,0.0,0.0,0.0
2024-02-05,-0.005872148162629243,0.014540617626707624,14540.617626707624,0.005872148162629243,False,0.0,0.0,0.0
2024-02-06,0.007726668442638341,0.014540617626707624,14540.617626707624,-0.007726668442638341,False,0.0,0.0,0.0
2024-02-07,0.002957750869274323,0.014540617626707624,14540.617626707624,-0.002957750869274323,False,0.0,0.0,0.0
2024-02-08,-0.001994769137227448,0.014540617626707624,14540.617626707624,0.001994769137227448,False,0.0,0.0,0.0
2024-02-09,0.0028079792624803534,0.014540617626707624,14540.617626707624,-0.0028079792624803534,False,0.0,0.0,0.0
2024-02-12,0.00040812649932353584,0.014540617626707624,14540.617626707624,-0.00040812649932353584,False,0.0,0.0,0.0
2024-02-13,-0.01581915396393585,0.014540617626707624,14540.617626707624,0.01581915396393585,True,0.004,1.0,0.0012785363372282265
2024-02-14,0.007757166132897364,0.01543939543607185,15439.39543607185,-0.007757166132897364,False,0.004,1.0,0.0
2024-02-15,0.005311652038513781,0.01543939543607185,15439.39543607185,-0.005311652038513781,False,0.004,1.0,0.0
2024-02-16,-0.0022818116651127877,0.01543939543607185,15439.39543607185,0.0022818116651127877,False,0.004,1.0,0.0
2024-02-20,-0.0009260094343513049,0.01543939543607185,15439.39543607185,0.0009260094343513049,False,0.004,1.0,0.0
2024-02-21,-0.0016815809845627918,0.014540617626707624,14540.617626707624,0.0016815809845627918,False,0.004,1.0,0.0
2024-02-22,0.013095247288727662,0.014540617626707624,14540.617626707624,-0.013095247288727662,False,0.004,1.0,0.0
2024-02-23,0.003258116987805426,0.014540617626707624,14540.617626707624,-0.003258116987805426,False,0.004,1.0,0.0
2024-02-26,-0.0027664397115122474,0.014536590492302185,14536.590492302186,0.0027664397115122474,False,0.004,1.0,0.0
2024-02-27,-0.0003745055025506262,0.014536590492302185,14536.590492302186,0.0003745055025506262,False,0.004,1.0,0.0
2024-02-28,-0.0023150861928431963,0.014536590492302185,14536.590492302186,0.0023150861928431963,False,0.004,1.0,0.0
2024-02-29,0.004974531556123996,0.014536590492302185,14536.590492302186,-0.004974531556123996,False,0.004,1.0,0.0
2024-03-01,0.01236796497527104,0.014536590492302185,14536.590492302186,-0.01236796497527104,False,0.004,1.0,0.0
2024-03-04,0.0010577538665280883,0.014536590492302185,14536.590492302186,-0.0010577538665280883,False,0.004,1.0,0.0
2024-03-05,-0.003318986729234341,0.014536590492302185,14536.590492302186,0.003318986729234341,False,0.004,1.0,0.0
2024-03-06,0.007984762466820785,0.014536590492302185,14536.590492302186,-0.007984762466820785,False,0.004,1.0,0.0
2024-03-07,0.00720131772547763,0.014536590492302185,14536.590492302186,-0.00720131772547763,False,0.004,1.0,0.0
2024-03-08,-0.002947190601300087,0.014536590492302185,14536.590492302186,0.002947190601300087,False,0.004,1.0,0.0
2024-03-11,-0.00021102485908679473,0.014536590492302185,14536.590492302186,0.00021102485908679473,False,0.004,1.0,0.0
2024-03-12,0.0033580874176300846,0.014536590492302185,14536.590492302186,-0.0033580874176300846,False,0.004,1.0,0.0
2024-03-13,-0.0020475749166913196,0.014536590492302185,14536.590492302186,0.0020475749166913196,False,0.004,1.0,0.0
2024-03-14,-0.005824716791109208,0.014536590492302185,14536.590492302186,0.005824716791109208,False,0.004,1.0,0.0
2024-03-15,-0.005672994933772557,0.014536590492302185,14536.590492302186,0.005672994933772557,False,0.004,1.0,0.0
2024-03-18,0.0031574973681314238,0.014536590492302185,14536.590492302186,-0.0031574973681314238,False,0.004,1.0,0.0
2024-03-19,0.0009615365462786851,0.014536590492302185,14536.590492302186,-0.0009615365462786851,False,0.004,1.0,0.0
2024-03-20,0.008802720286012767,0.014536590492302185,14536.590492302186,-0.008802720286012767,False,0.004,1.0,0.0
2024-03-21,0.002073523008422806,0.014536590492302185,14536.590492302186,-0.002073523008422806,False,0.004,1.0,0.0
2024-03-22,-0.0012518357831869725,0.014536590492302185,14536.590492302186,0.0012518357831869725,False,0.004,1.0,0.0
2024-03-25,-0.001492922576530731,0.014536590492302185,14536.590492302186,0.001492922576530731,False,0.004,1.0,0.0
2024-03-26,3.9172865710779325e-05,0.014536590492302185,14536.590492302186,-3.9172865710779325e-05,False,0.004,1.0,0.0
2024-03-27,0.006136288209384056,0.014536590492302185,14536.590492302186,-0.006136288209384056,False,0.004,1.0,0.0
2024-03-28,0.00273715876956413,0.014536590492302185,14536.590492302186,-0.00273715876956413,False,0.004,1.0,0.0
2024-04-01,-0.0012703802291508472,0.014536590492302185,14536.590492302186,0.0012703802291508472,False,0.004,1.0,0.0
2024-04-02,-0.000513472211477839,0.014536590492302185,14536.590492302186,0.000513472211477839,False,0.004,1.0,0.0
2024-04-03,0.0025248924103806526,0.014536590492302185,14536.590492302186,-0.0025248924103806526,False,0.004,1.0,0.0
2024-04-04,-0.005937948584002784,0.014536590492302185,14536.590492302186,0.005937948584002784,False,0.004,1.0,0.0
2024-04-05,0.00552255370038266,0.014536590492302185,14536.590492302186,-0.00552255370038266,False,0.004,1.0,0.0
2024-04-08,0.0027037642695275643,0.014536590492302185,14536.590492302186,-0.0027037642695275643,False,0.004,1.0,0.0
2024-04-09,0.005279815908626162,0.014536590492302185,14536.590492302186,-0.005279815908626162,False,0.004,1.0,0.0
2024-04-10,-0.012727042345120988,0.014536590492302185,14536.590492302186,0.012727042345120988,False,0.004,1.0,0.0
2024-04-11,0.008893492895007137,0.014536590492302185,14536.590492302186,-0.008893492895007137,False,0.004,1.0,0.0
2024-04-12,-0.012108442254675422,0.014536590492302185,14536.590492302186,0.012108442254675422,False,0.004,1.0,0.0
2024-04-15,-0.006436144155189005,0.014536590492302185,14536.590492302186,0.006436144155189005,False,0.004,1.0,0.0
2024-04-16,-0.004061404858458672,0.014536590492302185,14536.590492302186,0.004061404858458672,False,0.004,1.0,0.0
2024-04-17,-0.003028889279601522,0.014536590492302185,14536.590492302186,0.003028889279601522,False,0.004,1.0,0.0
2024-04-18,-0.0010719923354881367,0.014536590492302185,14536.590492302186,0.0010719923354881367,False,0.004,1.0,0.0
2024-04-19,-0.00533933781029341,0.014536590492302185,14536.590492302186,0.00533933781029341,False,0.004,1.0,0.0
2024-04-22,0.0007418163836939716,0.014536590492302185,14536.590492302186,-0.0007418163836939716,False,0.004,1.0,0.0
2024-04-23,0.0065779038605746415,0.014536590492302185,14536.590492302186,-0.0065779038605746415,False,0.004,1.0,0.0
2024-04-24,-0.0005127795437329219,0.014536590492302185,14536.590492302186,0.0005127795437329219,False,0.004,1.0,0.0
2024-04-25,-0.0014925868903518992,0.014536590492302185,14536.590492302186,0.0014925868903518992,False,0.004,1.0,0.0
2024-04-26,0.008987153153854078,0.014536590492302185,14536.590492302186,-0.008987153153854078,False,0.004,1.0,0.0
2024-04-29,0.004734581468524857,0.014536590492302185,14536.590492302186,-0.004734581468524857,False,0.004,1.0,0.0
2024-04-30,-0.015425634238510356,0.014536590492302185,14536.590492302186,0.015425634238510356,True,0.008,2.0,0.0008890437462081707
2024-05-01,0.00138632082826633,0.01523870037610485,15238.700376104849,-0.00138632082826633,False,0.008,2.0,0.0
2024-05-02,0.00983098045013644,0.01523870037610485,15238.700376104849,-0.00983098045013644,False,0.008,2.0,0.0
2024-05-03,0.010168731731805526,0.01523870037610485,15238.700376104849,-0.010168731731805526,False,0.008,2.0,0.0
2024-05-06,0.007327254841243702,0.01523870037610485,15238.700376104849,-0.007327254841243702,False,0.008,2.0,0.0
2024-05-07,-0.0005771365019159089,0.01523870037610485,15238.700376104849,0.0005771365019159089,False,0.008,2.0,0.0
2024-05-08,-0.0018517930089034353,0.01523870037610485,15238.700376104849,0.0018517930089034353,False,0.008,2.0,0.0
2024-05-09,0.006334951402014077,0.01523870037610485,15238.700376104849,-0.006334951402014077,False,0.008,2.0,0.0
2024-05-10,0.0016508226561620098,0.01523870037610485,15238.700376104849,-0.0016508226561620098,False,0.008,2.0,0.0
2024-05-13,0.00026412933002593073,0.01523870037610485,15238.700376104849,-0.00026412933002593073,False,0.008,2.0,0.0
2024-05-14,0.006099735291379504,0.01523870037610485,15238.700376104849,-0.006099735291379504,False,0.008,2.0,0.0
2024-05-15,0.01303690513293665,0.01523870037610485,15238.700376104849,-0.01303690513293665,False,0.008,2.0,0.0
2024-05-16,-0.0013781494455574307,0.01523870037610485,15238.700376104849,0.0013781494455574307,False,0.008,2.0,0.0
2024-05-17,0.003013614612515659,0.01523870037610485,15238.700376104849,-0.003013614612515659,False,0.008,2.0,0.0
2024-05-20,0.0011081403407640523,0.01523870037610485,15238.700376104849,-0.0011081403407640523,False,0.008,2.0,0.0
2024-05-21,0.00038177759972459754,0.01523870037610485,15238.700376104849,-0.00038177759972459754,False,0.008,2.0,0.0
2024-05-22,-0.004695683940587437,0.01523870037610485,15238.700376104849,0.004695683940587437,False,0.008,2.0,0.0
2024-05-23,-0.009117067509077882,0.01523870037610485,15238.700376104849,0.009117067509077882,False,0.008,2.0,0.0
2024-05-24,0.004552053309179538,0.01523870037610485,15238.700376104849,-0.004552053309179538,False,0.008,2.0,0.0
2024-05-28,-0.00014810628057158054,0.01523870037610485,15238.700376104849,0.00014810628057158054,False,0.008,2.0,0.0
2024-05-29,-0.010070797015778954,0.01523870037610485,15238.700376104849,0.010070797015778954,False,0.008,2.0,0.0
2024-05-30,-0.0017241008753219544,0.01523870037610485,15238.700376104849,0.0017241008753219544,False,0.008,2.0,0.0
2024-05-31,-0.0003084836550924841,0.01523870037610485,15238.700376104849,0.0003084836550924841,False,0.008,2.0,0.0
2024-06-03,0.008361211805232704,0.01523870037610485,15238.700376104849,-0.008361211805232704,False,0.008,2.0,0.0
2024-06-04,-0.0014825513875658786,0.01523870037610485,15238.700376104849,0.0014825513875658786,False,0.008,2.0,0.0
2024-06-05,0.013463737995366777,0.01523870037610485,15238.700376104849,-0.013463737995366777,False,0.008,2.0,0.0
2024-06-06,0.0020982495430883047,0.01523870037610485,15238.700376104849,-0.0020982495430883047,False,0.008,2.0,0.0
2024-06-07,-0.01348363405075117,0.01523870037610485,15238.700376104849,0.01348363405075117,False,0.008,2.0,0.0
2024-06-10,0.003115400600319651,0.01523870037610485,15238.700376104849,-0.003115400600319651,False,0.008,2.0,0.0
2024-06-11,0.003827337749023663,0.01523870037610485,15238.700376104849,-0.003827337749023663,False,0.008,2.0,0.0
2024-06-12,0.008303904230495762,0.01523870037610485,15238.700376104849,-0.008303904230495762,False,0.008,2.0,0.0
2024-06-13,0.002323586607447803,0.01523870037610485,15238.700376104849,-0.002323586607447803,False,0.008,2.0,0.0
2024-06-14,0.005669877037875582,0.01523870037610485,15238.700376104849,-0.005669877037875582,False,0.008,2.0,0.0
2024-06-17,0.002296352870004226,0.01523870037610485,15238.700376104849,-0.002296352870004226,False,0.008,2.0,0.0
2024-06-18,0.005041776976053836,0.01523870037610485,15238.700376104849,-0.005041776976053836,False,0.008,2.0,0.0
2024-06-20,-0.0012465244673810717,0.01523870037610485,15238.700376104849,0.0012465244673810717,False,0.008,2.0,0.0
2024-06-21,-0.0046032506666866535,0.01523870037610485,15238.700376104849,0.0046032506666866535,False,0.008,2.0,0.0
2024-06-24,-0.001326682154146597,0.01523870037610485,15238.700376104849,0.001326682154146597,False,0.008,2.0,0.0
2024-06-25,0.00193530470511194,0.01523870037610485,15238.700376104849,-0.00193530470511194,False,0.008,2.0,0.0
2024-06-26,-0.004462956836419796,0.01523870037610485,15238.700376104849,0.004462956836419796,False,0.008,2.0,0.0
2024-06-27,0.0040345999026163435,0.01523870037610485,15238.700376104849,-0.0040345999026163435,False,0.008,2.0,0.0
2024-06-28,-0.005151366185695472,0.01523870037610485,15238.700376104849,0.005151366185695472,False,0.008,2.0,0.0
2024-07-01,-0.0008765931170340082,0.01523870037610485,15238.700376104849,0.0008765931170340082,False,0.008,2.0,0.0
2024-07-02,0.005602755881398402,0.01523870037610485,15238.700376104849,-0.005602755881398402,False,0.008,2.0,0.0
2024-07-03,0.01038371788020731,0.01523870037610485,15238.700376104849,-0.01038371788020731,False,0.008,2.0,0.0
2024-07-05,0.008420320087760613,0.01523870037610485,15238.700376104849,-0.008420320087760613,False,0.008,2.0,0.0
2024-07-08,-0.0012959265729859393,0.01523870037610485,15238.700376104849,0.0012959265729859393,False,0.008,2.0,0.0
2024-07-09,0.0006474490746294581,0.01523870037610485,15238.700376104849,-0.0006474490746294581,False,0.008,2.0,0.0
2024-07-10,0.006565457499736072,0.01523870037610485,15238.700376104849,-0.006565457499736072,False,0.008,2.0,0.0
2024-07-11,0.0005590712793050569,0.01523870037610485,15238.700376104849,-0.0005590712793050569,False,0.008,2.0,0.0
2024-07-12,0.003978407722063726,0.01523870037610485,15238.700376104849,-0.003978407722063726,False,0.008,2.0,0.0
2024-07-15,-0.002678211321102197,0.01523870037610485,15238.700376104849,0.002678211321102197,False,0.008,2.0,0.0
2024-07-16,0.009204555918799961,0.01523870037610485,15238.700376104849,-0.009204555918799961,False,0.008,2.0,0.0
2024-07-17,-0.012812645989619266,0.01523870037610485,15238.700376104849,0.012812645989619266,False,0.008,2.0,0.0
2024-07-18,-0.007170661273181733,0.01523870037610485,15238.700376104849,0.007170661273181733,False,0.008,2.0,0.0
2024-07-19,-0.009811419128164321,0.01523870037610485,15238.700376104849,0.009811419128164321,False,0.008,2.0,0.0
2024-07-22,0.006208037111973597,0.01523870037610485,15238.700376104849,-0.006208037111973597,False,0.008,2.0,0.0
2024-07-23,-0.0023592022191950114,0.01523870037610485,15238.700376104849,0.0023592022191950114,False,0.008,2.0,0.0
2024-07-24,-0.01747170490049894,0.01523870037610485,15238.700376104849,0.01747170490049894,True,0.012,3.0,0.002233004524394091
2024-07-25,-0.005545189657227612,0.01562632929847736,15626.329298477358,0.005545189657227612,False,0.012,3.0,0.0
2024-07-26,0.010009739089740899,0.01562632929847736,15626.329298477358,-0.010009739089740899,False,0.012,3.0,0.0
2024-07-29,0.0006526800521407639,0.01562632929847736,15626.329298477358,-0.0006526800521407639,False,0.012,3.0,0.0
2024-07-30,-0.0018924396570527025,0.01562632929847736,15626.329298477358,0.0018924396570527025,False,0.012,3.0,0.0
2024-07-31,0.01921551031440494,0.01562632929847736,15626.329298477358,-0.01921551031440494,False,0.012,3.0,0.0
2024-08-01,-0.010132582581662965,0.01562632929847736,15626.329298477358,0.010132582581662965,False,0.012,3.0,0.0
2024-08-02,-0.00546279733037296,0.01562632929847736,15626.329298477358,0.00546279733037296,False,0.012,3.0,0.0
2024-08-05,-0.018941348934777724,0.01562632929847736,15626.329298477358,0.018941348934777724,True,0.016,4.0,0.0033150196363003655
2024-08-06,-0.0011807935696957815,0.016430820232597468,16430.820232597467,0.0011807935696957815,False,0.016,4.0,0.0
2024-08-07,-0.0038167562601641117,0.016430820232597468,16430.820232597467,0.0038167562601641117,False,0.016,4.0,0.0
2024-08-08,0.017196684201120593,0.016430820232597468,16430.820232597467,-0.017196684201120593,False,0.016,4.0,0.0
2024-08-09,0.0054894520259053175,0.016430820232597468,16430.820232597467,-0.0054894520259053175,False,0.016,4.0,0.0
2024-08-12,0.005357606898972067,0.016430820232597468,16430.820232597467,-0.005357606898972067,False,0.016,4.0,0.0
2024-08-13,0.011559700441767773,0.016430820232597468,16430.820232597467,-0.011559700441767773,False,0.016,4.0,0.0
2024-08-14,-0.0007591986625645749,0.016430820232597468,16430.820232597467,0.0007591986625645749,False,0.016,4.0,0.0
2024-08-15,0.009709285534803325,0.016430820232597468,16430.820232597467,-0.009709285534803325,False,0.016,4.0,0.0
2024-08-16,0.008213830206859686,0.016430820232597468,16430.820232597467,-0.008213830206859686,False,0.016,4.0,0.0
2024-08-19,0.007070573880972587,0.016430820232597468,16430.820232597467,-0.007070573880972587,False,0.016,4.0,0.0
2024-08-20,3.1211965878830086e-05,0.016430820232597468,16430.820232597467,-3.1211965878830086e-05,False,0.016,4.0,0.0
2024-08-21,0.002256802082439702,0.016430820232597468,16430.820232597467,-0.002256802082439702,False,0.016,4.0,0.0
2024-08-22,-0.011594541239018753,0.016430820232597468,16430.820232597467,0.011594541239018753,False,0.016,4.0,0.0
2024-08-23,0.011253854906335549,0.016430820232597468,16430.820232597467,-0.011253854906335549,False,0.016,4.0,0.0
2024-08-26,-0.003976653460805513,0.016430820232597468,16430.820232597467,0.003976653460805513,False,0.016,4.0,0.0
2024-08-27,0.001342954407506958,0.016430820232597468,16430.820232597467,-0.001342954407506958,False,0.016,4.0,0.0
2024-08-28,-0.006321406744538938,0.016430820232597468,16430.820232597467,0.006321406744538938,False,0.016,4.0,0.0
2024-08-29,0.00019912138108522113,0.016430820232597468,16430.820232597467,-0.00019912138108522113,False,0.016,4.0,0.0
2024-08-30,0.001151139792546374,0.016430820232597468,16430.820232597467,-0.001151139792546374,False,0.016,4.0,0.0
2024-09-03,-0.011747530083894555,0.016430820232597468,16430.820232597467,0.011747530083894555,False,0.016,4.0,0.0
2024-09-04,0.0017234819782974808,0.016430820232597468,16430.820232597467,-0.0017234819782974808,False,0.016,4.0,0.0
2024-09-05,0.0027803261064625498,0.016430820232597468,16430.820232597467,-0.0027803261064625498,False,0.016,4.0,0.0
2024-09-06,-0.013889619007730248,0.016430820232597468,16430.820232597467,0.013889619007730248,False,0.016,4.0,0.0
2024-09-09,0.008191655330665527,0.016430820232597468,16430.820232597467,-0.008191655330665527,False,0.016,4.0,0.0
2024-09-10,0.004240960491568591,0.016430820232597468,16430.820232597467,-0.004240960491568591,False,0.016,4.0,0.0
2024-09-11,0.007395062567909472,0.016430820232597468,16430.820232597467,-0.007395062567909472,False,0.016,4.0,0.0
2024-09-12,0.007882713253918228,0.016430820232597468,16430.820232597467,-0.007882713253918228,False,0.016,4.0,0.0
2024-09-13,0.005406788547202579,0.016430820232597468,16430.820232597467,-0.005406788547202579,False,0.016,4.0,0.0
2024-09-16,0.0018812668624489384,0.016430820232597468,16430.820232597467,-0.0018812668624489384,False,0.016,4.0,0.0
2024-09-17,-0.001653262174243131,0.016430820232597468,16430.820232597467,0.001653262174243131,False,0.016,4.0,0.0
2024-09-18,-0.006177652101664589,0.016430820232597468,16430.820232597467,0.006177652101664589,False,0.016,4.0,0.0
2024-09-19,0.015160532778584111,0.016430820232597468,16430.820232597467,-0.015160532778584111,False,0.016,4.0,0.0
2024-09-20,0.0006388856659417908,0.01562632929847736,15626.329298477358,-0.0006388856659417908,False,0.016,4.0,0.0
2024-09-23,0.002549671433424749,0.01562632929847736,15626.329298477358,-0.002549671433424749,False,0.016,4.0,0.0
2024-09-24,0.011103739434233996,0.01562632929847736,15626.329298477358,-0.011103739434233996,False,0.016,4.0,0.0
2024-09-25,-0.004302894895570564,0.01562632929847736,15626.329298477358,0.004302894895570564,False,0.016,4.0,0.0
2024-09-26,0.011108303900791316,0.01562632929847736,15626.329298477358,-0.011108303900791316,False,0.016,4.0,0.0
2024-09-27,-0.0023338468854132936,0.01562632929847736,15626.329298477358,0.0023338468854132936,False,0.016,4.0,0.0
2024-09-30,-0.004427944885978508,0.01562632929847736,15626.329298477358,0.004427944885978508,False,0.016,4.0,0.0
2024-10-01,0.0004032869909609048,0.01562632929847736,15626.329298477358,-0.0004032869909609048,False,0.016,4.0,0.0
2024-10-02,0.0026624400018191437,0.01562632929847736,15626.329298477358,-0.0026624400018191437,False,0.016,4.0,0.0
2024-10-03,-0.004915408429026358,0.01562632929847736,15626.329298477358,0.004915408429026358,False,0.016,4.0,0.0
2024-10-04,0.00318557813476279,0.01562632929847736,15626.329298477358,-0.00318557813476279,False,0.016,4.0,0.0
2024-10-07,-0.0044744329921574625,0.01562632929847736,15626.329298477358,0.0044744329921574625,False,0.016,4.0,0.0
2024-10-08,-0.0011994344686447665,0.01562632929847736,15626.329298477358,0.0011994344686447665,False,0.016,4.0,0.0
2024-10-09,-0.0003496024591591597,0.01562632929847736,15626.329298477358,0.0003496024591591597,False,0.016,4.0,0.0
2024-10-10,0.000499757631832254,0.01562632929847736,15626.329298477358,-0.000499757631832254,False,0.016,4.0,0.0
2024-10-11,0.004318920670665616,0.01562632929847736,15626.329298477358,-0.004318920670665616,False,0.016,4.0,0.0
2024-10-14,0.0023178039662025587,0.01562632929847736,15626.329298477358,-0.0023178039662025587,False,0.016,4.0,0.0
2024-10-15,-0.005347216984348279,0.01562632929847736,15626.329298477358,0.005347216984348279,False,0.016,4.0,0.0
2024-10-16,0.00428589531052257,0.01562632929847736,15626.329298477358,-0.00428589531052257,False,0.016,4.0,0.0
2024-10-17,-0.0021226349303408833,0.01562632929847736,15626.329298477358,0.0021226349303408833,False,0.016,4.0,0.0
2024-10-18,0.00633246315368723,0.01562632929847736,15626.329298477358,-0.00633246315368723,False,0.016,4.0,0.0
2024-10-21,-0.004871905441832381,0.01562632929847736,15626.329298477358,0.004871905441832381,False,0.016,4.0,0.0
2024-10-22,0.0020257804705658303,0.01562632929847736,15626.329298477358,-0.0020257804705658303,False,0.016,4.0,0.0
2024-10-23,-0.00903079010174821,0.01562632929847736,15626.329298477358,0.00903079010174821,False,0.016,4.0,0.0
2024-10-24,0.004565038059436888,0.01562632929847736,15626.329298477358,-0.004565038059436888,False,0.016,4.0,0.0
2024-10-25,0.0002615755554947307,0.01562632929847736,15626.329298477358,-0.0002615755554947307,False,0.016,4.0,0.0
2024-10-28,0.0010022929513233026,0.01562632929847736,15626.329298477358,-0.0010022929513233026,False,0.016,4.0,0.0
2024-10-29,0.004111212930476827,0.01562632929847736,15626.329298477358,-0.004111212930476827,False,0.016,4.0,0.0
2024-10-30,-0.0023762867150418864,0.01562632929847736,15626.329298477358,0.0023762867150418864,False,0.016,4.0,0.0
2024-10-31,-0.01303963551662728,0.01562632929847736,15626.329298477358,0.01303963551662728,False,0.016,4.0,0.0
2024-11-01,-0.0011362563531209793,0.01562632929847736,15626.329298477358,0.0011362563531209793,False,0.016,4.0,0.0
2024-11-04,0.0034999611505319495,0.01562632929847736,15626.329298477358,-0.0034999611505319495,False,0.016,4.0,0.0
2024-11-05,0.009209829064236752,0.01562632929847736,15626.329298477358,-0.009209829064236752,False,0.016,4.0,0.0
2024-11-06,-0.003618942515905332,0.01562632929847736,15626.329298477358,0.003618942515905332,False,0.016,4.0,0.0
2024-11-07,0.014836735165462666,0.01562632929847736,15626.329298477358,-0.014836735165462666,False,0.016,4.0,0.0
2024-11-08,-0.002650270784964182,0.01562632929847736,15626.329298477358,0.002650270784964182,False,0.016,4.0,0.0
2024-11-11,-0.0071164388547858785,0.01562632929847736,15626.329298477358,0.0071164388547858785,False,0.016,4.0,0.0
2024-11-12,-0.00949970891281464,0.01562632929847736,15626.329298477358,0.00949970891281464,False,0.016,4.0,0.0
2024-11-13,-0.005361842028312425,0.01562632929847736,15626.329298477358,0.005361842028312425,False,0.016,4.0,0.0
2024-11-14,-0.0031510850030156633,0.01562632929847736,15626.329298477358,0.0031510850030156633,False,0.016,4.0,0.0
2024-11-15,-0.008212785854468763,0.01562632929847736,15626.329298477358,0.008212785854468763,False,0.016,4.0,0.0
2024-11-18,0.008650011880108189,0.01562632929847736,15626.329298477358,-0.008650011880108189,False,0.016,4.0,0.0
2024-11-19,0.0047802586488430165,0.01562632929847736,15626.329298477358,-0.0047802586488430165,False,0.016,4.0,0.0
2024-11-20,0.00020917928556545278,0.01562632929847736,15626.329298477358,-0.00020917928556545278,False,0.016,4.0,0.0
2024-11-21,0.0028910344829532254,0.01562632929847736,15626.329298477358,-0.0028910344829532254,False,0.016,4.0,0.0
2024-11-22,0.003676053848770655,0.01562632929847736,15626.329298477358,-0.003676053848770655,False,0.016,4.0,0.0
2024-11-25,0.00041922018442035533,0.01562632929847736,15626.329298477358,-0.00041922018442035533,False,0.016,4.0,0.0
2024-11-26,0.0008981026826123007,0.01562632929847736,15626.329298477358,-0.0008981026826123007,False,0.016,4.0,0.0
2024-11-27,-7.222433379305838e-05,0.01562632929847736,15626.329298477358,7.222433379305838e-05,False,0.016,4.0,0.0
2024-11-29,0.007113151663100715,0.01562632929847736,15626.329298477358,-0.007113151663100715,False,0.016,4.0,0.0
2024-12-02,0.0020516404560960715,0.01562632929847736,15626.329298477358,-0.0020516404560960715,False,0.016,4.0,0.0
2024-12-03,-0.00020272129165346275,0.01562632929847736,15626.329298477358,0.00020272129165346275,False,0.016,4.0,0.0
2024-12-04,0.006975842844884861,0.01562632929847736,15626.329298477358,-0.006975842844884861,False,0.016,4.0,0.0
2024-12-05,-0.0006295356874256754,0.01562632929847736,15626.329298477358,0.0006295356874256754,False,0.016,4.0,0.0
2024-12-06,0.002221505333743701,0.01562632929847736,15626.329298477358,-0.002221505333743701,False,0.016,4.0,0.0
2024-12-09,0.0016579923166591295,0.01562632929847736,15626.329298477358,-0.0016579923166591295,False,0.016,4.0,0.0
2024-12-10,-0.0028293375000035146,0.01562632929847736,15626.329298477358,0.0028293375000035146,False,0.016,4.0,0.0
2024-12-11,0.005960215465100883,0.01562632929847736,15626.329298477358,-0.005960215465100883,False,0.016,4.0,0.0
2024-12-12,-0.008678777081909339,0.01562632929847736,15626.329298477358,0.008678777081909339,False,0.016,4.0,0.0
2024-12-13,-0.002787458874571391,0.01562632929847736,15626.329298477358,0.002787458874571391,False,0.016,4.0,0.0
2024-12-16,0.0037259717171310045,0.01562632929847736,15626.329298477358,-0.0037259717171310045,False,0.016,4.0,0.0
2024-12-17,-0.002464224771013801,0.01562632929847736,15626.329298477358,0.002464224771013801,False,0.016,4.0,0.0
2024-12-18,-0.024169433321582567,0.01562632929847736,15626.329298477358,0.024169433321582567,True,0.02,5.0,0.008543104023105208
2024-12-19,-0.0030288385685052215,0.016661954941583023,16661.954941583022,0.0030288385685052215,False,0.02,5.0,0.0
2024-12-20,0.008181875568101927,0.016661954941583023,16661.954941583022,-0.008181875568101927,False,0.02,5.0,0.0
2024-12-23,0.0015055861247278866,0.016661954941583023,16661.954941583022,-0.0015055861247278866,False,0.02,5.0,0.0
2024-12-24,0.00679071335494692,0.016661954941583023,16661.954941583022,-0.00679071335494692,False,0.02,5.0,0.0
2024-12-26,0.0004103538559013575,0.016661954941583023,16661.954941583022,-0.0004103538559013575,False,0.02,5.0,0.0
2024-12-27,-0.00867203829248262,0.016661954941583023,16661.954941583022,0.00867203829248262,False,0.02,5.0,0.0
2024-12-30,-0.005580519491146418,0.016661954941583023,16661.954941583022,0.005580519491146418,False,0.02,5.0,0.0
2024-12-31,-0.00291773859871165,0.016661954941583023,16661.954941583022,0.00291773859871165,False,0.02,5.0,0.0
2025-01-02,0.0020976233173048975,0.016661954941583023,16661.954941583022,-0.0020976233173048975,False,0.02,5.0,0.0
2025-01-03,0.005429235465514792,0.016661954941583023,16661.954941583022,-0.005429235465514792,False,0.02,5.0,0.0
2025-01-06,0.0030225071799113274,0.016661954941583023,16661.954941583022,-0.0030225071799113274,False,0.02,5.0,0.0
2025-01-07,-0.008376960053659043,0.016661954941583023,16661.954941583022,0.008376960053659043,False,0.02,5.0,0.0
2025-01-08,0.0006939851923684959,0.016661954941583023,16661.954941583022,-0.0006939851923684959,False,0.02,5.0,0.0
2025-01-10,-0.009000330848066708,0.016661954941583023,16661.954941583022,0.009000330848066708,False,0.02,5.0,0.0
2025-01-13,-0.0037559706391694374,0.016661954941583023,16661.954941583022,0.0037559706391694374,False,0.02,5.0,0.0
2025-01-14,0.003061837899579989,0.016661954941583023,16661.954941583022,-0.003061837899579989,False,0.02,5.0,0.0
2025-01-15,0.01580105488821264,0.016661954941583023,16661.954941583022,-0.01580105488821264,False,0.02,5.0,0.0
2025-01-16,2.5837106898185447e-06,0.016661954941583023,16661.954941583022,-2.5837106898185447e-06,False,0.02,5.0,0.0
2025-01-17,0.006247291567040625,0.016661954941583023,16661.954941583022,-0.006247291567040625,False,0.02,5.0,0.0
2025-01-21,0.010028285286023442,0.016661954941583023,16661.954941583022,-0.010028285286023442,False,0.02,5.0,0.0
2025-01-22,0.003803858171649299,0.016661954941583023,16661.954941583022,-0.003803858171649299,False,0.02,5.0,0.0
2025-01-23,0.0001495306646359217,0.016661954941583023,16661.954941583022,-0.0001495306646359217,False,0.02,5.0,0.0
2025-01-24,0.0017403882505678814,0.016661954941583023,16661.954941583022,-0.0017403882505678814,False,0.02,5.0,0.0
2025-01-27,-0.012003310995790106,0.016661954941583023,16661.954941583022,0.012003310995790106,False,0.02,5.0,0.0
2025-01-28,0.007740009306828455,0.016661954941583023,16661.954941583022,-0.007740009306828455,False,0.02,5.0,0.0
2025-01-29,-0.00240142823505789,0.016661954941583023,16661.954941583022,0.00240142823505789,False,0.02,5.0,0.0
2025-01-30,0.009093953449724124,0.016661954941583023,16661.954941583022,-0.009093953449724124,False,0.02,5.0,0.0
2025-01-31,-0.004540718537914446,0.016661954941583023,16661.954941583022,0.004540718537914446,False,0.02,5.0,0.0
2025-02-03,-0.0017020387919701068,0.016661954941583023,16661.954941583022,0.0017020387919701068,False,0.02,5.0,0.0
2025-02-04,0.009962964847932108,0.016661954941583023,16661.954941583022,-0.009962964847932108,False,0.02,5.0,0.0
2025-02-05,0.0057528126044788415,0.016661954941583023,16661.954941583022,-0.0057528126044788415,False,0.02,5.0,0.0
2025-02-06,0.0019561299457568904,0.016661954941583023,16661.954941583022,-0.0019561299457568904,False,0.02,5.0,0.0
2025-02-07,-0.005472642384448267,0.016661954941583023,16661.954941583022,0.005472642384448267,False,0.02,5.0,0.0
2025-02-10,0.008969348889927287,0.016661954941583023,16661.954941583022,-0.008969348889927287,False,0.02,5.0,0.0
2025-02-11,-0.0031128480120737882,0.016661954941583023,16661.954941583022,0.0031128480120737882,False,0.02,5.0,0.0
2025-02-12,-0.0019293841119379044,0.016661954941583023,16661.954941583022,0.0019293841119379044,False,0.016,4.0,0.0
2025-02-13,0.011564688125601831,0.01646913027612453,16469.13027612453,-0.011564688125601831,False,0.016,4.0,0.0
2025-02-14,0.00045851945595274394,0.01646913027612453,16469.13027612453,-0.00045851945595274394,False,0.016,4.0,0.0
2025-02-18,0.0032581310060813217,0.01646913027612453,16469.13027612453,-0.0032581310060813217,False,0.016,4.0,0.0
2025-02-19,0.0005738310915102353,0.01646913027612453,16469.13027612453,-0.0005738310915102353,False,0.016,4.0,0.0
2025-02-20,0.0010084220566637823,0.01646913027612453,16469.13027612453,-0.0010084220566637823,False,0.016,4.0,0.0
2025-02-21,-0.005916708150059091,0.01646913027612453,16469.13027612453,0.005916708150059091,False,0.016,4.0,0.0
2025-02-24,-0.004678202620316441,0.01646913027612453,16469.13027612453,0.004678202620316441,False,0.016,4.0,0.0
2025-02-25,-0.0025670154529422455,0.01646913027612453,16469.13027612453,0.0025670154529422455,False,0.016,4.0,0.0
2025-02-26,0.004059847187759092,0.01646913027612453,16469.13027612453,-0.004059847187759092,False,0.016,4.0,0.0
2025-02-27,-0.017102643510171545,0.01646913027612453,16469.13027612453,0.017102643510171545,True,0.02,5.0,0.0006335132340470132
2025-02-28,0.004740352274210192,0.017290864819238517,17290.864819238515,-0.004740352274210192,False,0.02,5.0,0.0
2025-03-03,-0.006069917283221727,0.017290864819238517,17290.864819238515,0.006069917283221727,False,0.02,5.0,0.0
2025-03-04,-0.0020133140604014165,0.017290864819238517,17290.864819238515,0.0020133140604014165,False,0.02,5.0,0.0
2025-03-05,0.009549805727869388,0.017290864819238517,17290.864819238515,-0.009549805727869388,False,0.02,5.0,0.0
2025-03-06,-0.011988941618029103,0.017290864819238517,17290.864819238515,0.011988941618029103,False,0.02,5.0,0.0
2025-03-07,0.003050083682712601,0.017290864819238517,17290.864819238515,-0.003050083682712601,False,0.02,5.0,0.0
2025-03-10,-0.01751591035345654,0.017290864819238517,17290.864819238515,0.01751591035345654,True,0.024,6.0,0.0002250455342180241
2025-03-11,0.00043754587458741964,0.017494249681507316,17494.249681507317,-0.00043754587458741964,False,0.024,6.0,0.0
2025-03-12,0.004090061224223929,0.017494249681507316,17494.249681507317,-0.004090061224223929,False,0.024,6.0,0.0
2025-03-13,-0.0017736222045044107,0.017494249681507316,17494.249681507317,0.0017736222045044107,False,0.024,6.0,0.0
2025-03-14,0.0116408555417308,0.017494249681507316,17494.249681507317,-0.0116408555417308,False,0.024,6.0,0.0
2025-03-17,0.00832941133563092,0.017494249681507316,17494.249681507317,-0.00832941133563092,False,0.024,6.0,0.0
2025-03-18,-0.004052682972989064,0.017494249681507316,17494.249681507317,0.004052682972989064,False,0.024,6.0,0.0
2025-03-19,0.007199930392204213,0.017494249681507316,17494.249681507317,-0.007199930392204213,False,0.024,6.0,0.0
2025-03-20,-0.0032383506406484797,0.017494249681507316,17494.249681507317,0.0032383506406484797,False,0.024,6.0,0.0
2025-03-21,-0.0030504644923643686,0.017494249681507316,17494.249681507317,0.0030504644923643686,False,0.024,6.0,0.0
2025-03-24,0.00592651612184314,0.017494249681507316,17494.249681507317,-0.00592651612184314,False,0.024,6.0,0.0
2025-03-25,0.0018992615499752175,0.017494249681507316,17494.249681507317,-0.0018992615499752175,False,0.024,6.0,0.0
2025-03-26,-0.00875694064084649,0.017494249681507316,17494.249681507317,0.00875694064084649,False,0.024,6.0,0.0
2025-03-27,0.0014186909695574458,0.017494249681507316,17494.249681507317,-0.0014186909695574458,False,0.024,6.0,0.0
2025-03-28,-0.008765973199117873,0.017494249681507316,17494.249681507317,0.008765973199117873,False,0.024,6.0,0.0
2025-03-31,0.005861543972982131,0.017494249681507316,17494.249681507317,-0.005861543972982131,False,0.024,6.0,0.0
2025-04-01,0.004155285589460611,0.017494249681507316,17494.249681507317,-0.004155285589460611,False,0.024,6.0,0.0
2025-04-02,0.0032782909291012353,0.017494249681507316,17494.249681507317,-0.0032782909291012353,False,0.024,6.0,0.0
2025-04-03,-0.025088716888988838,0.017494249681507316,17494.249681507317,0.025088716888988838,True,0.028,7.0,0.007594467207481522
2025-04-04,-0.03775536904666752,0.01824288402993034,18242.88402993034,0.03775536904666752,True,0.032,8.0,0.01951248501673718
2025-04-07,-0.017644070768403287,0.021607671972048183,21607.671972048185,0.017644070768403287,False,0.032,8.0,0.0
2025-04-08,-0.012236638162669268,0.021607671972048183,21607.671972048185,0.012236638162669268,False,0.032,8.0,0.0
2025-04-09,0.06744834371296182,0.021607671972048183,21607.671972048185,-0.06744834371296182,False,0.032,8.0,0.0
2025-04-10,-0.02134671012281002,0.021607671972048183,21607.671972048185,0.02134671012281002,False,0.032,8.0,0.0
2025-04-11,0.018432989454197555,0.022786298954184013,22786.298954184014,-0.018432989454197555,False,0.032,8.0,0.0
2025-04-14,0.005402231371424882,0.022786298954184013,22786.298954184014,-0.005402231371424882,False,0.032,8.0,0.0
2025-04-15,0.0012278249933231678,0.022786298954184013,22786.298954184014,-0.0012278249933231678,False,0.032,8.0,0.0
2025-04-16,-0.005180627334869903,0.022786298954184013,22786.298954184014,0.005180627334869903,False,0.032,8.0,0.0
2025-04-17,-0.0008568608580729943,0.022786298954184013,22786.298954184014,0.0008568608580729943,False,0.032,8.0,0.0
2025-04-21,-0.007066422423884357,0.022786298954184013,22786.298954184014,0.007066422423884357,False,0.032,8.0,0.0
2025-04-22,0.011737589667567706,0.022786298954184013,22786.298954184014,-0.011737589667567706,False,0.032,8.0,0.0
2025-04-23,0.007085368376049561,0.022786298954184013,22786.298954184014,-0.007085368376049561,False,0.032,8.0,0.0
2025-04-24,0.017179598728078282,0.022786298954184013,22786.298954184014,-0.017179598728078282,False,0.032,8.0,0.0
2025-04-25,0.0026120080407789235,0.022786298954184013,22786.298954184014,-0.0026120080407789235,False,0.032,8.0,0.0
2025-04-28,0.004489420692501179,0.022786298954184013,22786.298954184014,-0.004489420692501179,False,0.032,8.0,0.0
2025-04-29,0.0028612743611766693,0.022786298954184013,22786.298954184014,-0.0028612743611766693,False,0.032,8.0,0.0
2025-04-30,-0.0025569408491329607,0.022786298954184013,22786.298954184014,0.0025569408491329607,False,0.028,7.0,0.0
2025-05-01,-0.0011847131981716163,0.022786298954184013,22786.298954184014,0.0011847131981716163,False,0.028,7.0,0.0
2025-05-02,0.00983665719905944,0.022786298954184013,22786.298954184014,-0.00983665719905944,False,0.028,7.0,0.0
2025-05-05,0.004034233751554583,0.022786298954184013,22786.298954184014,-0.004034233751554583,False,0.028,7.0,0.0
2025-05-06,0.0019436429143246728,0.022786298954184013,22786.298954184014,-0.0019436429143246728,False,0.028,7.0,0.0
2025-05-07,-0.0028298611202594247,0.022786298954184013,22786.298954184014,0.0028298611202594247,False,0.028,7.0,0.0
2025-05-08,-0.002844493981145168,0.022786298954184013,22786.298954184014,0.002844493981145168,False,0.028,7.0,0.0
2025-05-09,0.0027091030089990255,0.022786298954184013,22786.298954184014,-0.0027091030089990255,False,0.028,7.0,0.0
2025-05-12,0.01157817551500562,0.022786298954184013,22786.298954184014,-0.01157817551500562,False,0.028,7.0,0.0
2025-05-13,0.004757780581403415,0.022786298954184013,22786.298954184014,-0.004757780581403415,False,0.028,7.0,0.0
2025-05-14,-0.0025575365016765163,0.022786298954184013,22786.298954184014,0.0025575365016765163,False,0.028,7.0,0.0
2025-05-15,0.0060611310542944006,0.022786298954184013,22786.298954184014,-0.0060611310542944006,False,0.028,7.0,0.0
2025-05-16,0.00012476008470729846,0.022786298954184013,22786.298954184014,-0.00012476008470729846,False,0.028,7.0,0.0
2025-05-19,0.0028395991185485637,0.022786298954184013,22786.298954184014,-0.0028395991185485637,False,0.028,7.0,0.0
2025-05-20,0.0007286108938614036,0.022786298954184013,22786.298954184014,-0.0007286108938614036,False,0.028,7.0,0.0
2025-05-21,-0.008610013742032675,0.022786298954184013,22786.298954184014,0.008610013742032675,False,0.028,7.0,0.0
2025-05-22,-0.0009205539261187834,0.022786298954184013,22786.298954184014,0.0009205539261187834,False,0.028,7.0,0.0
2025-05-23,0.0023210093096107673,0.022786298954184013,22786.298954184014,-0.0023210093096107673,False,0.028,7.0,0.0
2025-05-27,0.007788682182262697,0.022786298954184013,22786.298954184014,-0.007788682182262697,False,0.028,7.0,0.0
2025-05-28,-0.004270511173045489,0.022786298954184013,22786.298954184014,0.004270511173045489,False,0.028,7.0,0.0
2025-05-29,0.004959181693410653,0.022786298954184013,22786.298954184014,-0.004959181693410653,False,0.028,7.0,0.0
2025-05-30,-0.003983291388696575,0.022786298954184013,22786.298954184014,0.003983291388696575,False,0.028,7.0,0.0
2025-06-02,0.007611037426462942,0.022786298954184013,22786.298954184014,-0.007611037426462942,False,0.028,7.0,0.0
2025-06-03,0.001060363291627331,0.022786298954184013,22786.298954184014,-0.001060363291627331,False,0.028,7.0,0.0
2025-06-04,0.007519355918165771,0.022786298954184013,22786.298954184014,-0.007519355918165771,False,0.028,7.0,0.0
2025-06-05,-0.0023114920654965457,0.022786298954184013,22786.298954184014,0.0023114920654965457,False,0.028,7.0,0.0
2025-06-06,-0.0005776805514920987,0.022786298954184013,22786.298954184014,0.0005776805514920987,False,0.028,7.0,0.0
2025-06-09,0.003334276489762455,0.022786298954184013,22786.298954184014,-0.003334276489762455,False,0.028,7.0,0.0
2025-06-10,0.004686512698681433,0.022786298954184013,22786.298954184014,-0.004686512698681433,False,0.028,7.0,0.0
2025-06-11,0.0012841499785687161,0.022786298954184013,22786.298954184014,-0.0012841499785687161,False,0.028,7.0,0.0
2025-06-12,0.006474728534313457,0.022786298954184013,22786.298954184014,-0.006474728534313457,False,0.028,7.0,0.0
2025-06-13,-0.007229345755513506,0.022786298954184013,22786.298954184014,0.007229345755513506,False,0.028,7.0,0.0
2025-06-16,0.0022693836430513594,0.022786298954184013,22786.298954184014,-0.0022693836430513594,False,0.028,7.0,0.0
2025-06-17,-0.003748256845789966,0.022786298954184013,22786.298954184014,0.003748256845789966,False,0.028,7.0,0.0
2025-06-18,-0.0008373683556712973,0.022786298954184013,22786.298954184014,0.0008373683556712973,False,0.028,7.0,0.0
2025-06-20,-0.0028982292643300323,0.022786298954184013,22786.298954184014,0.0028982292643300323,False,0.028,7.0,0.0
2025-06-23,0.0069324729963120115,0.022786298954184013,22786.298954184014,-0.0069324729963120115,False,0.028,7.0,0.0
2025-06-24,0.008757047701903066,0.022786298954184013,22786.298954184014,-0.008757047701903066,False,0.028,7.0,0.0
2025-06-25,0.0016494424951546184,0.022786298954184013,22786.298954184014,-0.0016494424951546184,False,0.028,7.0,0.0
2025-06-26,0.005553466393333407,0.022786298954184013,22786.298954184014,-0.005553466393333407,False,0.028,7.0,0.0
2025-06-27,-0.0040068358421011755,0.022786298954184013,22786.298954184014,0.0040068358421011755,False,0.028,7.0,0.0
2025-06-30,0.007240527353614779,0.022786298954184013,22786.298954184014,-0.007240527353614779,False,0.028,7.0,0.0
2025-07-01,0.0009030821006615229,0.022786298954184013,22786.298954184014,-0.0009030821006615229,False,0.028,7.0,0.0
2025-07-02,0.003003510814785782,0.022786298954184013,22786.298954184014,-0.003003510814785782,False,0.028,7.0,0.0
2025-07-03,0.0016931957358470753,0.022786298954184013,22786.298954184014,-0.0016931957358470753,False,0.028,7.0,0.0
2025-07-07,-0.007586149569260514,0.022786298954184013,22786.298954184014,0.007586149569260514,False,0.028,7.0,0.0
2025-07-08,-0.0010931017251382127,0.022786298954184013,22786.298954184014,0.0010931017251382127,False,0.028,7.0,0.0
2025-07-09,0.005270925556196926,0.022786298954184013,22786.298954184014,-0.005270925556196926,False,0.028,7.0,0.0
2025-07-10,0.0013979841833397842,0.022786298954184013,22786.298954184014,-0.0013979841833397842,False,0.028,7.0,0.0
2025-07-11,-0.002652638444935862,0.022786298954184013,22786.298954184014,0.002652638444935862,False,0.028,7.0,0.0
2025-07-14,0.00024639568672737424,0.022786298954184013,22786.298954184014,-0.00024639568672737424,False,0.028,7.0,0.0
2025-07-15,-0.0014557471693362302,0.022786298954184013,22786.298954184014,0.0014557471693362302,False,0.028,7.0,0.0
2025-07-16,0.00309832748857124,0.022786298954184013,22786.298954184014,-0.00309832748857124,False,0.028,7.0,0.0
2025-07-17,0.0035057418584356626,0.022786298954184013,22786.298954184014,-0.0035057418584356626,False,0.028,7.0,0.0
2025-07-18,3.96935784237495e-05,0.022786298954184013,22786.298954184014,-3.96935784237495e-05,False,0.028,7.0,0.0
2025-07-21,0.007577401924857697,0.022786298954184013,22786.298954184014,-0.007577401924857697,False,0.028,7.0,0.0
2025-07-22,0.002221193220327633,0.022786298954184013,22786.298954184014,-0.002221193220327633,False,0.028,7.0,0.0
2025-07-23,0.0010470178070973058,0.022786298954184013,22786.298954184014,-0.0010470178070973058,False,0.028,7.0,0.0
2025-07-24,-0.0021619920436063643,0.022786298954184013,22786.298954184014,0.0021619920436063643,False,0.024,6.0,0.0
2025-07-25,0.0001296390587842697,0.022786298954184013,22786.298954184014,-0.0001296390587842697,False,0.024,6.0,0.0
2025-07-28,-0.0033488081360592667,0.022786298954184013,22786.298954184014,0.0033488081360592667,False,0.024,6.0,0.0
2025-07-29,0.0031712941785730256,0.022786298954184013,22786.298954184014,-0.0031712941785730256,False,0.024,6.0,0.0
2025-07-30,-0.005932675273175203,0.022786298954184013,22786.298954184014,0.005932675273175203,False,0.024,6.0,0.0
2025-07-31,-0.001512494646078122,0.022786298954184013,22786.298954184014,0.001512494646078122,False,0.024,6.0,0.0
2025-08-01,-0.001797332004320573,0.022786298954184013,22786.298954184014,0.001797332004320573,False,0.024,6.0,0.0
2025-08-04,0.010516158261013642,0.022786298954184013,22786.298954184014,-0.010516158261013642,False,0.024,6.0,0.0
2025-08-05,-0.001022826726418935,0.022786298954184013,22786.298954184014,0.001022826726418935,False,0.02,5.0,0.0
2025-08-06,0.003411399675050397,0.022786298954184013,22786.298954184014,-0.003411399675050397,False,0.02,5.0,0.0
2025-08-07,0.003526428419726635,0.022786298954184013,22786.298954184014,-0.003526428419726635,False,0.02,5.0,0.0
2025-08-08,0.0023518517609548485,0.022786298954184013,22786.298954184014,-0.0023518517609548485,False,0.02,5.0,0.0
2025-08-11,-0.004199465349653142,0.022786298954184013,22786.298954184014,0.004199465349653142,False,0.02,5.0,0.0
2025-08-12,0.005888585989863105,0.022786298954184013,22786.298954184014,-0.005888585989863105,False,0.02,5.0,0.0
2025-08-13,0.005455405378107515,0.022786298954184013,22786.298954184014,-0.005455405378107515,False,0.02,5.0,0.0
2025-08-14,-0.0053424611047607545,0.022786298954184013,22786.298954184014,0.0053424611047607545,False,0.02,5.0,0.0
2025-08-15,-0.002414969856367244,0.022786298954184013,22786.298954184014,0.002414969856367244,False,0.02,5.0,0.0
2025-08-18,0.00014721919025417757,0.022786298954184013,22786.298954184014,-0.00014721919025417757,False,0.02,5.0,0.0
2025-08-19,-0.00536490782739687,0.022786298954184013,22786.298954184014,0.00536490782739687,False,0.02,5.0,0.0
2025-08-20,0.0004630859822196021,0.022786298954184013,22786.298954184014,-0.0004630859822196021,False,0.02,5.0,0.0
2025-08-21,-0.0038548405372812013,0.022786298954184013,22786.298954184014,0.0038548405372812013,False,0.02,5.0,0.0
2025-08-22,0.013768172999816254,0.022786298954184013,22786.298954184014,-0.013768172999816254,False,0.02,5.0,0.0
2025-08-25,-0.0036600883546143996,0.022786298954184013,22786.298954184014,0.0036600883546143996,False,0.02,5.0,0.0
2025-08-26,0.002461185368209651,0.022786298954184013,22786.298954184014,-0.002461185368209651,False,0.02,5.0,0.0
2025-08-27,-0.0002586990964709157,0.022786298954184013,22786.298954184014,0.0002586990964709157,False,0.02,5.0,0.0
2025-08-28,0.00552107069646941,0.022786298954184013,22786.298954184014,-0.00552107069646941,False,0.02,5.0,0.0
2025-08-29,-0.0039576136166808995,0.022786298954184013,22786.298954184014,0.0039576136166808995,False,0.02,5.0,0.0
2025-09-02,-7.838755480273871e-05,0.022786298954184013,22786.298954184014,7.838755480273871e-05,False,0.02,5.0,0.0
2025-09-03,0.007182050162415666,0.022786298954184013,22786.298954184014,-0.007182050162415666,False,0.02,5.0,0.0
2025-09-04,0.0034829236215989435,0.022786298954184013,22786.298954184014,-0.0034829236215989435,False,0.02,5.0,0.0
2025-09-05,0.007835132945549073,0.022786298954184013,22786.298954184014,-0.007835132945549073,False,0.02,5.0,0.0
2025-09-08,0.008233040509164579,0.022786298954184013,22786.298954184014,-0.008233040509164579,False,0.02,5.0,0.0
2025-09-09,0.000538389839554987,0.022786298954184013,22786.298954184014,-0.000538389839554987,False,0.02,5.0,0.0
2025-09-10,0.0038725835543750088,0.022786298954184013,22786.298954184014,-0.0038725835543750088,False,0.02,5.0,0.0
2025-09-11,0.006775442646025698,0.022786298954184013,22786.298954184014,-0.006775442646025698,False,0.02,5.0,0.0
2025-09-12,0.00023262911813637372,0.022786298954184013,22786.298954184014,-0.00023262911813637372,False,0.02,5.0,0.0
2025-09-15,0.0067783889032190904,0.022786298954184013,22786.298954184014,-0.0067783889032190904,False,0.02,5.0,0.0
2025-09-16,0.0018601194720225813,0.022786298954184013,22786.298954184014,-0.0018601194720225813,False,0.02,5.0,0.0
2025-09-17,-0.0018323903557408096,0.022786298954184013,22786.298954184014,0.0018323903557408096,False,0.02,5.0,0.0
2025-09-18,-0.0006154887287144196,0.022786298954184013,22786.298954184014,0.0006154887287144196,False,0.02,5.0,0.0
2025-09-19,0.003632942261710803,0.022786298954184013,22786.298954184014,-0.003632942261710803,False,0.02,5.0,0.0
2025-09-22,0.005853547301239882,0.022786298954184013,22786.298954184014,-0.005853547301239882,False,0.02,5.0,0.0
2025-09-23,-8.925504992307603e-05,0.022786298954184013,22786.298954184014,8.925504992307603e-05,False,0.02,5.0,0.0
2025-09-24,-0.004587796179749271,0.022786298954184013,22786.298954184014,0.004587796179749271,False,0.02,5.0,0.0
2025-09-25,-0.0021190854386156756,0.022786298954184013,22786.298954184014,0.0021190854386156756,False,0.02,5.0,0.0
2025-09-26,0.002563968468431899,0.022786298954184013,22786.298954184014,-0.002563968468431899,False,0.02,5.0,0.0
2025-09-29,0.00825112167890576,0.022786298954184013,22786.298954184014,-0.00825112167890576,False,0.02,5.0,0.0
2025-09-30,0.0032186810724716963,0.022786298954184013,22786.298954184014,-0.0032186810724716963,False,0.02,5.0,0.0
2025-10-01,0.004045483609547951,0.022786298954184013,22786.298954184014,-0.004045483609547951,False,0.02,5.0,0.0
2025-10-02,0.0018674418451496422,0.022786298954184013,22786.298954184014,-0.0018674418451496422,False,0.02,5.0,0.0
2025-10-03,0.0009738126780977078,0.022786298954184013,22786.298954184014,-0.0009738126780977078,False,0.02,5.0,0.0
2025-10-06,0.005321739862457742,0.022786298954184013,22786.298954184014,-0.005321739862457742,False,0.02,5.0,0.0
2025-10-07,-0.0011542534848662856,0.022786298954184013,22786.298954184014,0.0011542534848662856,False,0.02,5.0,0.0
2025-10-08,0.008531320196265924,0.022786298954184013,22786.298954184014,-0.008531320196265924,False,0.02,5.0,0.0
2025-10-09,-0.006724272117444997,0.022786298954184013,22786.298954184014,0.006724272117444997,False,0.02,5.0,0.0
2025-10-10,-0.014479386934555484,0.022786298954184013,22786.298954184014,0.014479386934555484,False,0.02,5.0,0.0
2025-10-13,0.017877364838333267,0.022786298954184013,22786.298954184014,-0.017877364838333267,False,0.02,5.0,0.0
2025-10-14,-0.0013039708111445946,0.022786298954184013,22786.298954184014,0.0013039708111445946,False,0.02,5.0,0.0
2025-10-15,0.008610357983404305,0.022786298954184013,22786.298954184014,-0.008610357983404305,False,0.02,5.0,0.0
2025-10-16,0.005375049881837591,0.022786298954184013,22786.298954184014,-0.005375049881837591,False,0.02,5.0,0.0
2025-10-17,-0.0016582355456780996,0.022786298954184013,22786.298954184014,0.0016582355456780996,False,0.02,5.0,0.0
2025-10-20,0.015379851600504769,0.022786298954184013,22786.298954184014,-0.015379851600504769,False,0.02,5.0,0.0
2025-10-21,-0.01414740546598834,0.022786298954184013,22786.298954184014,0.01414740546598834,False,0.02,5.0,0.0
2025-10-22,-0.0029990859099217953,0.022786298954184013,22786.298954184014,0.0029990859099217953,False,0.02,5.0,0.0
2025-10-23,0.004068366706447658,0.022786298954184013,22786.298954184014,-0.004068366706447658,False,0.02,5.0,0.0
2025-10-24,0.004502353123933057,0.022786298954184013,22786.298954184014,-0.004502353123933057,False,0.02,5.0,0.0
2025-10-27,0.003245473875892691,0.022786298954184013,22786.298954184014,-0.003245473875892691,False,0.02,5.0,0.0
2025-10-28,0.0010871595861960072,0.022786298954184013,22786.298954184014,-0.0010871595861960072,False,0.02,5.0,0.0
2025-10-29,-0.0006328661640893519,0.022786298954184013,22786.298954184014,0.0006328661640893519,False,0.02,5.0,0.0
2025-10-30,-0.004563702241102518,0.022786298954184013,22786.298954184014,0.004563702241102518,False,0.02,5.0,0.0
2025-10-31,-0.000530664891148347,0.022786298954184013,22786.298954184014,0.000530664891148347,False,0.02,5.0,0.0
2025-11-03,0.002456539718211537,0.022786298954184013,22786.298954184014,-0.002456539718211537,False,0.02,5.0,0.0
2025-11-04,-0.013153790778820685,0.022786298954184013,22786.298954184014,0.013153790778820685,False,0.02,5.0,0.0
2025-11-05,0.003922188137707461,0.022786298954184013,22786.298954184014,-0.003922188137707461,False,0.02,5.0,0.0
2025-11-06,-0.005800544736049851,0.022786298954184013,22786.298954184014,0.005800544736049851,False,0.02,5.0,0.0
2025-11-07,-0.00021857091515737885,0.022786298954184013,22786.298954184014,0.00021857091515737885,False,0.02,5.0,0.0
2025-11-10,0.016488940381261207,0.022786298954184013,22786.298954184014,-0.016488940381261207,False,0.02,5.0,0.0
2025-11-11,0.0018445777046378399,0.022786298954184013,22786.298954184014,-0.0018445777046378399,False,0.02,5.0,0.0
2025-11-12,0.0035675283557233596,0.022786298954184013,22786.298954184014,-0.0035675283557233596,False,0.02,5.0,0.0
2025-11-13,-0.012999874308596173,0.022786298954184013,22786.298954184014,0.012999874308596173,False,0.02,5.0,0.0
2025-11-14,-0.004523106445405767,0.022786298954184013,22786.298954184014,0.004523106445405767,False,0.02,5.0,0.0
2025-11-17,-0.007734447941528888,0.022786298954184013,22786.298954184014,0.007734447941528888,False,0.02,5.0,0.0
2025-11-18,-0.0037232980426344935,0.022786298954184013,22786.298954184014,0.0037232980426344935,False,0.02,5.0,0.0
2025-11-19,0.0011850923161091707,0.022786298954184013,22786.298954184014,-0.0011850923161091707,False,0.02,5.0,0.0
2025-11-20,-0.009802209672225715,0.022786298954184013,22786.298954184014,0.009802209672225715,False,0.02,5.0,0.0
2025-11-21,0.003752800219628716,0.022786298954184013,22786.298954184014,-0.003752800219628716,False,0.02,5.0,0.0
2025-11-24,0.014476105816990437,0.022786298954184013,22786.298954184014,-0.014476105816990437,False,0.02,5.0,0.0
2025-11-25,0.004270006934950188,0.022786298954184013,22786.298954184014,-0.004270006934950188,False,0.02,5.0,0.0
2025-11-26,0.007082533498545951,0.022786298954184013,22786.298954184014,-0.007082533498545951,False,0.02,5.0,0.0
2025-11-28,0.004544150511299772,0.022786298954184013,22786.298954184014,-0.004544150511299772,False,0.02,5.0,0.0
2025-12-01,-0.0032577292839935934,0.022786298954184013,22786.298954184014,0.0032577292839935934,False,0.02,5.0,0.0
2025-12-02,0.0008115009770764736,0.022786298954184013,22786.298954184014,-0.0008115009770764736,False,0.02,5.0,0.0
2025-12-03,0.0017057302078608008,0.022786298954184013,22786.298954184014,-0.0017057302078608008,False,0.02,5.0,0.0
2025-12-04,-0.0010252653320590444,0.022786298954184013,22786.298954184014,0.0010252653320590444,False,0.02,5.0,0.0
2025-12-05,0.0014224499697849337,0.022786298954184013,22786.298954184014,-0.0014224499697849337,False,0.02,5.0,0.0
2025-12-08,-0.00260873344910153,0.022786298954184013,22786.298954184014,0.00260873344910153,False,0.02,5.0,0.0
2025-12-09,0.0009767926381031523,0.022786298954184013,22786.298954184014,-0.0009767926381031523,False,0.02,5.0,0.0
2025-12-10,0.00600770226279117,0.022786298954184013,22786.298954184014,-0.00600770226279117,False,0.02,5.0,0.0
2025-12-11,0.0007576612957165275,0.022786298954184013,22786.298954184014,-0.0007576612957165275,False,0.02,5.0,0.0
2025-12-12,-0.009115164865058811,0.022786298954184013,22786.298954184014,0.009115164865058811,False,0.02,5.0,0.0
2025-12-15,-0.0015765477766908286,0.022786298954184013,22786.298954184014,0.0015765477766908286,False,0.02,5.0,0.0
2025-12-16,-0.00027040165046705584,0.022786298954184013,22786.298954184014,0.00027040165046705584,False,0.02,5.0,0.0
2025-12-17,-0.005807030730493357,0.022786298954184013,22786.298954184014,0.005807030730493357,False,0.02,5.0,0.0
2025-12-18,0.00728575757332024,0.022786298954184013,22786.298954184014,-0.00728575757332024,False,0.016,4.0,0.0
2025-12-19,0.005853983401127817,0.019532416839150715,19532.416839150716,-0.005853983401127817,False,0.016,4.0,0.0
2025-12-22,0.007466607113157409,0.019532416839150715,19532.416839150716,-0.007466607113157409,False,0.016,4.0,0.0
2025-12-23,0.0059326518639100986,0.019532416839150715,19532.416839150716,-0.0059326518639100986,False,0.016,4.0,0.0
2025-12-24,0.0020783083903339384,0.019532416839150715,19532.416839150716,-0.0020783083903339384,False,0.016,4.0,0.0
2025-12-26,0.0030399600126250538,0.019532416839150715,19532.416839150716,-0.0030399600126250538,False,0.016,4.0,0.0
2025-12-29,-0.010145266169510149,0.019532416839150715,19532.416839150716,0.010145266169510149,False,0.016,4.0,0.0
2025-12-30,-0.00023448035983510975,0.019532416839150715,19532.416839150716,0.00023448035983510975,False,0.016,4.0,0.0
2025-12-31,-0.00664148667682436,0.019532416839150715,19532.416839150716,0.00664148667682436,False,0.016,4.0,0.0
