Date,Portfolio_Return,Monte_Carlo_VaR,Monte_Carlo_VaR_Dollar,Realized_Loss,Exception,Rolling_Exception_Rate,Rolling_Exception_Count,Exception_Severity
2015-12-31,-0.004131080123779941,0.014796091290522426,14796.091290522427,0.004131080123779941,False,,,0.0
2016-01-04,-0.008221152828364975,0.015211065450349443,15211.065450349442,0.008221152828364975,False,,,0.0
2016-01-05,0.0001952698259715557,0.015397924210630649,15397.924210630648,-0.0001952698259715557,False,,,0.0
2016-01-06,-0.0026848425475338275,0.014577919420313295,14577.919420313294,0.0026848425475338275,False,,,0.0
2016-01-07,-0.014047069470360852,0.015092187905745699,15092.187905745699,0.014047069470360852,False,,,0.0
2016-01-08,-0.005970742930071715,0.015914691607183066,15914.691607183066,0.005970742930071715,False,,,0.0
2016-01-11,-0.003222124682802985,0.014859481962547692,14859.481962547692,0.003222124682802985,False,,,0.0
2016-01-12,0.006212993637021791,0.015080711472763545,15080.711472763545,-0.006212993637021791,False,,,0.0
2016-01-13,-0.011033269489743971,0.016095926777363316,16095.926777363316,0.011033269489743971,False,,,0.0
2016-01-14,0.005021919427847155,0.015652871745315326,15652.871745315326,-0.005021919427847155,False,,,0.0
2016-01-15,-0.01322272088261478,0.015780764465623383,15780.764465623382,0.01322272088261478,False,,,0.0
2016-01-19,0.002841750336439186,0.015383477539951626,15383.477539951626,-0.002841750336439186,False,,,0.0
2016-01-20,-0.0027600130401348676,0.01503927258808294,15039.272588082938,0.0027600130401348676,False,,,0.0
2016-01-21,0.0009677301531877401,0.015477959421590462,15477.959421590462,-0.0009677301531877401,False,,,0.0
2016-01-22,0.015042467186383201,0.015153145147087238,15153.145147087238,-0.015042467186383201,False,,,0.0
2016-01-25,-0.006258674511345786,0.015961117849071116,15961.117849071115,0.006258674511345786,False,,,0.0
2016-01-26,0.009818670875383616,0.015408348001984798,15408.348001984798,-0.009818670875383616,False,,,0.0
2016-01-27,-0.007145560504359084,0.015619914737646345,15619.914737646346,0.007145560504359084,False,,,0.0
2016-01-28,0.005171376516050353,0.015566747769213773,15566.747769213773,-0.005171376516050353,False,,,0.0
2016-01-29,0.018001222998230395,0.015706970590492877,15706.970590492878,-0.018001222998230395,False,,,0.0
2016-02-01,1.2915390062295859e-05,0.015623758663066336,15623.758663066335,-1.2915390062295859e-05,False,,,0.0
2016-02-02,-0.010621850708470548,0.015713872654030597,15713.872654030598,0.010621850708470548,False,,,0.0
2016-02-03,0.00639283572039786,0.016184472552842315,16184.472552842315,-0.00639283572039786,False,,,0.0
2016-02-04,0.00520616397377045,0.016294335780946887,16294.335780946887,-0.00520616397377045,False,,,0.0
2016-02-05,-0.00966215075728234,0.015664136171361007,15664.136171361008,0.00966215075728234,False,,,0.0
2016-02-08,-0.0014894926511116455,0.015661861760501307,15661.861760501308,0.0014894926511116455,False,,,0.0
2016-02-09,-0.0036067597978725724,0.015480980600502842,15480.980600502842,0.0036067597978725724,False,,,0.0
2016-02-10,0.004729924446251777,0.015456301062687885,15456.301062687884,-0.004729924446251777,False,,,0.0
2016-02-11,0.0032038399806512356,0.015298836954269205,15298.836954269205,-0.0032038399806512356,False,,,0.0
2016-02-12,0.006141871498339845,0.015623924374969941,15623.924374969942,-0.006141871498339845,False,,,0.0
2016-02-16,0.004138469193716898,0.01529518266115487,15295.18266115487,-0.004138469193716898,False,,,0.0
2016-02-17,0.011741329441419236,0.016122730152941123,16122.730152941123,-0.011741329441419236,False,,,0.0
2016-02-18,0.0030458105579937557,0.015578617679474716,15578.617679474715,-0.0030458105579937557,False,,,0.0
2016-02-19,-0.001455644848936322,0.016311006749894302,16311.006749894303,0.001455644848936322,False,,,0.0
2016-02-22,0.0074414749764482035,0.01551399043296226,15513.99043296226,-0.0074414749764482035,False,,,0.0
2016-02-23,-0.006272050094253978,0.016076769248784335,16076.769248784334,0.006272050094253978,False,,,0.0
2016-02-24,0.0026333477477191282,0.0160529163530753,16052.9163530753,-0.0026333477477191282,False,,,0.0
2016-02-25,0.006296441030657852,0.01599881777716687,15998.81777716687,-0.006296441030657852,False,,,0.0
2016-02-26,-0.005990255871355422,0.016120481972310488,16120.481972310488,0.005990255871355422,False,,,0.0
2016-02-29,0.0018501382022021232,0.016150036906558633,16150.036906558633,-0.0018501382022021232,False,,,0.0
2016-03-01,0.013256453503023692,0.01633738678685172,16337.38678685172,-0.013256453503023692,False,,,0.0
2016-03-02,0.006020158881572125,0.015435608495461002,15435.608495461001,-0.006020158881572125,False,,,0.0
2016-03-03,0.0068522534047204655,0.015947599402981846,15947.599402981845,-0.0068522534047204655,False,,,0.0
2016-03-04,0.003106867354490683,0.015366576762255476,15366.576762255476,-0.003106867354490683,False,,,0.0
2016-03-07,-0.0004420971626366344,0.015792687594790803,15792.687594790803,0.0004420971626366344,False,,,0.0
2016-03-08,-0.005973549279983704,0.01512967697349716,15129.67697349716,0.005973549279983704,False,,,0.0
2016-03-09,0.0006421747134625954,0.01623817362173847,16238.173621738471,-0.0006421747134625954,False,,,0.0
2016-03-10,0.0025543673582562264,0.016005706539575254,16005.706539575254,-0.0025543673582562264,False,,,0.0
2016-03-11,0.005453196533469673,0.015751141591282766,15751.141591282765,-0.005453196533469673,False,,,0.0
2016-03-14,-0.0030766804480578005,0.01538195489430262,15381.95489430262,0.0030766804480578005,False,,,0.0
2016-03-15,-0.0029140349859502644,0.01599382921867567,15993.829218675668,0.0029140349859502644,False,,,0.0
2016-03-16,0.01199651863857003,0.01590446368038649,15904.46368038649,-0.01199651863857003,False,,,0.0
2016-03-17,0.005628889563921002,0.01538997119171955,15389.971191719551,-0.005628889563921002,False,,,0.0
2016-03-18,0.0020328144106734223,0.015183973294478306,15183.973294478306,-0.0020328144106734223,False,,,0.0
2016-03-21,-0.0014589999441838144,0.015245452123651002,15245.452123651003,0.0014589999441838144,False,,,0.0
2016-03-22,0.0005771527230983065,0.01498096088027479,14980.96088027479,-0.0005771527230983065,False,,,0.0
2016-03-23,-0.00863702804340749,0.01567232192260255,15672.321922602549,0.00863702804340749,False,,,0.0
2016-03-24,-0.0009140684184052673,0.01613915230884283,16139.15230884283,0.0009140684184052673,False,,,0.0
2016-03-28,0.0012245607821396388,0.015850617220053802,15850.617220053802,-0.0012245607821396388,False,,,0.0
2016-03-29,0.0136123598116074,0.015301536049655588,15301.536049655588,-0.0136123598116074,False,,,0.0
2016-03-30,-0.0009867621192318102,0.016125713364171873,16125.713364171874,0.0009867621192318102,False,,,0.0
2016-03-31,0.0013880203215449916,0.016468138353554228,16468.138353554226,-0.0013880203215449916,False,,,0.0
2016-04-01,0.002217744277018552,0.015715021130830866,15715.021130830866,-0.002217744277018552,False,,,0.0
2016-04-04,-0.005021606972323612,0.015744573460225737,15744.573460225738,0.005021606972323612,False,,,0.0
2016-04-05,-0.0030509694935764164,0.015249243283362699,15249.243283362699,0.0030509694935764164,False,,,0.0
2016-04-06,0.005214142062102622,0.015239924051908478,15239.924051908478,-0.005214142062102622,False,,,0.0
2016-04-07,-0.003943680757814927,0.016130270396396376,16130.270396396376,0.003943680757814927,False,,,0.0
2016-04-08,0.0022991553717671915,0.015257626697354629,15257.626697354628,-0.0022991553717671915,False,,,0.0
2016-04-11,0.003817425519099027,0.015988746007364628,15988.746007364627,-0.003817425519099027,False,,,0.0
2016-04-12,0.005267346494318771,0.015144985793649637,15144.985793649637,-0.005267346494318771,False,,,0.0
2016-04-13,0.006701052174759625,0.015448938002831912,15448.938002831912,-0.006701052174759625,False,,,0.0
2016-04-14,-0.004699744271818829,0.014972073281612833,14972.073281612833,0.004699744271818829,False,,,0.0
2016-04-15,0.0012200256075264094,0.015816950218325788,15816.950218325788,-0.0012200256075264094,False,,,0.0
2016-04-18,0.0022277490755110876,0.015427444693169281,15427.44469316928,-0.0022277490755110876,False,,,0.0
2016-04-19,0.004961323175082045,0.014941229901064779,14941.229901064778,-0.004961323175082045,False,,,0.0
2016-04-20,-0.0037746313981257273,0.015764795377591314,15764.795377591314,0.0037746313981257273,False,,,0.0
2016-04-21,-0.0034849606962935823,0.01571753042063087,15717.53042063087,0.0034849606962935823,False,,,0.0
2016-04-22,-0.007302371254620033,0.0157508774108618,15750.8774108618,0.007302371254620033,False,,,0.0
2016-04-25,-0.0018673754723615768,0.015782658101127126,15782.658101127126,0.0018673754723615768,False,,,0.0
2016-04-26,0.0013682214304481246,0.01547339595928228,15473.39595928228,-0.0013682214304481246,False,,,0.0
2016-04-27,0.0025870368506450752,0.015530277242878891,15530.27724287889,-0.0025870368506450752,False,,,0.0
2016-04-28,-0.001690076425352127,0.015620601215440044,15620.601215440043,0.001690076425352127,False,,,0.0
2016-04-29,0.0014008188644283773,0.015551587751790913,15551.587751790912,-0.0014008188644283773,False,,,0.0
2016-05-02,0.00028126304540878624,0.015366873807697962,15366.873807697963,-0.00028126304540878624,False,,,0.0
2016-05-03,-0.0071871683685947865,0.015079189328315116,15079.189328315117,0.0071871683685947865,False,,,0.0
2016-05-04,-0.005765107564427008,0.01535902308107601,15359.02308107601,0.005765107564427008,False,,,0.0
2016-05-05,0.0009507584865560804,0.015226999015009735,15226.999015009735,-0.0009507584865560804,False,,,0.0
2016-05-06,0.0030671189820421717,0.014791748508408909,14791.74850840891,-0.0030671189820421717,False,,,0.0
2016-05-09,-0.0053042816762921335,0.015074530083264745,15074.530083264744,0.0053042816762921335,False,,,0.0
2016-05-10,0.009614038031518347,0.014584071872887584,14584.071872887584,-0.009614038031518347,False,,,0.0
2016-05-11,-0.0011473495378628185,0.014868116068486105,14868.116068486104,0.0011473495378628185,False,,,0.0
2016-05-12,-0.0038560093267803633,0.015125745334957294,15125.745334957293,0.0038560093267803633,False,,,0.0
2016-05-13,-0.0032238610767188146,0.01535814327641536,15358.14327641536,0.0032238610767188146,False,,,0.0
2016-05-16,0.005316849167460269,0.015607092292207627,15607.092292207628,-0.005316849167460269,False,,,0.0
2016-05-17,-0.004268960541929112,0.015093344650683432,15093.344650683432,0.004268960541929112,False,,,0.0
2016-05-18,-0.007505812619066933,0.014941895437490913,14941.895437490914,0.007505812619066933,False,,,0.0
2016-05-19,-0.0031140676175087207,0.01576557528282937,15765.575282829372,0.0031140676175087207,False,,,0.0
2016-05-20,0.005360170172821444,0.015553733012616124,15553.733012616123,-0.005360170172821444,False,,,0.0
2016-05-23,-0.0010304664135158514,0.015591000636014953,15591.000636014953,0.0010304664135158514,False,,,0.0
2016-05-24,0.004294167264807581,0.015064181387646798,15064.181387646799,-0.004294167264807581,False,,,0.0
2016-05-25,0.0038962192280722397,0.01519403321646998,15194.03321646998,-0.0038962192280722397,False,,,0.0
2016-05-26,0.0023337000472744896,0.01540885499021528,15408.854990215279,-0.0023337000472744896,False,,,0.0
2016-05-27,-9.908934262057298e-05,0.01567000874142411,15670.008741424108,9.908934262057298e-05,False,,,0.0
2016-05-31,0.0014812383384755104,0.015134708264536929,15134.708264536928,-0.0014812383384755104,False,,,0.0
2016-06-01,0.0009117295625844957,0.014887078056580298,14887.078056580298,-0.0009117295625844957,False,,,0.0
2016-06-02,0.003632722840325142,0.014392717952410325,14392.717952410325,-0.003632722840325142,False,,,0.0
2016-06-03,0.009916216867876183,0.015338091528236081,15338.091528236082,-0.009916216867876183,False,,,0.0
2016-06-06,0.002450972807008967,0.015015074656486552,15015.074656486553,-0.002450972807008967,False,,,0.0
2016-06-07,0.0019317012584157743,0.014827635157559353,14827.635157559353,-0.0019317012584157743,False,,,0.0
2016-06-08,0.006477817431785082,0.015553048873231844,15553.048873231844,-0.006477817431785082,False,,,0.0
2016-06-09,-0.0004962993974763517,0.014861112292066304,14861.112292066304,0.0004962993974763517,False,,,0.0
2016-06-10,-0.007444984928276832,0.014523299243855757,14523.299243855758,0.007444984928276832,False,,,0.0
2016-06-13,-0.003647684754931957,0.014996794260561585,14996.794260561584,0.003647684754931957,False,,,0.0
2016-06-14,-0.0009944465208448828,0.015631945415835916,15631.945415835915,0.0009944465208448828,False,,,0.0
2016-06-15,0.0035228155415969243,0.01534016181427348,15340.16181427348,-0.0035228155415969243,False,,,0.0
2016-06-16,-0.0006598164690472256,0.015515097808157956,15515.097808157956,0.0006598164690472256,False,,,0.0
2016-06-17,-0.001226676030965179,0.015015142330680594,15015.142330680594,0.001226676030965179,False,,,0.0
2016-06-20,0.002760585934784854,0.014796001457906494,14796.001457906494,-0.002760585934784854,False,,,0.0
2016-06-21,-0.0020332756911483063,0.014862143130244955,14862.143130244955,0.0020332756911483063,False,,,0.0
2016-06-22,0.00012688163882728086,0.01540422518739192,15404.22518739192,-0.00012688163882728086,False,,,0.0
2016-06-23,0.006695518025636704,0.014956549942219288,14956.549942219288,-0.006695518025636704,False,,,0.0
2016-06-24,-0.012382681868364843,0.014767804429249975,14767.804429249974,0.012382681868364843,False,,,0.0
2016-06-27,-0.0040518345796281665,0.014544771205002511,14544.771205002511,0.0040518345796281665,False,,,0.0
2016-06-28,0.012154764362373572,0.015885627272105417,15885.627272105417,-0.012154764362373572,False,,,0.0
2016-06-29,0.011306161426210881,0.015547001966345526,15547.001966345526,-0.011306161426210881,False,,,0.0
2016-06-30,0.00878016898853944,0.015409329913880616,15409.329913880616,-0.00878016898853944,False,,,0.0
2016-07-01,0.009190206545526181,0.015605258631079146,15605.258631079147,-0.009190206545526181,False,,,0.0
2016-07-05,-0.00277132028446001,0.015875442827313558,15875.442827313558,0.00277132028446001,False,,,0.0
2016-07-06,0.003804945149403083,0.015152377083082388,15152.377083082389,-0.003804945149403083,False,,,0.0
2016-07-07,-0.0008310901990065123,0.01520138214443211,15201.38214443211,0.0008310901990065123,False,,,0.0
2016-07-08,0.013070274912392323,0.015702272767369102,15702.272767369102,-0.013070274912392323,False,,,0.0
2016-07-11,0.00012114539621104198,0.015124289403209175,15124.289403209175,-0.00012114539621104198,False,,,0.0
2016-07-12,-0.0013222495570249348,0.014884908638935624,14884.908638935623,0.0013222495570249348,False,,,0.0
2016-07-13,0.003345451268093713,0.015253439968295233,15253.439968295233,-0.003345451268093713,False,,,0.0
2016-07-14,0.0009246478352308962,0.014522864765773434,14522.864765773435,-0.0009246478352308962,False,,,0.0
2016-07-15,-0.003526253873227403,0.014676509455084934,14676.509455084934,0.003526253873227403,False,,,0.0
2016-07-18,0.0037819635912915038,0.015370360605199484,15370.360605199483,-0.0037819635912915038,False,,,0.0
2016-07-19,-0.0015909484328191948,0.016009875150218643,16009.875150218642,0.0015909484328191948,False,,,0.0
2016-07-20,0.0002246502474383185,0.01465798905031998,14657.98905031998,-0.0002246502474383185,False,,,0.0
2016-07-21,0.0016234218077236793,0.014757999057989319,14757.999057989318,-0.0016234218077236793,False,,,0.0
2016-07-22,0.0020376441446016583,0.01587454314940395,15874.54314940395,-0.0020376441446016583,False,,,0.0
2016-07-25,-0.004064285725282768,0.014899541784264657,14899.541784264657,0.004064285725282768,False,,,0.0
2016-07-26,0.0030556620260238534,0.01489939247337614,14899.39247337614,-0.0030556620260238534,False,,,0.0
2016-07-27,0.007557799677683286,0.01512714015998278,15127.140159982779,-0.007557799677683286,False,,,0.0
2016-07-28,3.729184228906669e-05,0.014617874474478335,14617.874474478334,-3.729184228906669e-05,False,,,0.0
2016-07-29,0.0055472935618654075,0.014785814495427865,14785.814495427865,-0.0055472935618654075,False,,,0.0
2016-08-01,-0.0012899086921658086,0.014984295905887759,14984.295905887759,0.0012899086921658086,False,,,0.0
2016-08-02,-0.004675163474475209,0.015493443573910937,15493.443573910938,0.004675163474475209,False,,,0.0
2016-08-03,0.0010784190952890739,0.014824984630291615,14824.984630291616,-0.0010784190952890739,False,,,0.0
2016-08-04,0.0037381871741075656,0.015316788070198444,15316.788070198443,-0.0037381871741075656,False,,,0.0
2016-08-05,0.00022326000863348534,0.015115709094880737,15115.709094880736,-0.00022326000863348534,False,,,0.0
2016-08-08,0.0012825171571750672,0.014992659045792464,14992.659045792463,-0.0012825171571750672,False,,,0.0
2016-08-09,0.004721255178231544,0.014781197767270153,14781.197767270152,-0.004721255178231544,False,,,0.0
2016-08-10,0.0007569517982833897,0.014888110247148059,14888.110247148059,-0.0007569517982833897,False,,,0.0
2016-08-11,0.0012021877762972144,0.014594013400944997,14594.013400944998,-0.0012021877762972144,False,,,0.0
2016-08-12,0.0004800622897557893,0.01500733684681592,15007.33684681592,-0.0004800622897557893,False,,,0.0
2016-08-15,0.0023171876979721567,0.01434515770321039,14345.15770321039,-0.0023171876979721567,False,,,0.0
2016-08-16,-0.002581495301562376,0.01472561413823437,14725.61413823437,0.002581495301562376,False,,,0.0
2016-08-17,0.0007080426454335153,0.01526725747611348,15267.25747611348,-0.0007080426454335153,False,,,0.0
2016-08-18,0.003634150538591019,0.014810141800345159,14810.141800345158,-0.003634150538591019,False,,,0.0
2016-08-19,-0.004267296177207092,0.014470496612091818,14470.496612091818,0.004267296177207092,False,,,0.0
2016-08-22,-0.0011253313004612187,0.014295037698978105,14295.037698978105,0.0011253313004612187,False,,,0.0
2016-08-23,0.00013519539113766586,0.013376702412510433,13376.702412510433,-0.00013519539113766586,False,,,0.0
2016-08-24,-0.004468953907520734,0.013966663351558183,13966.663351558183,0.004468953907520734,False,,,0.0
2016-08-25,-0.0012339927050292632,0.013591587949850315,13591.587949850315,0.0012339927050292632,False,,,0.0
2016-08-26,-0.003260434133374335,0.013502000378588315,13502.000378588315,0.003260434133374335,False,,,0.0
2016-08-29,0.005853182201022289,0.013724516882556308,13724.516882556309,-0.005853182201022289,False,,,0.0
2016-08-30,-0.00430096815199219,0.013201490087837478,13201.49008783748,0.00430096815199219,False,,,0.0
2016-08-31,-0.003107857391670011,0.01344761526205708,13447.615262057081,0.003107857391670011,False,,,0.0
2016-09-01,0.0030954696452111024,0.01334618248774953,13346.18248774953,-0.0030954696452111024,False,,,0.0
2016-09-02,0.0052245545976835174,0.013092655423479971,13092.655423479971,-0.0052245545976835174,False,,,0.0
2016-09-06,0.010966524953193524,0.013182322804093408,13182.322804093408,-0.010966524953193524,False,,,0.0
2016-09-07,-0.0013545277894384312,0.012795203795796618,12795.203795796617,0.0013545277894384312,False,,,0.0
2016-09-08,-0.005720415705474613,0.012689098313876124,12689.098313876124,0.005720415705474613,False,,,0.0
2016-09-09,-0.02116998742497609,0.0131797142033676,13179.7142033676,0.02116998742497609,True,,,0.007990273221608491
2016-09-12,0.007670018769734766,0.013041039169364372,13041.039169364372,-0.007670018769734766,False,,,0.0
2016-09-13,-0.01329417774743691,0.01347550637598199,13475.50637598199,0.01329417774743691,False,,,0.0
2016-09-14,0.002471894297720345,0.013722094688707456,13722.094688707457,-0.002471894297720345,False,,,0.0
2016-09-15,0.006389381221432622,0.013617570173014347,13617.570173014346,-0.006389381221432622,False,,,0.0
2016-09-16,-0.0011072642083821192,0.013264319766916607,13264.319766916607,0.0011072642083821192,False,,,0.0
2016-09-19,0.0005192534792275663,0.013638588855134203,13638.588855134203,-0.0005192534792275663,False,,,0.0
2016-09-20,0.0013862524671354405,0.01395862757228922,13958.62757228922,-0.0013862524671354405,False,,,0.0
2016-09-21,0.014344910882275075,0.013605342629686764,13605.342629686764,-0.014344910882275075,False,,,0.0
2016-09-22,0.006339343321836921,0.01285430021284305,12854.300212843049,-0.006339343321836921,False,,,0.0
2016-09-23,-0.005007471610037162,0.01356594959868022,13565.949598680221,0.005007471610037162,False,,,0.0
2016-09-26,-0.005101765519345846,0.013707668473635646,13707.668473635646,0.005101765519345846,False,,,0.0
2016-09-27,0.006086171300193266,0.013176072353464602,13176.072353464602,-0.006086171300193266,False,,,0.0
2016-09-28,0.0020739183712509715,0.013308531535218781,13308.53153521878,-0.0020739183712509715,False,,,0.0
2016-09-29,-0.00646886672830982,0.012842735368123118,12842.735368123118,0.00646886672830982,False,,,0.0
2016-09-30,0.0013914730535738772,0.013317731215417824,13317.731215417823,-0.0013914730535738772,False,,,0.0
2016-10-03,-0.00054809344440907,0.013523127780435375,13523.127780435376,0.00054809344440907,False,,,0.0
2016-10-04,-0.012832041802340077,0.013335417586878713,13335.417586878713,0.012832041802340077,False,,,0.0
2016-10-05,0.0032449714588595802,0.01340151525872801,13401.51525872801,-0.0032449714588595802,False,,,0.0
2016-10-06,-0.002772349060548285,0.013517224680274845,13517.224680274845,0.002772349060548285,False,,,0.0
2016-10-07,-0.001754022404778999,0.013672600919298524,13672.600919298524,0.001754022404778999,False,,,0.0
2016-10-10,0.004005406402556534,0.01353300096008366,13533.00096008366,-0.004005406402556534,False,,,0.0
2016-10-11,-0.011463327678499623,0.012775746820743894,12775.746820743894,0.011463327678499623,False,,,0.0
2016-10-12,0.0002297634010735683,0.013380448177277633,13380.448177277633,-0.0002297634010735683,False,,,0.0
2016-10-13,-0.0019107597867562998,0.013514069913665813,13514.069913665813,0.0019107597867562998,False,,,0.0
2016-10-14,-0.0032502028230939175,0.013619299022443023,13619.299022443023,0.0032502028230939175,False,,,0.0
2016-10-17,0.00035535376685995605,0.013118369764084472,13118.369764084473,-0.00035535376685995605,False,,,0.0
2016-10-18,0.00844772755707166,0.013404625029168208,13404.625029168208,-0.00844772755707166,False,,,0.0
2016-10-19,0.003055009015207233,0.013280038522699112,13280.038522699113,-0.003055009015207233,False,,,0.0
2016-10-20,-0.0015945990684794523,0.01386598677675794,13865.98677675794,0.0015945990684794523,False,,,0.0
2016-10-21,0.0012374750463066465,0.013514503546604772,13514.503546604772,-0.0012374750463066465,False,,,0.0
2016-10-24,0.002788235080153023,0.013194707067420514,13194.707067420513,-0.002788235080153023,False,,,0.0
2016-10-25,0.0009432928352560267,0.013433358096684223,13433.358096684222,-0.0009432928352560267,False,,,0.0
2016-10-26,-0.006349313674375013,0.013523164043336611,13523.164043336612,0.006349313674375013,False,,,0.0
2016-10-27,-0.004971591806275289,0.01326553980010647,13265.53980010647,0.004971591806275289,False,,,0.0
2016-10-28,-0.0021575545868194324,0.013773185213226825,13773.185213226825,0.0021575545868194324,False,,,0.0
2016-10-31,0.002777505757368992,0.014054014656109013,14054.014656109013,-0.002777505757368992,False,,,0.0
2016-11-01,-0.0032578940693404504,0.013776532923835391,13776.532923835392,0.0032578940693404504,False,,,0.0
2016-11-02,-0.0028412626614488404,0.013459134933166595,13459.134933166595,0.0028412626614488404,False,,,0.0
2016-11-03,-0.0038945734344687957,0.012946433945252142,12946.433945252142,0.0038945734344687957,False,,,0.0
2016-11-04,-0.0010234906357599496,0.014016026036895576,14016.026036895577,0.0010234906357599496,False,,,0.0
2016-11-07,0.011097128231936338,0.013561800470287183,13561.800470287182,-0.011097128231936338,False,,,0.0
2016-11-08,0.001849954472875859,0.012683476899105551,12683.476899105552,-0.001849954472875859,False,,,0.0
2016-11-09,-0.01208712088796251,0.013807844336617392,13807.844336617392,0.01208712088796251,False,,,0.0
2016-11-10,-0.014345658078965994,0.014074971252735382,14074.971252735382,0.014345658078965994,True,,,0.0002706868262306126
2016-11-11,-0.009729656450180292,0.01431268540888319,14312.68540888319,0.009729656450180292,False,,,0.0
2016-11-14,-0.006197849742037765,0.013514176349819673,13514.176349819672,0.006197849742037765,False,,,0.0
2016-11-15,0.011086960123003697,0.013893045281510068,13893.045281510069,-0.011086960123003697,False,,,0.0
2016-11-16,0.0003609157079766499,0.013929712006127904,13929.712006127904,-0.0003609157079766499,False,,,0.0
2016-11-17,-0.0012000293200178814,0.013958119737196266,13958.119737196266,0.0012000293200178814,False,,,0.0
2016-11-18,-0.004449324242066211,0.01452396893565343,14523.968935653429,0.004449324242066211,False,,,0.0
2016-11-21,0.006799324002424002,0.013809806478879156,13809.806478879156,-0.006799324002424002,False,,,0.0
2016-11-22,0.0038972777142226352,0.013395246620237746,13395.246620237745,-0.0038972777142226352,False,,,0.0
2016-11-23,-0.007581874457720628,0.013809894446269115,13809.894446269114,0.007581874457720628,False,,,0.0
2016-11-25,0.001522304205496461,0.013729015542529838,13729.015542529838,-0.001522304205496461,False,,,0.0
2016-11-28,0.0029875638744543353,0.013712425362519492,13712.425362519492,-0.0029875638744543353,False,,,0.0
2016-11-29,0.0012710824410453458,0.013774205083602407,13774.205083602408,-0.0012710824410453458,False,,,0.0
2016-11-30,-0.008486577545623408,0.01362035357808623,13620.35357808623,0.008486577545623408,False,,,0.0
2016-12-01,-0.00904424884063606,0.013764684445976571,13764.68444597657,0.00904424884063606,False,,,0.0
2016-12-02,0.0032679880150081166,0.013426249368357738,13426.249368357738,-0.0032679880150081166,False,,,0.0
2016-12-05,0.003121576356164879,0.012891204167171544,12891.204167171543,-0.003121576356164879,False,,,0.0
2016-12-06,0.00183892756186097,0.013626998801875363,13626.998801875363,-0.00183892756186097,False,,,0.0
2016-12-07,0.010946178619842907,0.013360248889391005,13360.248889391005,-0.010946178619842907,False,,,0.0
2016-12-08,-0.0010951014871241284,0.013519307179571975,13519.307179571975,0.0010951014871241284,False,,,0.0
2016-12-09,-0.0028535682020090604,0.012899814144765669,12899.814144765669,0.0028535682020090604,False,,,0.0
2016-12-12,-0.0013249390770052828,0.013154874006474509,13154.874006474509,0.0013249390770052828,False,,,0.0
2016-12-13,0.006128888556419332,0.01349233622245994,13492.33622245994,-0.006128888556419332,False,,,0.0
2016-12-14,-0.013179427939217602,0.013507307536141292,13507.307536141292,0.013179427939217602,False,,,0.0
2016-12-15,-0.00024810286893963676,0.013839613888822886,13839.613888822885,0.00024810286893963676,False,,,0.0
2016-12-16,-0.0011757854728455142,0.013020335423607633,13020.335423607632,0.0011757854728455142,False,,,0.0
2016-12-19,0.0030399150551218223,0.012984317160712341,12984.317160712342,-0.0030399150551218223,False,,,0.0
2016-12-20,-0.00024494569244131186,0.013576811244169618,13576.811244169618,0.00024494569244131186,False,,,0.0
2016-12-21,-0.0005432318139351856,0.013725522561843168,13725.522561843169,0.0005432318139351856,False,,,0.0
2016-12-22,-0.004127239392170279,0.012970782526874494,12970.782526874495,0.004127239392170279,False,,,0.0
2016-12-23,0.002639304774214813,0.013245510327263187,13245.510327263188,-0.002639304774214813,False,,,0.0
2016-12-27,0.0029264868771507802,0.013410760320144868,13410.760320144867,-0.0029264868771507802,False,0.008,2.0,0.0
2016-12-28,0.00031583259683771726,0.013546906324976517,13546.906324976517,-0.00031583259683771726,False,0.008,2.0,0.0
2016-12-29,0.006293972930303893,0.013165806880739487,13165.806880739487,-0.006293972930303893,False,0.008,2.0,0.0
2016-12-30,-0.0051344801431341125,0.013017737731319107,13017.737731319108,0.0051344801431341125,False,0.008,2.0,0.0
2017-01-03,0.008144013189811217,0.012742135002881067,12742.135002881067,-0.008144013189811217,False,0.008,2.0,0.0
2017-01-04,0.005276507035852784,0.013105052214168099,13105.0522141681,-0.005276507035852784,False,0.008,2.0,0.0
2017-01-05,0.00939138270915676,0.013261979417538752,13261.979417538752,-0.00939138270915676,False,0.008,2.0,0.0
2017-01-06,-0.0016727222294986132,0.012585946522459682,12585.946522459682,0.0016727222294986132,False,0.008,2.0,0.0
2017-01-09,0.003080807238016803,0.013249069974700814,13249.069974700813,-0.003080807238016803,False,0.008,2.0,0.0
2017-01-10,0.0023317609300528733,0.012922315787801677,12922.315787801677,-0.0023317609300528733,False,0.008,2.0,0.0
2017-01-11,0.004776551019017594,0.013313460332068523,13313.460332068524,-0.004776551019017594,False,0.008,2.0,0.0
2017-01-12,0.00034479814478696193,0.013055168846394504,13055.168846394503,-0.00034479814478696193,False,0.008,2.0,0.0
2017-01-13,0.0005551683073909297,0.012588983467718433,12588.983467718434,-0.0005551683073909297,False,0.008,2.0,0.0
2017-01-17,0.0035511234325027894,0.012932563419584977,12932.563419584978,-0.0035511234325027894,False,0.008,2.0,0.0
2017-01-18,-0.00449536963533359,0.012222661197716768,12222.661197716767,0.00449536963533359,False,0.008,2.0,0.0
2017-01-19,-0.0029877864112090482,0.01255654063701937,12556.540637019369,0.0029877864112090482,False,0.008,2.0,0.0
2017-01-20,0.0016476647438482981,0.012515963970316953,12515.963970316954,-0.0016476647438482981,False,0.008,2.0,0.0
2017-01-23,0.005894565005404084,0.012103786123301596,12103.786123301596,-0.005894565005404084,False,0.008,2.0,0.0
2017-01-24,0.0016041673490423403,0.012325051966298706,12325.051966298706,-0.0016041673490423403,False,0.008,2.0,0.0
2017-01-25,0.001790912371451925,0.012214108645664893,12214.108645664892,-0.001790912371451925,False,0.008,2.0,0.0
2017-01-26,-0.0020339312282431133,0.012811710014219808,12811.710014219809,0.0020339312282431133,False,0.008,2.0,0.0
2017-01-27,0.001356080805932747,0.01158893490038646,11588.93490038646,-0.001356080805932747,False,0.008,2.0,0.0
2017-01-30,-0.0036218471540945484,0.01184569157255285,11845.69157255285,0.0036218471540945484,False,0.008,2.0,0.0
2017-01-31,0.004122017968323677,0.012201962979890683,12201.962979890683,-0.004122017968323677,False,0.008,2.0,0.0
2017-02-01,-0.0002755068012997964,0.0119713724084127,11971.3724084127,0.0002755068012997964,False,0.008,2.0,0.0
2017-02-02,0.0018400888432231978,0.012021786546507924,12021.786546507923,-0.0018400888432231978,False,0.008,2.0,0.0
2017-02-03,0.003595799558402169,0.012134148412201166,12134.148412201166,-0.003595799558402169,False,0.008,2.0,0.0
2017-02-06,0.0033182099995971996,0.011689208955645417,11689.208955645416,-0.0033182099995971996,False,0.008,2.0,0.0
2017-02-07,0.0007933581859288497,0.011920915893032676,11920.915893032676,-0.0007933581859288497,False,0.008,2.0,0.0
2017-02-08,0.005784838916112945,0.012217673463084756,12217.673463084757,-0.005784838916112945,False,0.008,2.0,0.0
2017-02-09,-0.0010141898326064824,0.01183128858256845,11831.28858256845,0.0010141898326064824,False,0.008,2.0,0.0
2017-02-10,0.003712012402065823,0.01211795419877065,12117.954198770649,-0.003712012402065823,False,0.008,2.0,0.0
2017-02-13,0.0008571700089506028,0.011698932207194783,11698.932207194783,-0.0008571700089506028,False,0.008,2.0,0.0
2017-02-14,0.0004562051891392026,0.011512796081707124,11512.796081707123,-0.0004562051891392026,False,0.008,2.0,0.0
2017-02-15,0.003810970390682345,0.01164834010855881,11648.34010855881,-0.003810970390682345,False,0.008,2.0,0.0
2017-02-16,0.0012097918209093008,0.011769985356144087,11769.985356144087,-0.0012097918209093008,False,0.008,2.0,0.0
2017-02-17,0.0008614507260182427,0.011497891103246578,11497.891103246578,-0.0008614507260182427,False,0.008,2.0,0.0
2017-02-21,0.004134981483553868,0.011530701894300303,11530.701894300302,-0.004134981483553868,False,0.008,2.0,0.0
2017-02-22,0.0011221979506975234,0.011328886038229711,11328.886038229712,-0.0011221979506975234,False,0.008,2.0,0.0
2017-02-23,0.0017815310717350207,0.011751567024076818,11751.567024076818,-0.0017815310717350207,False,0.008,2.0,0.0
2017-02-24,0.0017745540969271282,0.011457950673247846,11457.950673247846,-0.0017745540969271282,False,0.008,2.0,0.0
2017-02-27,-0.0022146535779385525,0.011572898554286193,11572.898554286194,0.0022146535779385525,False,0.008,2.0,0.0
2017-02-28,-0.002155656012709839,0.011606814241535868,11606.814241535867,0.002155656012709839,False,0.008,2.0,0.0
2017-03-01,0.004453492942063431,0.011573268209883568,11573.268209883568,-0.004453492942063431,False,0.008,2.0,0.0
2017-03-02,-0.008995008396763815,0.011373908763241347,11373.908763241347,0.008995008396763815,False,0.008,2.0,0.0
2017-03-03,0.0024251096685925515,0.011874158569353284,11874.158569353283,-0.0024251096685925515,False,0.008,2.0,0.0
2017-03-06,-0.0032334311139385675,0.011300359089626715,11300.359089626716,0.0032334311139385675,False,0.008,2.0,0.0
2017-03-07,-0.0029413580403863772,0.011675983922896526,11675.983922896527,0.0029413580403863772,False,0.008,2.0,0.0
2017-03-08,-0.0042257381361665795,0.011723568907371855,11723.568907371855,0.0042257381361665795,False,0.008,2.0,0.0
2017-03-09,-0.0037987331904226983,0.01130584715341957,11305.847153419569,0.0037987331904226983,False,0.008,2.0,0.0
2017-03-10,0.004914741714532633,0.012044486692667992,12044.486692667993,-0.004914741714532633,False,0.008,2.0,0.0
2017-03-13,0.001997368517825948,0.01179532332979778,11795.323329797779,-0.001997368517825948,False,0.008,2.0,0.0
2017-03-14,-0.002512782248799095,0.011380753680210177,11380.753680210177,0.002512782248799095,False,0.008,2.0,0.0
2017-03-15,0.014359699443646125,0.011525418861331464,11525.418861331464,-0.014359699443646125,False,0.008,2.0,0.0
2017-03-16,0.0005042610037461428,0.011524422526713327,11524.422526713326,-0.0005042610037461428,False,0.008,2.0,0.0
2017-03-17,0.0009258552762763995,0.011131295551017313,11131.295551017312,-0.0009258552762763995,False,0.008,2.0,0.0
2017-03-20,0.00404120882974044,0.011412921032949209,11412.921032949209,-0.00404120882974044,False,0.008,2.0,0.0
2017-03-21,-0.0043905152402283765,0.011804497396802423,11804.497396802422,0.0043905152402283765,False,0.008,2.0,0.0
2017-03-22,0.004076529448295218,0.01131898963251555,11318.98963251555,-0.004076529448295218,False,0.008,2.0,0.0
2017-03-23,-0.0012191323339009854,0.010998360976379823,10998.360976379823,0.0012191323339009854,False,0.008,2.0,0.0
2017-03-24,0.0018069038398862646,0.011585391018559925,11585.391018559925,-0.0018069038398862646,False,0.008,2.0,0.0
2017-03-27,0.0016007734062100988,0.011555202323134926,11555.202323134925,-0.0016007734062100988,False,0.008,2.0,0.0
2017-03-28,0.0010785951743546242,0.011707076619775538,11707.076619775538,-0.0010785951743546242,False,0.008,2.0,0.0
2017-03-29,0.0031464350744597525,0.011476887415156883,11476.887415156883,-0.0031464350744597525,False,0.008,2.0,0.0
2017-03-30,-0.0031401893705099273,0.010985477654404253,10985.477654404254,0.0031401893705099273,False,0.008,2.0,0.0
2017-03-31,-0.001009489744643255,0.011293759440774934,11293.759440774935,0.001009489744643255,False,0.008,2.0,0.0
2017-04-03,0.0037268240636242345,0.011537552126526286,11537.552126526285,-0.0037268240636242345,False,0.008,2.0,0.0
2017-04-04,-8.641322533551323e-05,0.01093240836432093,10932.40836432093,8.641322533551323e-05,False,0.008,2.0,0.0
2017-04-05,-0.001403640486460689,0.011133684742066937,11133.684742066936,0.001403640486460689,False,0.008,2.0,0.0
2017-04-06,-0.0007182579097171125,0.011407798566825323,11407.798566825322,0.0007182579097171125,False,0.008,2.0,0.0
2017-04-07,-0.001003623355774863,0.0112445698149061,11244.5698149061,0.001003623355774863,False,0.008,2.0,0.0
2017-04-10,0.0003098419256923669,0.011014295495295427,11014.295495295426,-0.0003098419256923669,False,0.008,2.0,0.0
2017-04-11,0.0032324197044423246,0.011249093237112887,11249.093237112887,-0.0032324197044423246,False,0.008,2.0,0.0
2017-04-12,0.0017531108359136072,0.01155223230552104,11552.23230552104,-0.0017531108359136072,False,0.008,2.0,0.0
2017-04-13,-0.0013902381269244482,0.01144168348232005,11441.68348232005,0.0013902381269244482,False,0.008,2.0,0.0
2017-04-17,0.004320655978442445,0.011349763082418635,11349.763082418634,-0.004320655978442445,False,0.008,2.0,0.0
2017-04-18,0.0001353970734101037,0.011214592536139517,11214.592536139517,-0.0001353970734101037,False,0.008,2.0,0.0
2017-04-19,-0.004142544939469617,0.011903889581971184,11903.889581971183,0.004142544939469617,False,0.008,2.0,0.0
2017-04-20,0.005378303806332707,0.011428342242744872,11428.342242744871,-0.005378303806332707,False,0.008,2.0,0.0
2017-04-21,-0.0001086395218217407,0.011174291620023062,11174.291620023061,0.0001086395218217407,False,0.008,2.0,0.0
2017-04-24,0.005119438016040423,0.010836727566437145,10836.727566437145,-0.005119438016040423,False,0.008,2.0,0.0
2017-04-25,-6.673549121667377e-05,0.011109202837266172,11109.202837266172,6.673549121667377e-05,False,0.008,2.0,0.0
2017-04-26,0.0009317245052031798,0.01139707192666379,11397.071926663792,-0.0009317245052031798,False,0.008,2.0,0.0
2017-04-27,0.0003082384589990995,0.011257046207380165,11257.046207380165,-0.0003082384589990995,False,0.008,2.0,0.0
2017-04-28,0.0012913365841252134,0.010880976267445568,10880.976267445569,-0.0012913365841252134,False,0.008,2.0,0.0
2017-05-01,-5.257803314393517e-05,0.011330883707049237,11330.883707049237,5.257803314393517e-05,False,0.008,2.0,0.0
2017-05-02,0.0028410972181257548,0.0109732936155566,10973.2936155566,-0.0028410972181257548,False,0.008,2.0,0.0
2017-05-03,-0.004873995492557759,0.01129772791633706,11297.72791633706,0.004873995492557759,False,0.008,2.0,0.0
2017-05-04,-0.0049275963798017805,0.011286151098345333,11286.151098345334,0.0049275963798017805,False,0.008,2.0,0.0
2017-05-05,0.0037312558393436837,0.011236232368723235,11236.232368723235,-0.0037312558393436837,False,0.008,2.0,0.0
2017-05-08,-0.0011795686554342045,0.011322102994125666,11322.102994125666,0.0011795686554342045,False,0.008,2.0,0.0
2017-05-09,0.0018355813676011134,0.011485824489801327,11485.824489801327,-0.0018355813676011134,False,0.008,2.0,0.0
2017-05-10,0.0015526003288906633,0.010941610963821671,10941.610963821671,-0.0015526003288906633,False,0.008,2.0,0.0
2017-05-11,0.0006647005077358382,0.011035676626165475,11035.676626165476,-0.0006647005077358382,False,0.008,2.0,0.0
2017-05-12,0.0030197397178379328,0.011139738872380107,11139.738872380107,-0.0030197397178379328,False,0.008,2.0,0.0
2017-05-15,0.0037643443614476355,0.011221596394649015,11221.596394649016,-0.0037643443614476355,False,0.008,2.0,0.0
2017-05-16,0.0024575174675976587,0.011104629305599724,11104.629305599723,-0.0024575174675976587,False,0.008,2.0,0.0
2017-05-17,-0.0054895298014159275,0.010414390066838072,10414.390066838072,0.0054895298014159275,False,0.008,2.0,0.0
2017-05-18,-0.0021739313296695872,0.011443475688578885,11443.475688578885,0.0021739313296695872,False,0.008,2.0,0.0
2017-05-19,0.007878129212049424,0.011031444705878872,11031.444705878872,-0.007878129212049424,False,0.008,2.0,0.0
2017-05-22,0.003180839117198176,0.010826522473214448,10826.522473214449,-0.003180839117198176,False,0.008,2.0,0.0
2017-05-23,-0.0017750985939156251,0.011205822000669975,11205.822000669976,0.0017750985939156251,False,0.008,2.0,0.0
2017-05-24,0.00407782886183834,0.011385318928083655,11385.318928083656,-0.00407782886183834,False,0.008,2.0,0.0
2017-05-25,0.0034724590863576487,0.010891740437532658,10891.740437532659,-0.0034724590863576487,False,0.008,2.0,0.0
2017-05-26,0.00314976164855576,0.010585544904181768,10585.544904181768,-0.00314976164855576,False,0.008,2.0,0.0
2017-05-30,-0.0007337471147262465,0.011171156585045054,11171.156585045053,0.0007337471147262465,False,0.008,2.0,0.0
2017-05-31,-0.0003629946374182236,0.011283343637359361,11283.343637359361,0.0003629946374182236,False,0.008,2.0,0.0
2017-06-01,0.004254828236328612,0.01096427846665467,10964.27846665467,-0.004254828236328612,False,0.008,2.0,0.0
2017-06-02,0.007803164797412655,0.011031916349330165,11031.916349330164,-0.007803164797412655,False,0.008,2.0,0.0
2017-06-05,-0.0014730985291681266,0.010962739253564672,10962.739253564672,0.0014730985291681266,False,0.008,2.0,0.0
2017-06-06,0.002001980834099881,0.010739779741065682,10739.779741065682,-0.002001980834099881,False,0.008,2.0,0.0
2017-06-07,-0.001097608832022101,0.0106776679724663,10677.6679724663,0.001097608832022101,False,0.008,2.0,0.0
2017-06-08,-0.00032768220631216314,0.010671820502574366,10671.820502574366,0.00032768220631216314,False,0.008,2.0,0.0
2017-06-09,-0.008960765080553258,0.010857716938006405,10857.716938006404,0.008960765080553258,False,0.008,2.0,0.0
2017-06-12,-0.002533170125023166,0.011015439811322605,11015.439811322605,0.002533170125023166,False,0.008,2.0,0.0
2017-06-13,0.003799081091306045,0.01098020508080346,10980.20508080346,-0.003799081091306045,False,0.008,2.0,0.0
2017-06-14,0.000820953664205537,0.010887478308931131,10887.478308931131,-0.000820953664205537,False,0.008,2.0,0.0
2017-06-15,-0.00449172420801105,0.010788270835512434,10788.270835512434,0.00449172420801105,False,0.008,2.0,0.0
2017-06-16,-5.3860317963594435e-05,0.01115383491434059,11153.83491434059,5.3860317963594435e-05,False,0.008,2.0,0.0
2017-06-19,0.005188650726834943,0.010942412262252897,10942.412262252898,-0.005188650726834943,False,0.008,2.0,0.0
2017-06-20,-0.0037566583262903077,0.010621589555348806,10621.589555348806,0.0037566583262903077,False,0.008,2.0,0.0
2017-06-21,0.003354212235450138,0.011154721558380024,11154.721558380024,-0.003354212235450138,False,0.008,2.0,0.0
2017-06-22,0.00198925309605289,0.011350527265733254,11350.527265733253,-0.00198925309605289,False,0.008,2.0,0.0
2017-06-23,0.0028362405341373132,0.011010309082737316,11010.309082737316,-0.0028362405341373132,False,0.008,2.0,0.0
2017-06-26,8.415950748592571e-05,0.010585875969514076,10585.875969514076,-8.415950748592571e-05,False,0.008,2.0,0.0
2017-06-27,-0.008953928563454783,0.010712227154206545,10712.227154206545,0.008953928563454783,False,0.008,2.0,0.0
2017-06-28,0.005708628829424001,0.010644670807011574,10644.670807011575,-0.005708628829424001,False,0.008,2.0,0.0
2017-06-29,-0.01042071302807961,0.01066758361580676,10667.58361580676,0.01042071302807961,False,0.008,2.0,0.0
2017-06-30,0.0003981252770957288,0.01074923847043904,10749.238470439039,-0.0003981252770957288,False,0.008,2.0,0.0
2017-07-03,-0.004522504855147136,0.011255838985236057,11255.838985236056,0.004522504855147136,False,0.008,2.0,0.0
2017-07-05,0.002834831514119696,0.0113528321112986,11352.832111298601,-0.002834831514119696,False,0.008,2.0,0.0
2017-07-06,-0.00777935678083599,0.011039386290157755,11039.386290157756,0.00777935678083599,False,0.008,2.0,0.0
2017-07-07,0.0006016280603216019,0.010554957587942618,10554.95758794262,-0.0006016280603216019,False,0.008,2.0,0.0
2017-07-10,0.004040907443911568,0.010821275089241704,10821.275089241704,-0.004040907443911568,False,0.008,2.0,0.0
2017-07-11,0.0026533042942117114,0.010608780515371183,10608.780515371183,-0.0026533042942117114,False,0.008,2.0,0.0
2017-07-12,0.009836410324233436,0.010737381715107875,10737.381715107875,-0.009836410324233436,False,0.008,2.0,0.0
2017-07-13,0.00014053957794304403,0.010635946412569826,10635.946412569825,-0.00014053957794304403,False,0.008,2.0,0.0
2017-07-14,0.006909791331196625,0.011041442976250261,11041.442976250262,-0.006909791331196625,False,0.008,2.0,0.0
2017-07-17,0.0005948323809896294,0.0108345089734344,10834.5089734344,-0.0005948323809896294,False,0.008,2.0,0.0
2017-07-18,0.005188527657022091,0.010719231088285814,10719.231088285813,-0.005188527657022091,False,0.008,2.0,0.0
2017-07-19,0.003946851321262868,0.010396116342497331,10396.116342497331,-0.003946851321262868,False,0.008,2.0,0.0
2017-07-20,0.0009719497391409871,0.010689756958146982,10689.756958146982,-0.0009719497391409871,False,0.008,2.0,0.0
2017-07-21,0.0021736853611556087,0.010713740898437513,10713.740898437512,-0.0021736853611556087,False,0.008,2.0,0.0
2017-07-24,0.0007672852906087435,0.01110695476047644,11106.95476047644,-0.0007672852906087435,False,0.008,2.0,0.0
2017-07-25,-0.0037852686533285554,0.01121552835722717,11215.528357227171,0.0037852686533285554,False,0.008,2.0,0.0
2017-07-26,0.004246755810755243,0.01082798912230268,10827.98912230268,-0.004246755810755243,False,0.008,2.0,0.0
2017-07-27,-0.0036686102570436365,0.010891310789419536,10891.310789419536,0.0036686102570436365,False,0.008,2.0,0.0
2017-07-28,0.0021952348403937675,0.010695730847565676,10695.730847565676,-0.0021952348403937675,False,0.008,2.0,0.0
2017-07-31,-0.0003914266784719622,0.01054689521916356,10546.89521916356,0.0003914266784719622,False,0.008,2.0,0.0
2017-08-01,0.00273893724255907,0.011412167016929826,11412.167016929827,-0.00273893724255907,False,0.008,2.0,0.0
2017-08-02,0.0005201212677325096,0.010318777948276297,10318.777948276298,-0.0005201212677325096,False,0.008,2.0,0.0
2017-08-03,0.0003998345358545929,0.010890676344207387,10890.676344207386,-0.0003998345358545929,False,0.008,2.0,0.0
2017-08-04,-0.0017996867836991726,0.010770869628585884,10770.869628585884,0.0017996867836991726,False,0.008,2.0,0.0
2017-08-07,0.0029940866590155717,0.010386022317750647,10386.022317750647,-0.0029940866590155717,False,0.008,2.0,0.0
2017-08-08,-0.0009268014330982899,0.010802077600186458,10802.077600186458,0.0009268014330982899,False,0.008,2.0,0.0
2017-08-09,0.0014320305900848984,0.010747872197825775,10747.872197825774,-0.0014320305900848984,False,0.008,2.0,0.0
2017-08-10,-0.00866168199811268,0.01100216681880009,11002.16681880009,0.00866168199811268,False,0.008,2.0,0.0
2017-08-11,0.003323994039797684,0.010901959881114386,10901.959881114386,-0.003323994039797684,False,0.008,2.0,0.0
2017-08-14,0.004163277261767395,0.01116700297709524,11167.00297709524,-0.004163277261767395,False,0.008,2.0,0.0
2017-08-15,-0.002039565896740503,0.01091261995670684,10912.61995670684,0.002039565896740503,False,0.008,2.0,0.0
2017-08-16,0.0049751941455078,0.010825899692150353,10825.899692150353,-0.0049751941455078,False,0.008,2.0,0.0
2017-08-17,-0.007248056590972762,0.010729922936224765,10729.922936224766,0.007248056590972762,False,0.008,2.0,0.0
2017-08-18,0.0008972419627402141,0.010650209971827479,10650.209971827479,-0.0008972419627402141,False,0.008,2.0,0.0
2017-08-21,0.0018763469778665834,0.010952615013536048,10952.615013536048,-0.0018763469778665834,False,0.008,2.0,0.0
2017-08-22,0.005707676246464245,0.01092569672295864,10925.696722958639,-0.005707676246464245,False,0.008,2.0,0.0
2017-08-23,0.0016314529793497456,0.010338773070504993,10338.773070504993,-0.0016314529793497456,False,0.008,2.0,0.0
2017-08-24,-0.0017839852837356009,0.011393655529544222,11393.655529544221,0.0017839852837356009,False,0.008,2.0,0.0
2017-08-25,0.0027182188978550625,0.010803806166668994,10803.806166668994,-0.0027182188978550625,False,0.008,2.0,0.0
2017-08-28,0.0029675594600264694,0.010579613316015521,10579.61331601552,-0.0029675594600264694,False,0.008,2.0,0.0
2017-08-29,0.0008693965042590124,0.01065053794835439,10650.53794835439,-0.0008693965042590124,False,0.008,2.0,0.0
2017-08-30,0.0034517252446116366,0.010419792848409878,10419.792848409877,-0.0034517252446116366,False,0.008,2.0,0.0
2017-08-31,0.006602734195740423,0.010449304324400608,10449.304324400608,-0.006602734195740423,False,0.008,2.0,0.0
2017-09-01,0.00033316953311322026,0.010578620033882597,10578.620033882597,-0.00033316953311322026,False,0.008,2.0,0.0
2017-09-05,-0.0004512786991364592,0.010738629910957176,10738.629910957176,0.0004512786991364592,False,0.008,2.0,0.0
2017-09-06,0.0003454702712002212,0.010588329588208224,10588.329588208224,-0.0003454702712002212,False,0.008,2.0,0.0
2017-09-07,0.006044757276508305,0.010527923930623176,10527.923930623176,-0.006044757276508305,False,0.004,1.0,0.0
2017-09-08,-0.0039780499881228336,0.009963866100306576,9963.866100306575,0.0039780499881228336,False,0.004,1.0,0.0
2017-09-11,0.0019391875006917086,0.010476025551229827,10476.025551229828,-0.0019391875006917086,False,0.004,1.0,0.0
2017-09-12,0.0004693180487222558,0.009565206822611791,9565.206822611792,-0.0004693180487222558,False,0.004,1.0,0.0
2017-09-13,-0.002976737349161973,0.010216975328984418,10216.975328984418,0.002976737349161973,False,0.004,1.0,0.0
2017-09-14,0.0009915191095404509,0.010058329404066133,10058.329404066133,-0.0009915191095404509,False,0.004,1.0,0.0
2017-09-15,0.0012278148303938032,0.009567980300834342,9567.980300834342,-0.0012278148303938032,False,0.004,1.0,0.0
2017-09-18,-0.0021497080948050364,0.00944608689946623,9446.08689946623,0.0021497080948050364,False,0.004,1.0,0.0
2017-09-19,0.0009074715694617374,0.009726591889459764,9726.591889459763,-0.0009074715694617374,False,0.004,1.0,0.0
2017-09-20,-0.0029231646482787976,0.009932609117992298,9932.609117992299,0.0029231646482787976,False,0.004,1.0,0.0
2017-09-21,-0.0033925675616692796,0.010026994363565007,10026.994363565007,0.0033925675616692796,False,0.004,1.0,0.0
2017-09-22,0.0001920483228336378,0.00976652557436978,9766.52557436978,-0.0001920483228336378,False,0.004,1.0,0.0
2017-09-25,-0.002563481731416317,0.00971031989111856,9710.31989111856,0.002563481731416317,False,0.004,1.0,0.0
2017-09-26,-0.002493894293209298,0.00970999815112921,9709.99815112921,0.002493894293209298,False,0.004,1.0,0.0
2017-09-27,-0.0030358600459291954,0.009993107649437855,9993.107649437856,0.0030358600459291954,False,0.004,1.0,0.0
2017-09-28,-0.00018022068702638896,0.00974854329916143,9748.54329916143,0.00018022068702638896,False,0.004,1.0,0.0
2017-09-29,0.0038645958701234223,0.00987656445520408,9876.56445520408,-0.0038645958701234223,False,0.004,1.0,0.0
2017-10-02,-0.0006074525810139342,0.009524041005827487,9524.041005827487,0.0006074525810139342,False,0.004,1.0,0.0
2017-10-03,0.004314566262316921,0.009393218077815563,9393.218077815563,-0.004314566262316921,False,0.004,1.0,0.0
2017-10-04,0.0009641452358231329,0.00926467128413055,9264.671284130549,-0.0009641452358231329,False,0.004,1.0,0.0
2017-10-05,0.0028089084491879305,0.009541036500743165,9541.036500743165,-0.0028089084491879305,False,0.004,1.0,0.0
2017-10-06,-0.0005782978276530181,0.009193979213142823,9193.979213142822,0.0005782978276530181,False,0.004,1.0,0.0
2017-10-09,0.0015741863694721972,0.009565815614699193,9565.815614699193,-0.0015741863694721972,False,0.004,1.0,0.0
2017-10-10,0.0034972713238203834,0.009270821470557135,9270.821470557135,-0.0034972713238203834,False,0.004,1.0,0.0
2017-10-11,0.002846410007613276,0.009016246176123097,9016.246176123097,-0.002846410007613276,False,0.004,1.0,0.0
2017-10-12,0.00026550485398051376,0.008478075711531776,8478.075711531776,-0.00026550485398051376,False,0.004,1.0,0.0
2017-10-13,0.005785773365715219,0.009415298495441359,9415.298495441359,-0.005785773365715219,False,0.004,1.0,0.0
2017-10-16,-0.0006902374840793701,0.008924467689952526,8924.467689952526,0.0006902374840793701,False,0.004,1.0,0.0
2017-10-17,-0.0017447507914395866,0.009258102198147466,9258.102198147466,0.0017447507914395866,False,0.004,1.0,0.0
2017-10-18,-0.0016432963506606947,0.00937190209392823,9371.902093928229,0.0016432963506606947,False,0.004,1.0,0.0
2017-10-19,-0.0009122342468100842,0.008799702042412587,8799.702042412588,0.0009122342468100842,False,0.004,1.0,0.0
2017-10-20,-0.001088392329943244,0.00883628777356402,8836.28777356402,0.001088392329943244,False,0.004,1.0,0.0
2017-10-23,-0.0030146087044568893,0.008961849077646267,8961.849077646268,0.0030146087044568893,False,0.004,1.0,0.0
2017-10-24,-0.0013218693227220468,0.008984680540873096,8984.680540873096,0.0013218693227220468,False,0.004,1.0,0.0
2017-10-25,-0.0031056112769538347,0.009110383061910221,9110.383061910221,0.0031056112769538347,False,0.004,1.0,0.0
2017-10-26,-0.004081761486150248,0.008854825392927512,8854.825392927512,0.004081761486150248,False,0.004,1.0,0.0
2017-10-27,0.012632931686513783,0.009044749834717274,9044.749834717273,-0.012632931686513783,False,0.004,1.0,0.0
2017-10-30,0.0007429777337369937,0.009229985889318103,9229.985889318103,-0.0007429777337369937,False,0.004,1.0,0.0
2017-10-31,0.002244220142124087,0.00927743037887916,9277.43037887916,-0.002244220142124087,False,0.004,1.0,0.0
2017-11-01,0.0028556648608882634,0.009013266594819916,9013.266594819916,-0.0028556648608882634,False,0.004,1.0,0.0
2017-11-02,0.0009681626304406389,0.009156879838691429,9156.879838691428,-0.0009681626304406389,False,0.004,1.0,0.0
2017-11-03,0.0011627133927972764,0.009150905643132413,9150.905643132413,-0.0011627133927972764,False,0.004,1.0,0.0
2017-11-06,0.005688296769849099,0.009126175763201997,9126.175763201996,-0.005688296769849099,False,0.004,1.0,0.0
2017-11-07,-0.001185224940453944,0.008896968268492704,8896.968268492703,0.001185224940453944,False,0.004,1.0,0.0
2017-11-08,0.0023417523664456268,0.008617515438930662,8617.515438930663,-0.0023417523664456268,False,0.0,0.0,0.0
2017-11-09,-0.0027615003715661056,0.008550432032425491,8550.432032425491,0.0027615003715661056,False,0.0,0.0,0.0
2017-11-10,-0.005588761727288038,0.00825020834071844,8250.20834071844,0.005588761727288038,False,0.0,0.0,0.0
2017-11-13,0.0007171585286968708,0.008525886210372167,8525.886210372168,-0.0007171585286968708,False,0.0,0.0,0.0
2017-11-14,-0.0007714593430462103,0.008407070503304054,8407.070503304054,0.0007714593430462103,False,0.0,0.0,0.0
2017-11-15,-0.0010608997250728613,0.008684656494990088,8684.656494990088,0.0010608997250728613,False,0.0,0.0,0.0
2017-11-16,0.006664331918779799,0.008161003275585322,8161.003275585322,-0.006664331918779799,False,0.0,0.0,0.0
2017-11-17,0.0035239065801502714,0.0077909623243549485,7790.962324354949,-0.0035239065801502714,False,0.0,0.0,0.0
2017-11-20,-0.0013917193514354721,0.008078609111383682,8078.609111383682,0.0013917193514354721,False,0.0,0.0,0.0
2017-11-21,0.007120170801390691,0.00809851774196521,8098.517741965209,-0.007120170801390691,False,0.0,0.0,0.0
2017-11-22,0.0030610500535347197,0.008300406273793892,8300.406273793891,-0.0030610500535347197,False,0.0,0.0,0.0
2017-11-24,-0.00028017132364941414,0.007971794947625345,7971.794947625345,0.00028017132364941414,False,0.0,0.0,0.0
2017-11-27,-0.0025738827902263453,0.0083040001176739,8304.0001176739,0.0025738827902263453,False,0.0,0.0,0.0
2017-11-28,0.0042661781137342866,0.008206543811180425,8206.543811180425,-0.0042661781137342866,False,0.0,0.0,0.0
2017-11-29,-0.010001511708582966,0.007827185711534101,7827.185711534101,0.010001511708582966,True,0.004,1.0,0.002174325997048865
2017-11-30,-0.0009701885254327805,0.007982760094798109,7982.760094798109,0.0009701885254327805,False,0.004,1.0,0.0
2017-12-01,0.0011144256157957556,0.0084061658208423,8406.165820842301,-0.0011144256157957556,False,0.004,1.0,0.0
2017-12-04,-0.0027334019289043223,0.008318099243781412,8318.099243781413,0.0027334019289043223,False,0.004,1.0,0.0
2017-12-05,-0.0011430461410727902,0.00800622676129036,8006.226761290361,0.0011430461410727902,False,0.004,1.0,0.0
2017-12-06,-0.001484469197235083,0.00778214072323577,7782.14072323577,0.001484469197235083,False,0.004,1.0,0.0
2017-12-07,-0.002315828371415085,0.008109851173966546,8109.8511739665455,0.002315828371415085,False,0.004,1.0,0.0
2017-12-08,0.004306808886031343,0.008519207691330199,8519.207691330199,-0.004306808886031343,False,0.004,1.0,0.0
2017-12-11,0.0019514756236721942,0.008114076594005346,8114.076594005346,-0.0019514756236721942,False,0.004,1.0,0.0
2017-12-12,-0.0011012137868992246,0.008065076828657685,8065.076828657685,0.0011012137868992246,False,0.004,1.0,0.0
2017-12-13,0.0059916595160574675,0.007634223314775742,7634.2233147757415,-0.0059916595160574675,False,0.004,1.0,0.0
2017-12-14,-0.0019780998311224925,0.007524757242424684,7524.757242424684,0.0019780998311224925,False,0.004,1.0,0.0
2017-12-15,0.005541811494214688,0.008030051563928945,8030.051563928945,-0.005541811494214688,False,0.004,1.0,0.0
2017-12-18,0.0042974201321292595,0.008066653252637937,8066.653252637937,-0.0042974201321292595,False,0.004,1.0,0.0
2017-12-19,-0.00545428397184351,0.007440194919424491,7440.194919424491,0.00545428397184351,False,0.004,1.0,0.0
2017-12-20,-0.0017386810439876444,0.0075153625455938785,7515.362545593878,0.0017386810439876444,False,0.004,1.0,0.0
2017-12-21,0.003195825309758638,0.0074705524432524695,7470.55244325247,-0.003195825309758638,False,0.004,1.0,0.0
2017-12-22,0.0027308924759323894,0.007611507893864352,7611.507893864352,-0.0027308924759323894,False,0.004,1.0,0.0
2017-12-26,0.00047423416541254605,0.0076931051814377125,7693.105181437712,-0.00047423416541254605,False,0.004,1.0,0.0
2017-12-27,0.004000065491466831,0.0077295230947981835,7729.523094798184,-0.004000065491466831,False,0.004,1.0,0.0
2017-12-28,0.0028691035134236435,0.007549616162110998,7549.616162110998,-0.0028691035134236435,False,0.004,1.0,0.0
2017-12-29,0.0005643936703531913,0.007457693077341663,7457.693077341663,-0.0005643936703531913,False,0.004,1.0,0.0
2018-01-02,0.008980724056155288,0.007410011600843583,7410.011600843583,-0.008980724056155288,False,0.004,1.0,0.0
2018-01-03,0.005553633438327333,0.007473019133761668,7473.019133761669,-0.005553633438327333,False,0.004,1.0,0.0
2018-01-04,0.0031769381262424234,0.00758902440321616,7589.02440321616,-0.0031769381262424234,False,0.004,1.0,0.0
2018-01-05,0.004287544839775137,0.00795759360915008,7957.59360915008,-0.004287544839775137,False,0.004,1.0,0.0
2018-01-08,0.000984776878129945,0.007580118434429679,7580.118434429679,-0.000984776878129945,False,0.004,1.0,0.0
2018-01-09,-0.003460854189406226,0.0076072639273069165,7607.263927306916,0.003460854189406226,False,0.004,1.0,0.0
2018-01-10,-0.0017984630033586638,0.007604002349374816,7604.002349374816,0.0017984630033586638,False,0.004,1.0,0.0
2018-01-11,0.005538721202819019,0.0076825613031626366,7682.561303162636,-0.005538721202819019,False,0.004,1.0,0.0
2018-01-12,0.007451664677719316,0.007473238318485682,7473.238318485683,-0.007451664677719316,False,0.004,1.0,0.0
2018-01-16,-0.000856510543773559,0.007561838567742301,7561.8385677423,0.000856510543773559,False,0.004,1.0,0.0
2018-01-17,0.004808482040133045,0.007506928795473202,7506.928795473202,-0.004808482040133045,False,0.004,1.0,0.0
2018-01-18,-0.0023617330329964493,0.00790202925797171,7902.02925797171,0.0023617330329964493,False,0.004,1.0,0.0
2018-01-19,0.0030151340287601913,0.007557973381938996,7557.973381938996,-0.0030151340287601913,False,0.004,1.0,0.0
2018-01-22,0.005475264338412878,0.007514763692725228,7514.763692725228,-0.005475264338412878,False,0.004,1.0,0.0
2018-01-23,0.004879606198580122,0.007716798968841662,7716.798968841662,-0.004879606198580122,False,0.004,1.0,0.0
2018-01-24,0.0016643450692896303,0.007739454776050681,7739.454776050681,-0.0016643450692896303,False,0.004,1.0,0.0
2018-01-25,0.00020329919513721877,0.00771086092992982,7710.86092992982,-0.00020329919513721877,False,0.004,1.0,0.0
2018-01-26,0.007559589520688427,0.007619470918746742,7619.4709187467415,-0.007559589520688427,False,0.004,1.0,0.0
2018-01-29,-0.00784701408394326,0.00761293901666896,7612.93901666896,0.00784701408394326,True,0.008,2.0,0.0002340750672743001
2018-01-30,-0.008464319547138244,0.007548085037773048,7548.0850377730485,0.008464319547138244,True,0.012,3.0,0.000916234509365196
2018-01-31,0.0051897099181915434,0.008256510188659059,8256.510188659058,-0.0051897099181915434,False,0.012,3.0,0.0
2018-02-01,-0.006871859967154138,0.007535051303581918,7535.051303581919,0.006871859967154138,False,0.012,3.0,0.0
2018-02-02,-0.017947573947090834,0.00788771014294559,7887.710142945591,0.017947573947090834,True,0.016,4.0,0.010059863804145244
2018-02-05,-0.020866710610198826,0.008566818182115419,8566.81818211542,0.020866710610198826,True,0.02,5.0,0.012299892428083407
2018-02-06,0.012405711085272353,0.00869210829270756,8692.10829270756,-0.012405711085272353,False,0.02,5.0,0.0
2018-02-07,-0.012816750496456785,0.009256089386636059,9256.089386636058,0.012816750496456785,True,0.024,6.0,0.003560661109820727
2018-02-08,-0.022785146829569603,0.00954257454741091,9542.57454741091,0.022785146829569603,True,0.028,7.0,0.013242572282158693
2018-02-09,0.008053746539910001,0.010146913715929712,10146.913715929712,-0.008053746539910001,False,0.028,7.0,0.0
2018-02-12,0.011474635942644175,0.010900486514923766,10900.486514923767,-0.011474635942644175,False,0.028,7.0,0.0
2018-02-13,0.00508430843962957,0.010044875827310657,10044.875827310658,-0.00508430843962957,False,0.028,7.0,0.0
2018-02-14,0.012645525115174383,0.010412049944756396,10412.049944756396,-0.012645525115174383,False,0.028,7.0,0.0
2018-02-15,0.01128525909734308,0.00990699119678429,9906.99119678429,-0.01128525909734308,False,0.028,7.0,0.0
2018-02-16,-0.0010486085950356385,0.010529119150632758,10529.119150632758,0.0010486085950356385,False,0.028,7.0,0.0
2018-02-20,-0.007161851689923049,0.010616670776935148,10616.670776935149,0.007161851689923049,False,0.028,7.0,0.0
2018-02-21,-0.00509979954572537,0.01039809322461672,10398.09322461672,0.00509979954572537,False,0.028,7.0,0.0
2018-02-22,0.001975982356188277,0.010160055622751662,10160.055622751663,-0.001975982356188277,False,0.028,7.0,0.0
2018-02-23,0.012362618490619948,0.010509443361891534,10509.443361891534,-0.012362618490619948,False,0.028,7.0,0.0
2018-02-26,0.00738424930171755,0.010400191462468707,10400.191462468707,-0.00738424930171755,False,0.028,7.0,0.0
2018-02-27,-0.013168361685555841,0.010703940629775002,10703.940629775001,0.013168361685555841,True,0.032,8.0,0.0024644210557808396
2018-02-28,-0.005119701368055463,0.010464657969927838,10464.657969927839,0.005119701368055463,False,0.032,8.0,0.0
2018-03-01,-0.005631158813989258,0.010897025492712282,10897.025492712282,0.005631158813989258,False,0.032,8.0,0.0
2018-03-02,0.0031501936966032763,0.011401813191099935,11401.813191099935,-0.0031501936966032763,False,0.032,8.0,0.0
2018-03-05,0.0039436742802349,0.010569114011885532,10569.114011885531,-0.0039436742802349,False,0.032,8.0,0.0
2018-03-06,0.005563725324012303,0.010502791392372505,10502.791392372505,-0.005563725324012303,False,0.032,8.0,0.0
2018-03-07,-0.0009052835035519459,0.011437642465985647,11437.642465985648,0.0009052835035519459,False,0.032,8.0,0.0
2018-03-08,0.0027850569768970604,0.011163330271863456,11163.330271863457,-0.0027850569768970604,False,0.032,8.0,0.0
2018-03-09,0.010513120568807755,0.010473446612876658,10473.446612876658,-0.010513120568807755,False,0.032,8.0,0.0
2018-03-12,0.002447444701023116,0.011068956500950649,11068.956500950648,-0.002447444701023116,False,0.032,8.0,0.0
2018-03-13,-0.004425704250055129,0.01116999954535827,11169.99954535827,0.004425704250055129,False,0.032,8.0,0.0
2018-03-14,0.0008969610576766708,0.01097987772337637,10979.87772337637,-0.0008969610576766708,False,0.032,8.0,0.0
2018-03-15,-0.002392750482742434,0.010791977143714125,10791.977143714124,0.002392750482742434,False,0.032,8.0,0.0
2018-03-16,-0.002019360098503875,0.010370824368257156,10370.824368257156,0.002019360098503875,False,0.032,8.0,0.0
2018-03-19,-0.0093283077312335,0.010376839943724934,10376.839943724934,0.0093283077312335,False,0.032,8.0,0.0
2018-03-20,0.0015160781240258993,0.01079654286134715,10796.54286134715,-0.0015160781240258993,False,0.032,8.0,0.0
2018-03-21,0.003633529856926665,0.01046855249230327,10468.55249230327,-0.003633529856926665,False,0.032,8.0,0.0
2018-03-22,-0.015410015194432436,0.01074608599050049,10746.085990500489,0.015410015194432436,True,0.036,9.0,0.004663929203931947
2018-03-23,-0.011148594349622055,0.011070517639486646,11070.517639486647,0.011148594349622055,True,0.04,10.0,7.807671013540865e-05
2018-03-26,0.019671384006421832,0.010530921967542205,10530.921967542205,-0.019671384006421832,False,0.04,10.0,0.0
2018-03-27,-0.012603362116942553,0.011415695400759337,11415.695400759338,0.012603362116942553,True,0.044,11.0,0.0011876667161832156
2018-03-28,-0.006133497304886061,0.012548854341477698,12548.854341477698,0.006133497304886061,False,0.044,11.0,0.0
2018-03-29,0.011473482687136816,0.011687237646739962,11687.23764673996,-0.011473482687136816,False,0.044,11.0,0.0
2018-04-02,-0.010959312428999767,0.012421578552254814,12421.578552254814,0.010959312428999767,False,0.044,11.0,0.0
2018-04-03,0.0037456946330622462,0.012240279508687326,12240.279508687327,-0.0037456946330622462,False,0.044,11.0,0.0
2018-04-04,0.005201407124193925,0.011958715597607666,11958.715597607666,-0.005201407124193925,False,0.044,11.0,0.0
2018-04-05,0.0006992406912543546,0.012040925629741458,12040.925629741458,-0.0006992406912543546,False,0.044,11.0,0.0
2018-04-06,-0.01025172285128786,0.012029936228936538,12029.936228936538,0.01025172285128786,False,0.044,11.0,0.0
2018-04-09,0.003613390553785401,0.012317429471112884,12317.429471112884,-0.003613390553785401,False,0.044,11.0,0.0
2018-04-10,0.011607216018172542,0.012135097012437835,12135.097012437835,-0.011607216018172542,False,0.044,11.0,0.0
2018-04-11,0.0001489579326801271,0.011920896209355086,11920.896209355085,-0.0001489579326801271,False,0.044,11.0,0.0
2018-04-12,0.00017932477966426936,0.012130184711111562,12130.184711111562,-0.00017932477966426936,False,0.044,11.0,0.0
2018-04-13,-0.0018449454493999486,0.011974702352105761,11974.702352105762,0.0018449454493999486,False,0.044,11.0,0.0
2018-04-16,0.0037696685879255567,0.012405769721427554,12405.769721427554,-0.0037696685879255567,False,0.044,11.0,0.0
2018-04-17,0.007598454806403243,0.011581370317332713,11581.370317332712,-0.007598454806403243,False,0.044,11.0,0.0
2018-04-18,0.0008322587730601464,0.011935671529768233,11935.671529768233,-0.0008322587730601464,False,0.044,11.0,0.0
2018-04-19,-0.006131579976523827,0.01249017437373809,12490.174373738091,0.006131579976523827,False,0.044,11.0,0.0
2018-04-20,-0.010330508087939182,0.012546351880758333,12546.351880758333,0.010330508087939182,False,0.044,11.0,0.0
2018-04-23,-0.0036878430560930878,0.012061973503580393,12061.973503580393,0.0036878430560930878,False,0.044,11.0,0.0
2018-04-24,-0.007809837296406963,0.012037793684819097,12037.793684819097,0.007809837296406963,False,0.044,11.0,0.0
2018-04-25,-0.003447757505592431,0.01238399062930998,12383.99062930998,0.003447757505592431,False,0.044,11.0,0.0
2018-04-26,0.009836061884055768,0.012287921840480852,12287.921840480853,-0.009836061884055768,False,0.044,11.0,0.0
2018-04-27,0.003936895088567872,0.012199351379443096,12199.351379443096,-0.003936895088567872,False,0.044,11.0,0.0
2018-04-30,-0.0054931420630574875,0.012022540486966856,12022.540486966856,0.0054931420630574875,False,0.044,11.0,0.0
2018-05-01,-0.0004712581575445629,0.012367854098251809,12367.854098251808,0.0004712581575445629,False,0.044,11.0,0.0
2018-05-02,-0.004424333568388406,0.012080587618601219,12080.58761860122,0.004424333568388406,False,0.044,11.0,0.0
2018-05-03,0.0010180070801307118,0.01202436920479047,12024.36920479047,-0.0010180070801307118,False,0.044,11.0,0.0
2018-05-04,0.008014110204250892,0.01235434277643223,12354.34277643223,-0.008014110204250892,False,0.044,11.0,0.0
2018-05-07,0.0009044243543162358,0.012570934450646418,12570.934450646419,-0.0009044243543162358,False,0.044,11.0,0.0
2018-05-08,0.0007687719614889011,0.01233869081692623,12338.69081692623,-0.0007687719614889011,False,0.044,11.0,0.0
2018-05-09,0.002887087713262404,0.012890453811730273,12890.453811730273,-0.002887087713262404,False,0.044,11.0,0.0
2018-05-10,0.011091868350292257,0.012850283645610463,12850.283645610463,-0.011091868350292257,False,0.044,11.0,0.0
2018-05-11,0.0003014923169255557,0.012490421189698599,12490.421189698598,-0.0003014923169255557,False,0.044,11.0,0.0
2018-05-14,-0.0011820125450948016,0.012542157797750541,12542.15779775054,0.0011820125450948016,False,0.044,11.0,0.0
2018-05-15,-0.01322798288011391,0.012320543540431569,12320.543540431569,0.01322798288011391,True,0.048,12.0,0.0009074393396823408
2018-05-16,0.004097619548530651,0.01306020183562706,13060.20183562706,-0.004097619548530651,False,0.048,12.0,0.0
2018-05-17,-0.004886199961844784,0.01291369262338336,12913.69262338336,0.004886199961844784,False,0.048,12.0,0.0
2018-05-18,-0.0014097327945384206,0.012775440384498762,12775.440384498761,0.0014097327945384206,False,0.048,12.0,0.0
2018-05-21,0.004058660842854866,0.012930279987232307,12930.279987232307,-0.004058660842854866,False,0.048,12.0,0.0
2018-05-22,-0.0005481997745076851,0.013111339874297119,13111.339874297119,0.0005481997745076851,False,0.048,12.0,0.0
2018-05-23,0.003817127521573327,0.0131892982579938,13189.2982579938,-0.003817127521573327,False,0.048,12.0,0.0
2018-05-24,0.001763644433683198,0.012840910866009763,12840.910866009763,-0.001763644433683198,False,0.048,12.0,0.0
2018-05-25,0.0011757527774213907,0.012784762234212915,12784.762234212914,-0.0011757527774213907,False,0.048,12.0,0.0
2018-05-29,-0.0034881319885102353,0.012376819533575648,12376.819533575648,0.0034881319885102353,False,0.048,12.0,0.0
2018-05-30,0.004639499810920822,0.012482824994664386,12482.824994664386,-0.004639499810920822,False,0.048,12.0,0.0
2018-05-31,-0.002209096297095403,0.012718232235062,12718.232235062,0.002209096297095403,False,0.048,12.0,0.0
2018-06-01,0.0058570334863209395,0.013042768326587859,13042.768326587859,-0.0058570334863209395,False,0.048,12.0,0.0
2018-06-04,0.0031431663719222683,0.013249634755002525,13249.634755002526,-0.0031431663719222683,False,0.048,12.0,0.0
2018-06-05,0.0004799772088281307,0.012958261950005745,12958.261950005744,-0.0004799772088281307,False,0.048,12.0,0.0
2018-06-06,0.004346890527480053,0.012569806893923858,12569.806893923858,-0.004346890527480053,False,0.048,12.0,0.0
2018-06-07,-0.0028633244874317846,0.013225656814401437,13225.656814401438,0.0028633244874317846,False,0.048,12.0,0.0
2018-06-08,-0.0001411616029728613,0.013014943677151565,13014.943677151565,0.0001411616029728613,False,0.048,12.0,0.0
2018-06-11,0.0007943189408385678,0.013035206053570014,13035.206053570013,-0.0007943189408385678,False,0.048,12.0,0.0
2018-06-12,0.00017732947666240223,0.012811294111086956,12811.294111086956,-0.00017732947666240223,False,0.048,12.0,0.0
2018-06-13,-0.0014893639713419394,0.012796462896162986,12796.462896162986,0.0014893639713419394,False,0.048,12.0,0.0
2018-06-14,0.003146019622369067,0.012571829637566628,12571.829637566627,-0.003146019622369067,False,0.048,12.0,0.0
2018-06-15,-0.005656563116366464,0.012721068003950965,12721.068003950964,0.005656563116366464,False,0.048,12.0,0.0
2018-06-18,-0.003520691701971312,0.012702508805528076,12702.508805528076,0.003520691701971312,False,0.048,12.0,0.0
2018-06-19,-0.002888822012342174,0.013084521721484723,13084.521721484723,0.002888822012342174,False,0.048,12.0,0.0
2018-06-20,-1.9232804668378527e-05,0.012493126648270314,12493.126648270314,1.9232804668378527e-05,False,0.048,12.0,0.0
2018-06-21,-0.005102310731812798,0.012633960190580018,12633.96019058002,0.005102310731812798,False,0.048,12.0,0.0
2018-06-22,0.002457642769921442,0.012949397530053237,12949.397530053237,-0.002457642769921442,False,0.048,12.0,0.0
2018-06-25,-0.010215188710317237,0.013285080022578036,13285.080022578037,0.010215188710317237,False,0.048,12.0,0.0
2018-06-26,-0.00029435823975296763,0.012532078132075892,12532.078132075892,0.00029435823975296763,False,0.048,12.0,0.0
2018-06-27,-0.007478417675532588,0.013025880760913914,13025.880760913913,0.007478417675532588,False,0.048,12.0,0.0
2018-06-28,0.004006686071710042,0.012549387272757022,12549.387272757021,-0.004006686071710042,False,0.048,12.0,0.0
2018-06-29,0.003863549485703688,0.01223615796488364,12236.15796488364,-0.003863549485703688,False,0.048,12.0,0.0
2018-07-02,-0.0023797837781200926,0.012770687070132942,12770.687070132943,0.0023797837781200926,False,0.048,12.0,0.0
2018-07-03,0.00021633289650764274,0.013023014724550573,13023.014724550574,-0.00021633289650764274,False,0.048,12.0,0.0
2018-07-05,0.004849668888989456,0.012469101133486704,12469.101133486703,-0.004849668888989456,False,0.048,12.0,0.0
2018-07-06,0.007893344868231168,0.013101516099494614,13101.516099494615,-0.007893344868231168,False,0.048,12.0,0.0
2018-07-09,0.0063947002268120124,0.012830300915387107,12830.300915387108,-0.0063947002268120124,False,0.048,12.0,0.0
2018-07-10,2.8125862418892914e-05,0.012204287403178709,12204.287403178709,-2.8125862418892914e-05,False,0.048,12.0,0.0
2018-07-11,-0.007777655989639443,0.012185623176570041,12185.623176570041,0.007777655989639443,False,0.048,12.0,0.0
2018-07-12,0.00880580414827703,0.01244519795134761,12445.19795134761,-0.00880580414827703,False,0.048,12.0,0.0
2018-07-13,8.770802383490936e-05,0.013055762539487106,13055.762539487107,-8.770802383490936e-05,False,0.048,12.0,0.0
2018-07-16,-0.002685607226543696,0.012411694862449685,12411.694862449685,0.002685607226543696,False,0.048,12.0,0.0
2018-07-17,0.0009562605503325995,0.01243931484728818,12439.31484728818,-0.0009562605503325995,False,0.048,12.0,0.0
2018-07-18,-0.0009359438573036006,0.012737809998207651,12737.809998207651,0.0009359438573036006,False,0.048,12.0,0.0
2018-07-19,-0.0038080897071641525,0.013280888739856112,13280.888739856111,0.0038080897071641525,False,0.048,12.0,0.0
2018-07-20,0.0014291769070511769,0.012819419840701144,12819.419840701144,-0.0014291769070511769,False,0.048,12.0,0.0
2018-07-23,-0.00373912667483487,0.012387251157285322,12387.251157285322,0.00373912667483487,False,0.048,12.0,0.0
2018-07-24,0.005518198773335881,0.012859222433792436,12859.222433792436,-0.005518198773335881,False,0.048,12.0,0.0
2018-07-25,0.008535379485007646,0.012998612312398745,12998.612312398745,-0.008535379485007646,False,0.048,12.0,0.0
2018-07-26,-0.007667722144908718,0.012600398391571496,12600.398391571496,0.007667722144908718,False,0.048,12.0,0.0
2018-07-27,-0.002896968466457728,0.012767512724588355,12767.512724588354,0.002896968466457728,False,0.048,12.0,0.0
2018-07-30,-0.005181319847974164,0.013382043403485852,13382.043403485852,0.005181319847974164,False,0.048,12.0,0.0
2018-07-31,0.0052719236969718695,0.01305658379008416,13056.58379008416,-0.0052719236969718695,False,0.048,12.0,0.0
2018-08-01,-0.004452944346791466,0.013042122804545626,13042.122804545626,0.004452944346791466,False,0.048,12.0,0.0
2018-08-02,0.00036682167512625,0.012908820641544255,12908.820641544255,-0.00036682167512625,False,0.048,12.0,0.0
2018-08-03,0.004712933723123625,0.013080059658234635,13080.059658234635,-0.004712933723123625,False,0.048,12.0,0.0
2018-08-06,-0.0005368670355697215,0.013144836135533664,13144.836135533664,0.0005368670355697215,False,0.048,12.0,0.0
2018-08-07,0.00285601224514036,0.012585099642688334,12585.099642688334,-0.00285601224514036,False,0.048,12.0,0.0
2018-08-08,0.000648076749078741,0.012875531913434395,12875.531913434395,-0.000648076749078741,False,0.048,12.0,0.0
2018-08-09,0.0004062204635441047,0.012662648539052933,12662.648539052932,-0.0004062204635441047,False,0.048,12.0,0.0
2018-08-10,-0.005762949205480772,0.012824997909115832,12824.997909115833,0.005762949205480772,False,0.048,12.0,0.0
2018-08-13,-0.007689322307052927,0.013196164313676128,13196.164313676129,0.007689322307052927,False,0.048,12.0,0.0
2018-08-14,0.0034998924050118068,0.013325123008069274,13325.123008069273,-0.0034998924050118068,False,0.048,12.0,0.0
2018-08-15,-0.011856367121098655,0.013444351364899442,13444.351364899443,0.011856367121098655,False,0.048,12.0,0.0
2018-08-16,0.003351115197800048,0.012913597086007561,12913.597086007561,-0.003351115197800048,False,0.048,12.0,0.0
2018-08-17,0.004957712024000349,0.01343177889149398,13431.77889149398,-0.004957712024000349,False,0.048,12.0,0.0
2018-08-20,0.003488269020156576,0.013423437845285269,13423.437845285269,-0.003488269020156576,False,0.048,12.0,0.0
2018-08-21,0.0036631546374135127,0.012771843786507737,12771.843786507738,-0.0036631546374135127,False,0.048,12.0,0.0
2018-08-22,0.0034743030370060876,0.013110545293169655,13110.545293169655,-0.0034743030370060876,False,0.048,12.0,0.0
2018-08-23,-0.0053649444500411874,0.013271866211832722,13271.866211832721,0.0053649444500411874,False,0.048,12.0,0.0
2018-08-24,0.01065991308536245,0.013143369376698296,13143.369376698296,-0.01065991308536245,False,0.048,12.0,0.0
2018-08-27,0.006085291660858272,0.013288127866243175,13288.127866243174,-0.006085291660858272,False,0.048,12.0,0.0
2018-08-28,-0.0031268900677722923,0.01337108115353758,13371.08115353758,0.0031268900677722923,False,0.048,12.0,0.0
2018-08-29,0.0057953183897638825,0.013355190363197298,13355.190363197298,-0.0057953183897638825,False,0.048,12.0,0.0
2018-08-30,-0.006929433547299291,0.01318350060232543,13183.50060232543,0.006929433547299291,False,0.048,12.0,0.0
2018-08-31,0.0005981246788466121,0.013272556719141205,13272.556719141205,-0.0005981246788466121,False,0.048,12.0,0.0
2018-09-04,-0.007271381085653017,0.0129316300441309,12931.6300441309,0.007271381085653017,False,0.048,12.0,0.0
2018-09-05,-0.0058457195731479675,0.013314201144182391,13314.20114418239,0.0058457195731479675,False,0.048,12.0,0.0
2018-09-06,-0.001074919350610215,0.013117041082347812,13117.041082347812,0.001074919350610215,False,0.048,12.0,0.0
2018-09-07,-0.0044083376387600735,0.013087336673400044,13087.336673400045,0.0044083376387600735,False,0.048,12.0,0.0
2018-09-10,-0.000354861046986632,0.012778716726971368,12778.716726971368,0.000354861046986632,False,0.048,12.0,0.0
2018-09-11,0.0012395462825761203,0.013269658795552908,13269.658795552908,-0.0012395462825761203,False,0.048,12.0,0.0
2018-09-12,0.0026274692778596176,0.013519655774056187,13519.655774056188,-0.0026274692778596176,False,0.048,12.0,0.0
2018-09-13,0.005605933592633216,0.013366260057854889,13366.260057854888,-0.005605933592633216,False,0.048,12.0,0.0
2018-09-14,-0.0029992868042750813,0.013357787633395879,13357.78763339588,0.0029992868042750813,False,0.048,12.0,0.0
2018-09-17,-0.004706653687050189,0.013424851162440955,13424.851162440955,0.004706653687050189,False,0.048,12.0,0.0
2018-09-18,0.0022722990822400925,0.013410427038579592,13410.427038579592,-0.0022722990822400925,False,0.048,12.0,0.0
2018-09-19,0.002405581544755786,0.013804139155098554,13804.139155098554,-0.002405581544755786,False,0.048,12.0,0.0
2018-09-20,0.007651755593293875,0.01382041718058865,13820.417180588649,-0.007651755593293875,False,0.048,12.0,0.0
2018-09-21,-0.0017971763141214848,0.013157337661235387,13157.337661235388,0.0017971763141214848,False,0.048,12.0,0.0
2018-09-24,-0.0029227394513220875,0.013736996502443855,13736.996502443855,0.0029227394513220875,False,0.048,12.0,0.0
2018-09-25,0.0009936522519267356,0.013719685851031926,13719.685851031925,-0.0009936522519267356,False,0.048,12.0,0.0
2018-09-26,0.00031202971753991894,0.013554066968256341,13554.066968256342,-0.00031202971753991894,False,0.048,12.0,0.0
2018-09-27,0.0015955065359438694,0.01334101296118151,13341.01296118151,-0.0015955065359438694,False,0.048,12.0,0.0
2018-09-28,-0.0006246166610137439,0.01327224007307952,13272.24007307952,0.0006246166610137439,False,0.048,12.0,0.0
2018-10-01,-0.0006547131381815731,0.013384109005992111,13384.109005992112,0.0006547131381815731,False,0.048,12.0,0.0
2018-10-02,0.0004487643261484874,0.01348451385937845,13484.51385937845,-0.0004487643261484874,False,0.048,12.0,0.0
2018-10-03,-0.005590781478322816,0.013203382825148543,13203.382825148543,0.005590781478322816,False,0.048,12.0,0.0
2018-10-04,-0.011703252060591529,0.01355512577024041,13555.125770240411,0.011703252060591529,False,0.048,12.0,0.0
2018-10-05,-0.005451706721326555,0.0141729770914133,14172.9770914133,0.005451706721326555,False,0.048,12.0,0.0
2018-10-08,-0.0038141011287013307,0.014128238629611978,14128.238629611978,0.0038141011287013307,False,0.048,12.0,0.0
2018-10-09,0.0017529873698771683,0.013927948326630288,13927.948326630289,-0.0017529873698771683,False,0.048,12.0,0.0
2018-10-10,-0.02111457776845569,0.013290444333634027,13290.444333634026,0.02111457776845569,True,0.052,13.0,0.007824133434821664
2018-10-11,-0.0013392746474657935,0.01396182585714495,13961.82585714495,0.0013392746474657935,False,0.052,13.0,0.0
2018-10-12,0.01257358747430084,0.014138558321288597,14138.558321288598,-0.01257358747430084,False,0.052,13.0,0.0
2018-10-15,-0.004429608048332567,0.014388059082783514,14388.059082783515,0.004429608048332567,False,0.052,13.0,0.0
2018-10-16,0.015318912428253251,0.01417583344975711,14175.83344975711,-0.015318912428253251,False,0.052,13.0,0.0
2018-10-17,-0.003535937093258191,0.014747740965100588,14747.74096510059,0.003535937093258191,False,0.052,13.0,0.0
2018-10-18,-0.012623209110210932,0.014066350174304897,14066.350174304896,0.012623209110210932,False,0.052,13.0,0.0
2018-10-19,0.0013063934161355651,0.014495606912223978,14495.606912223979,-0.0013063934161355651,False,0.052,13.0,0.0
2018-10-22,0.0015178380503957148,0.01419483159476375,14194.83159476375,-0.0015178380503957148,False,0.052,13.0,0.0
2018-10-23,-0.002139297666483353,0.014409885682497717,14409.885682497717,0.002139297666483353,False,0.052,13.0,0.0
2018-10-24,-0.01969410468809638,0.014558996801285919,14558.996801285919,0.01969410468809638,True,0.056,14.0,0.00513510788681046
2018-10-25,0.013081191826925888,0.014390935295777407,14390.935295777406,-0.013081191826925888,False,0.056,14.0,0.0
2018-10-26,-0.009119342189258495,0.015376015035297091,15376.015035297092,0.009119342189258495,False,0.056,14.0,0.0
2018-10-29,-0.009929555342089127,0.015017671431026471,15017.67143102647,0.009929555342089127,False,0.056,14.0,0.0
2018-10-30,0.008283796081375394,0.015259499908943567,15259.499908943568,-0.008283796081375394,False,0.056,14.0,0.0
2018-10-31,0.006866888917086555,0.014737226943925623,14737.226943925623,-0.006866888917086555,False,0.056,14.0,0.0
2018-11-01,0.014672378515856187,0.014357009593634645,14357.009593634646,-0.014672378515856187,False,0.056,14.0,0.0
2018-11-02,-0.005470064387914243,0.015185774616104836,15185.774616104836,0.005470064387914243,False,0.056,14.0,0.0
2018-11-05,0.0014520761603920463,0.01504144673939952,15041.44673939952,-0.0014520761603920463,False,0.056,14.0,0.0
2018-11-06,0.0017472288825487682,0.015607468048301149,15607.468048301149,-0.0017472288825487682,False,0.056,14.0,0.0
2018-11-07,0.014573823474045988,0.015465014516019938,15465.014516019937,-0.014573823474045988,False,0.056,14.0,0.0
2018-11-08,-0.007276089799774478,0.0153467450145274,15346.7450145274,0.007276089799774478,False,0.056,14.0,0.0
2018-11-09,-0.009775672557257753,0.01546548472757274,15465.484727572739,0.009775672557257753,False,0.056,14.0,0.0
2018-11-12,-0.0127296516876527,0.015728854653287487,15728.854653287486,0.0127296516876527,False,0.056,14.0,0.0
2018-11-13,0.002035406426955366,0.016009590418639662,16009.590418639662,-0.002035406426955366,False,0.056,14.0,0.0
2018-11-14,9.242500105974807e-05,0.015499114535733867,15499.114535733866,-9.242500105974807e-05,False,0.056,14.0,0.0
2018-11-15,0.010183178074222045,0.01607188013024415,16071.88013024415,-0.010183178074222045,False,0.056,14.0,0.0
2018-11-16,0.002848608562319033,0.015759883843452043,15759.883843452044,-0.002848608562319033,False,0.056,14.0,0.0
2018-11-19,-0.011923346334325392,0.015545547203591555,15545.547203591555,0.011923346334325392,False,0.056,14.0,0.0
2018-11-20,-0.011522759139344085,0.016005664239028498,16005.664239028498,0.011522759139344085,False,0.056,14.0,0.0
2018-11-21,0.006158997861382765,0.016227951355857684,16227.951355857684,-0.006158997861382765,False,0.056,14.0,0.0
2018-11-23,-0.005066854209679672,0.01611242432539969,16112.42432539969,0.005066854209679672,False,0.056,14.0,0.0
2018-11-26,0.009641439889378534,0.01565423521180702,15654.23521180702,-0.009641439889378534,False,0.056,14.0,0.0
2018-11-27,0.001773160447446376,0.01538154642204368,15381.54642204368,-0.001773160447446376,False,0.052,13.0,0.0
2018-11-28,0.015604974091423607,0.0164502225918796,16450.222591879603,-0.015604974091423607,False,0.052,13.0,0.0
2018-11-29,-0.0014144553367941848,0.015379558525781723,15379.558525781724,0.0014144553367941848,False,0.052,13.0,0.0
2018-11-30,0.002878547968579359,0.01552779134717325,15527.79134717325,-0.002878547968579359,False,0.052,13.0,0.0
2018-12-03,0.013110421427596552,0.015078580132606137,15078.580132606137,-0.013110421427596552,False,0.052,13.0,0.0
2018-12-04,-0.01383077427678412,0.016737551697779175,16737.551697779174,0.01383077427678412,False,0.052,13.0,0.0
2018-12-06,-8.210841907254638e-05,0.01644792652973494,16447.92652973494,8.210841907254638e-05,False,0.052,13.0,0.0
2018-12-07,-0.01299612435328199,0.015976963791785977,15976.963791785978,0.01299612435328199,False,0.052,13.0,0.0
2018-12-10,0.0005007873656711629,0.016342377701107337,16342.377701107336,-0.0005007873656711629,False,0.052,13.0,0.0
2018-12-11,0.001956770050819534,0.016434824550181637,16434.82455018164,-0.001956770050819534,False,0.052,13.0,0.0
2018-12-12,0.005570604185052819,0.01607845988249205,16078.459882492052,-0.005570604185052819,False,0.052,13.0,0.0
2018-12-13,-0.0009711820449066045,0.01583209828922278,15832.09828922278,0.0009711820449066045,False,0.052,13.0,0.0
2018-12-14,-0.011489958612886264,0.01597528783387025,15975.287833870249,0.011489958612886264,False,0.052,13.0,0.0
2018-12-17,-0.007764779019306944,0.01669266914409441,16692.66914409441,0.007764779019306944,False,0.052,13.0,0.0
2018-12-18,0.004069397141014996,0.01620609852221865,16206.098522218648,-0.004069397141014996,False,0.052,13.0,0.0
2018-12-19,-0.009804254430259297,0.016393619999311448,16393.619999311446,0.009804254430259297,False,0.052,13.0,0.0
2018-12-20,-0.002239228887115941,0.016290307426576577,16290.307426576577,0.002239228887115941,False,0.052,13.0,0.0
2018-12-21,-0.012594025175950563,0.016828161528799845,16828.161528799847,0.012594025175950563,False,0.052,13.0,0.0
2018-12-24,-0.00892933484323859,0.01665659345730161,16656.59345730161,0.00892933484323859,False,0.052,13.0,0.0
2018-12-26,0.02383304484141238,0.016562926880565768,16562.926880565767,-0.02383304484141238,False,0.052,13.0,0.0
2018-12-27,0.0036068712111896554,0.016873318116360735,16873.318116360737,-0.0036068712111896554,False,0.052,13.0,0.0
2018-12-28,0.004036868524145776,0.01654317477247412,16543.17477247412,-0.004036868524145776,False,0.052,13.0,0.0
2018-12-31,0.003594753989269384,0.016643910668256365,16643.910668256365,-0.003594753989269384,False,0.052,13.0,0.0
2019-01-02,0.0027093025144544485,0.017645547867550442,17645.547867550442,-0.0027093025144544485,False,0.052,13.0,0.0
2019-01-03,-0.01084362045095564,0.016875530411056952,16875.530411056952,0.01084362045095564,False,0.052,13.0,0.0
2019-01-04,0.017773471525938445,0.017235613448061324,17235.613448061325,-0.017773471525938445,False,0.052,13.0,0.0
2019-01-07,0.00451375983803204,0.018084621060521465,18084.621060521466,-0.00451375983803204,False,0.052,13.0,0.0
2019-01-08,0.0033750578557948828,0.01706923222392847,17069.23222392847,-0.0033750578557948828,False,0.052,13.0,0.0
2019-01-09,0.0070915116748904395,0.01681539040200227,16815.39040200227,-0.0070915116748904395,False,0.052,13.0,0.0
2019-01-10,0.00024068463092195028,0.017148765263336623,17148.765263336623,-0.00024068463092195028,False,0.052,13.0,0.0
2019-01-11,-0.0005058883304124295,0.01718814964728231,17188.14964728231,0.0005058883304124295,False,0.052,13.0,0.0
2019-01-14,-0.004925088552967517,0.016532839063986737,16532.839063986736,0.004925088552967517,False,0.052,13.0,0.0
2019-01-15,0.006509565879421176,0.017944083609142108,17944.083609142108,-0.006509565879421176,False,0.052,13.0,0.0
2019-01-16,0.00374571326307045,0.0170973412620786,17097.3412620786,-0.00374571326307045,False,0.052,13.0,0.0
2019-01-17,0.00375682378220914,0.017600917735900612,17600.917735900613,-0.00375682378220914,False,0.052,13.0,0.0
2019-01-18,0.0027757923090727,0.01639367510567677,16393.675105676768,-0.0027757923090727,False,0.052,13.0,0.0
2019-01-22,-0.008108294461445632,0.01741160691781285,17411.60691781285,0.008108294461445632,False,0.052,13.0,0.0
2019-01-23,0.0023720495516814876,0.017280740031182382,17280.740031182384,-0.0023720495516814876,False,0.052,13.0,0.0
2019-01-24,0.0043407696357122385,0.016999140441409488,16999.140441409487,-0.0043407696357122385,False,0.052,13.0,0.0
2019-01-25,0.008688517712440324,0.01725820404580531,17258.20404580531,-0.008688517712440324,False,0.052,13.0,0.0
2019-01-28,-0.005574731365478591,0.01754863854919027,17548.638549190273,0.005574731365478591,False,0.048,12.0,0.0
2019-01-29,0.0003139092925961373,0.017243472947326935,17243.472947326936,-0.0003139092925961373,False,0.044,11.0,0.0
2019-01-30,0.013601329528412998,0.016929492862954906,16929.492862954907,-0.013601329528412998,False,0.044,11.0,0.0
2019-01-31,0.008251081377219372,0.016885499438586193,16885.499438586194,-0.008251081377219372,False,0.044,11.0,0.0
2019-02-01,-0.003934639084921977,0.017240088753117493,17240.088753117492,0.003934639084921977,False,0.04,10.0,0.0
2019-02-04,0.0024585856221959416,0.01707406638662387,17074.066386623872,-0.0024585856221959416,False,0.036,9.0,0.0
2019-02-05,0.006792699434946403,0.01593345658664755,15933.456586647548,-0.006792699434946403,False,0.036,9.0,0.0
2019-02-06,-0.004830243325269578,0.01617091887703705,16170.91887703705,0.004830243325269578,False,0.032,8.0,0.0
2019-02-07,-0.004792312860566095,0.016110086169011675,16110.086169011676,0.004792312860566095,False,0.028,7.0,0.0
2019-02-08,0.0011178877486189176,0.016332065759573168,16332.065759573168,-0.0011178877486189176,False,0.028,7.0,0.0
2019-02-11,-0.002509907997617011,0.01572929954703497,15729.299547034972,0.002509907997617011,False,0.028,7.0,0.0
2019-02-12,0.007106923042093462,0.01595954368197644,15959.54368197644,-0.007106923042093462,False,0.028,7.0,0.0
2019-02-13,-0.0021742811775466555,0.015568513663299616,15568.513663299616,0.0021742811775466555,False,0.028,7.0,0.0
2019-02-14,0.0024404134932447087,0.016000164532742066,16000.164532742067,-0.0024404134932447087,False,0.028,7.0,0.0
2019-02-15,0.004240767102345689,0.015070595919165857,15070.595919165857,-0.004240767102345689,False,0.028,7.0,0.0
2019-02-19,0.005862843010015784,0.015820842331493532,15820.842331493532,-0.005862843010015784,False,0.028,7.0,0.0
2019-02-20,0.0005800837173259189,0.015833312651380993,15833.312651380993,-0.0005800837173259189,False,0.028,7.0,0.0
2019-02-21,-0.005913675870454283,0.01587761264098654,15877.612640986541,0.005913675870454283,False,0.028,7.0,0.0
2019-02-22,0.006839448228792255,0.015998541769868983,15998.541769868983,-0.006839448228792255,False,0.028,7.0,0.0
2019-02-25,0.002432121787785891,0.01562949835123047,15629.49835123047,-0.002432121787785891,False,0.028,7.0,0.0
2019-02-26,0.0006999657010214877,0.015828543953490582,15828.543953490582,-0.0006999657010214877,False,0.024,6.0,0.0
2019-02-27,-0.005601927672607809,0.015459017344389996,15459.017344389997,0.005601927672607809,False,0.024,6.0,0.0
2019-02-28,-0.005241829862996906,0.015436661081686542,15436.661081686541,0.005241829862996906,False,0.024,6.0,0.0
2019-03-01,-0.0023819102747499213,0.016013424565628598,16013.424565628598,0.0023819102747499213,False,0.024,6.0,0.0
2019-03-04,0.0006317498530386434,0.015741475374028542,15741.475374028541,-0.0006317498530386434,False,0.024,6.0,0.0
2019-03-05,0.0025325190322687875,0.015803204759725402,15803.204759725402,-0.0025325190322687875,False,0.024,6.0,0.0
2019-03-06,-0.002909146471323254,0.015263354307138011,15263.354307138012,0.002909146471323254,False,0.024,6.0,0.0
2019-03-07,-0.006692730604329201,0.015838967801149843,15838.967801149844,0.006692730604329201,False,0.024,6.0,0.0
2019-03-08,0.0008976619768008565,0.016391807612183742,16391.807612183744,-0.0008976619768008565,False,0.024,6.0,0.0
2019-03-11,0.00923716649065085,0.016062457066716104,16062.457066716104,-0.00923716649065085,False,0.024,6.0,0.0
2019-03-12,0.005503602526857642,0.01580794497341135,15807.94497341135,-0.005503602526857642,False,0.024,6.0,0.0
2019-03-13,0.00408263322905913,0.016049877410037643,16049.877410037643,-0.00408263322905913,False,0.024,6.0,0.0
2019-03-14,-0.005298411312685158,0.015809901696074616,15809.901696074616,0.005298411312685158,False,0.024,6.0,0.0
2019-03-15,0.008002442141861498,0.015889174940504684,15889.174940504683,-0.008002442141861498,False,0.024,6.0,0.0
2019-03-18,0.003428748899412271,0.015962223799390735,15962.223799390735,-0.003428748899412271,False,0.024,6.0,0.0
2019-03-19,0.0009228930752080313,0.01545538921661016,15455.38921661016,-0.0009228930752080313,False,0.024,6.0,0.0
2019-03-20,0.0039010755615794816,0.016002750325326037,16002.750325326037,-0.0039010755615794816,False,0.024,6.0,0.0
2019-03-21,0.005295142780213391,0.015442811163230215,15442.811163230215,-0.005295142780213391,False,0.02,5.0,0.0
2019-03-22,-0.010522858237995526,0.015322982137100871,15322.982137100871,0.010522858237995526,False,0.016,4.0,0.0
2019-03-25,0.001792980368155006,0.01549737754194236,15497.37754194236,-0.001792980368155006,False,0.016,4.0,0.0
2019-03-26,0.0018970247416272956,0.014775751070184685,14775.751070184684,-0.0018970247416272956,False,0.012,3.0,0.0
2019-03-27,-0.0036923702341942204,0.015054966422936111,15054.966422936111,0.0036923702341942204,False,0.012,3.0,0.0
2019-03-28,0.00041323426807293723,0.014990653095976431,14990.653095976431,-0.00041323426807293723,False,0.012,3.0,0.0
2019-03-29,0.004837791043087747,0.015383982051984303,15383.982051984303,-0.004837791043087747,False,0.012,3.0,0.0
2019-04-01,0.004702133401268039,0.01479797220171443,14797.972201714429,-0.004702133401268039,False,0.012,3.0,0.0
2019-04-02,0.0013245442575412047,0.015110946332784116,15110.946332784117,-0.0013245442575412047,False,0.012,3.0,0.0
2019-04-03,0.0008150358232878574,0.015216757658957466,15216.757658957466,-0.0008150358232878574,False,0.012,3.0,0.0
2019-04-04,0.0027634362872487107,0.015167105588232812,15167.105588232811,-0.0027634362872487107,False,0.012,3.0,0.0
2019-04-05,0.0035910565508111116,0.014371831333128225,14371.831333128224,-0.0035910565508111116,False,0.012,3.0,0.0
2019-04-08,0.0008210076116179854,0.014007260156453698,14007.260156453698,-0.0008210076116179854,False,0.012,3.0,0.0
2019-04-09,-0.00045668627889858813,0.014532624403546026,14532.624403546026,0.00045668627889858813,False,0.012,3.0,0.0
2019-04-10,0.0038043316874401874,0.014804145020171298,14804.145020171298,-0.0038043316874401874,False,0.012,3.0,0.0
2019-04-11,-0.006418990711936744,0.015523965292007811,15523.965292007812,0.006418990711936744,False,0.012,3.0,0.0
2019-04-12,0.0020496956263358797,0.014702330987252465,14702.330987252466,-0.0020496956263358797,False,0.012,3.0,0.0
2019-04-15,-0.0010077766705906433,0.015363364883474721,15363.364883474722,0.0010077766705906433,False,0.012,3.0,0.0
2019-04-16,-0.0007297246971820659,0.014840567304923212,14840.567304923212,0.0007297246971820659,False,0.012,3.0,0.0
2019-04-17,0.0004926335373109048,0.015272497380960228,15272.497380960229,-0.0004926335373109048,False,0.012,3.0,0.0
2019-04-18,0.0017123950492832886,0.014590634437850546,14590.634437850546,-0.0017123950492832886,False,0.012,3.0,0.0
2019-04-22,-0.0015238460313217184,0.014339244243596103,14339.244243596102,0.0015238460313217184,False,0.012,3.0,0.0
2019-04-23,0.0048036267958669,0.014458591658234198,14458.591658234198,-0.0048036267958669,False,0.012,3.0,0.0
2019-04-24,-0.0015644219015158445,0.014279460983041017,14279.460983041017,0.0015644219015158445,False,0.012,3.0,0.0
2019-04-25,0.0002891148241446651,0.014709270362603277,14709.270362603278,-0.0002891148241446651,False,0.012,3.0,0.0
2019-04-26,0.0038954301300349052,0.014957018302285132,14957.018302285132,-0.0038954301300349052,False,0.012,3.0,0.0
2019-04-29,-0.0010539243652738285,0.014401958732323967,14401.958732323967,0.0010539243652738285,False,0.012,3.0,0.0
2019-04-30,7.088160803036888e-06,0.014206553589027407,14206.553589027408,-7.088160803036888e-06,False,0.012,3.0,0.0
2019-05-01,-0.004144526721568398,0.013794561315569259,13794.561315569259,0.004144526721568398,False,0.012,3.0,0.0
2019-05-02,-0.002557447552508308,0.014745036752278796,14745.036752278796,0.002557447552508308,False,0.012,3.0,0.0
2019-05-03,0.009278562671114888,0.01437072493971425,14370.724939714251,-0.009278562671114888,False,0.012,3.0,0.0
2019-05-06,-0.005348217278408529,0.014633680890197752,14633.680890197751,0.005348217278408529,False,0.012,3.0,0.0
2019-05-07,-0.00896653758955972,0.014893521650167076,14893.521650167077,0.00896653758955972,False,0.012,3.0,0.0
2019-05-08,-0.002424607071577345,0.014363099891836545,14363.099891836544,0.002424607071577345,False,0.012,3.0,0.0
2019-05-09,-0.0035425727931607475,0.014510787675008895,14510.787675008894,0.0035425727931607475,False,0.012,3.0,0.0
2019-05-10,0.0025590946585396734,0.01436908826408011,14369.08826408011,-0.0025590946585396734,False,0.012,3.0,0.0
2019-05-13,-0.01502280247110148,0.014206877270313797,14206.877270313797,0.01502280247110148,True,0.016,4.0,0.0008159252007876837
2019-05-14,0.005882137668884746,0.014526362036439904,14526.362036439905,-0.005882137668884746,False,0.012,3.0,0.0
2019-05-15,0.005499304952603134,0.015204818652776137,15204.818652776137,-0.005499304952603134,False,0.012,3.0,0.0
2019-05-16,0.0007879886861748008,0.014370741964001586,14370.741964001587,-0.0007879886861748008,False,0.012,3.0,0.0
2019-05-17,-0.0079141885248327,0.014305481873048004,14305.481873048004,0.0079141885248327,False,0.012,3.0,0.0
2019-05-20,-0.005971928657940229,0.014357616468759177,14357.616468759177,0.005971928657940229,False,0.012,3.0,0.0
2019-05-21,0.005652642102606521,0.014728372063665389,14728.372063665389,-0.005652642102606521,False,0.012,3.0,0.0
2019-05-22,-0.0015420454445358226,0.014640240068404602,14640.240068404602,0.0015420454445358226,False,0.012,3.0,0.0
2019-05-23,-0.00427996865670448,0.01494493133200526,14944.93133200526,0.00427996865670448,False,0.012,3.0,0.0
2019-05-24,0.0009399968256647462,0.015317608878721477,15317.608878721478,-0.0009399968256647462,False,0.012,3.0,0.0
2019-05-28,-0.0012464149064754793,0.014666341618734393,14666.341618734394,0.0012464149064754793,False,0.012,3.0,0.0
2019-05-29,-0.0010179377304039728,0.014870593454655955,14870.593454655955,0.0010179377304039728,False,0.012,3.0,0.0
2019-05-30,0.005554053207392774,0.014175260763616089,14175.260763616088,-0.005554053207392774,False,0.012,3.0,0.0
2019-05-31,3.7662200585097603e-06,0.014391423158685756,14391.423158685757,-3.7662200585097603e-06,False,0.012,3.0,0.0
2019-06-03,0.0011299297807097594,0.014135230353906144,14135.230353906145,-0.0011299297807097594,False,0.012,3.0,0.0
2019-06-04,0.008194441182598067,0.014370288162972424,14370.288162972423,-0.008194441182598067,False,0.012,3.0,0.0
2019-06-05,0.000996885893044386,0.014805368678861617,14805.368678861618,-0.000996885893044386,False,0.012,3.0,0.0
2019-06-06,0.004286186549620963,0.014860259582387549,14860.259582387549,-0.004286186549620963,False,0.012,3.0,0.0
2019-06-07,0.01028845714908284,0.014185516720814655,14185.516720814654,-0.01028845714908284,False,0.012,3.0,0.0
2019-06-10,0.0014641609180319653,0.014493937151699788,14493.937151699789,-0.0014641609180319653,False,0.012,3.0,0.0
2019-06-11,0.0023668400293843208,0.015163805364491988,15163.805364491987,-0.0023668400293843208,False,0.012,3.0,0.0
2019-06-12,-0.0024561758755291315,0.013952744816082814,13952.744816082813,0.0024561758755291315,False,0.012,3.0,0.0
2019-06-13,0.0035861300200166427,0.014591660130768352,14591.660130768352,-0.0035861300200166427,False,0.012,3.0,0.0
2019-06-14,-0.002845030991280551,0.014639101031163011,14639.10103116301,0.002845030991280551,False,0.012,3.0,0.0
2019-06-17,0.002293569850470112,0.014835288184414309,14835.288184414308,-0.002293569850470112,False,0.012,3.0,0.0
2019-06-18,0.011849897452188873,0.014755011221256366,14755.011221256365,-0.011849897452188873,False,0.012,3.0,0.0
2019-06-19,0.004370177539329179,0.014551897311999134,14551.897311999135,-0.004370177539329179,False,0.012,3.0,0.0
2019-06-20,0.012266685023079706,0.014173987328171158,14173.987328171157,-0.012266685023079706,False,0.012,3.0,0.0
2019-06-21,-0.0021101165050386728,0.014946348168158425,14946.348168158425,0.0021101165050386728,False,0.012,3.0,0.0
2019-06-24,0.003942475009973779,0.014552730798201036,14552.730798201037,-0.003942475009973779,False,0.012,3.0,0.0
2019-06-25,-0.00644776372007625,0.01402298217304448,14022.98217304448,0.00644776372007625,False,0.012,3.0,0.0
2019-06-26,-0.000489834276086376,0.014081748200434957,14081.748200434957,0.000489834276086376,False,0.012,3.0,0.0
2019-06-27,0.004093386574678949,0.014231463818926765,14231.463818926764,-0.004093386574678949,False,0.012,3.0,0.0
2019-06-28,0.0014140794074865683,0.014373384528360839,14373.384528360839,-0.0014140794074865683,False,0.012,3.0,0.0
2019-07-01,0.0025500190881468936,0.015057900877413405,15057.900877413405,-0.0025500190881468936,False,0.012,3.0,0.0
2019-07-02,0.006621335135852347,0.014332293037866341,14332.293037866342,-0.006621335135852347,False,0.012,3.0,0.0
2019-07-03,0.004490260483410324,0.014628907988464505,14628.907988464505,-0.004490260483410324,False,0.012,3.0,0.0
2019-07-05,-0.0069055120275447026,0.014671620624273591,14671.620624273592,0.0069055120275447026,False,0.012,3.0,0.0
2019-07-08,-0.004727648539682373,0.015229046681828364,15229.046681828364,0.004727648539682373,False,0.012,3.0,0.0
2019-07-09,0.0012667536889533926,0.014810211878643375,14810.211878643375,-0.0012667536889533926,False,0.012,3.0,0.0
2019-07-10,0.006697334548636036,0.014864223001056132,14864.223001056132,-0.006697334548636036,False,0.012,3.0,0.0
2019-07-11,-0.004408332894789902,0.014485072916358857,14485.072916358857,0.004408332894789902,False,0.012,3.0,0.0
2019-07-12,0.003670889538190681,0.014491938113076917,14491.938113076916,-0.003670889538190681,False,0.012,3.0,0.0
2019-07-15,0.0026058475891013178,0.014647147879726184,14647.147879726184,-0.0026058475891013178,False,0.012,3.0,0.0
2019-07-16,-0.004242132957227685,0.014590484648465293,14590.484648465294,0.004242132957227685,False,0.012,3.0,0.0
2019-07-17,0.002502519297740813,0.014958859920147402,14958.859920147403,-0.002502519297740813,False,0.012,3.0,0.0
2019-07-18,0.005014262230094158,0.014815159093087855,14815.159093087856,-0.005014262230094158,False,0.012,3.0,0.0
2019-07-19,-0.00701301714126923,0.014665174092415297,14665.174092415296,0.00701301714126923,False,0.012,3.0,0.0
2019-07-22,0.0024793605550299746,0.013901116301507721,13901.116301507722,-0.0024793605550299746,False,0.012,3.0,0.0
2019-07-23,0.0007501810468390379,0.014452504549944727,14452.504549944726,-0.0007501810468390379,False,0.012,3.0,0.0
2019-07-24,0.004555756075231222,0.014914051649122856,14914.051649122855,-0.004555756075231222,False,0.012,3.0,0.0
2019-07-25,-0.006989332974283792,0.014460745690137543,14460.745690137543,0.006989332974283792,False,0.012,3.0,0.0
2019-07-26,0.004623972596396131,0.014394495924835918,14394.495924835917,-0.004623972596396131,False,0.012,3.0,0.0
2019-07-29,-3.230350542025023e-05,0.014881530663196021,14881.530663196021,3.230350542025023e-05,False,0.012,3.0,0.0
2019-07-30,-0.0017471488641451986,0.014369846705049349,14369.84670504935,0.0017471488641451986,False,0.012,3.0,0.0
2019-07-31,-0.008427703245211405,0.01447332256823842,14473.32256823842,0.008427703245211405,False,0.012,3.0,0.0
2019-08-01,0.0021143521118340168,0.014379290160312945,14379.290160312945,-0.0021143521118340168,False,0.012,3.0,0.0
2019-08-02,-0.0053186016562347,0.014737618368181021,14737.618368181022,0.0053186016562347,False,0.012,3.0,0.0
2019-08-05,-0.014225947556186868,0.014739841419623617,14739.841419623617,0.014225947556186868,False,0.012,3.0,0.0
2019-08-06,0.011696602214474572,0.014899784078450782,14899.78407845078,-0.011696602214474572,False,0.012,3.0,0.0
2019-08-07,0.005217044486318657,0.014085016943385141,14085.01694338514,-0.005217044486318657,False,0.012,3.0,0.0
2019-08-08,0.012175046611706099,0.015449264824244514,15449.264824244514,-0.012175046611706099,False,0.012,3.0,0.0
2019-08-09,-0.006340713734024917,0.014792218686028587,14792.218686028587,0.006340713734024917,False,0.012,3.0,0.0
2019-08-12,-0.001027905413436914,0.015074978824019552,15074.978824019552,0.001027905413436914,False,0.012,3.0,0.0
2019-08-13,0.008154779526000657,0.014954048667593717,14954.048667593717,-0.008154779526000657,False,0.012,3.0,0.0
2019-08-14,-0.0117821895223559,0.01425537302609499,14255.37302609499,0.0117821895223559,False,0.012,3.0,0.0
2019-08-15,0.005195698333633913,0.01495040553711535,14950.40553711535,-0.005195698333633913,False,0.012,3.0,0.0
2019-08-16,0.00604778341647847,0.014361237242837615,14361.237242837615,-0.00604778341647847,False,0.012,3.0,0.0
2019-08-19,0.0012001853647343407,0.015506270684831092,15506.270684831092,-0.0012001853647343407,False,0.012,3.0,0.0
2019-08-20,0.0009487135902112254,0.01469143554935288,14691.43554935288,-0.0009487135902112254,False,0.012,3.0,0.0
2019-08-21,0.0033473249731206913,0.015031981530772755,15031.981530772755,-0.0033473249731206913,False,0.012,3.0,0.0
2019-08-22,-0.005133968520526367,0.014223300836406506,14223.300836406506,0.005133968520526367,False,0.012,3.0,0.0
2019-08-23,-0.007238676625947104,0.01501539286875138,15015.39286875138,0.007238676625947104,False,0.012,3.0,0.0
2019-08-26,0.0055273866252291805,0.014771921769975582,14771.921769975583,-0.0055273866252291805,False,0.012,3.0,0.0
2019-08-27,0.0041457879621844326,0.014949689413817835,14949.689413817834,-0.0041457879621844326,False,0.012,3.0,0.0
2019-08-28,0.002377631585583684,0.014594003836684442,14594.003836684442,-0.002377631585583684,False,0.012,3.0,0.0
2019-08-29,0.005653004980318776,0.014833466398606903,14833.466398606903,-0.005653004980318776,False,0.012,3.0,0.0
2019-08-30,0.000527917968079139,0.014245081181412548,14245.081181412548,-0.000527917968079139,False,0.012,3.0,0.0
2019-09-03,-0.001314027097186865,0.014633929814617905,14633.929814617904,0.001314027097186865,False,0.012,3.0,0.0
2019-09-04,0.01005972760314018,0.014547004933879684,14547.004933879683,-0.01005972760314018,False,0.012,3.0,0.0
2019-09-05,7.786729138634683e-05,0.014445986027754577,14445.986027754578,-7.786729138634683e-05,False,0.012,3.0,0.0
2019-09-06,0.0005514472977076857,0.015163780296029957,15163.780296029958,-0.0005514472977076857,False,0.012,3.0,0.0
2019-09-09,-0.0039864847424289085,0.015378722869058859,15378.722869058858,0.0039864847424289085,False,0.012,3.0,0.0
2019-09-10,-0.00569444793728402,0.014424732192676377,14424.732192676378,0.00569444793728402,False,0.012,3.0,0.0
2019-09-11,0.0055579965258890415,0.014618108450889122,14618.108450889122,-0.0055579965258890415,False,0.012,3.0,0.0
2019-09-12,0.002064277922553215,0.014509719803852267,14509.719803852267,-0.002064277922553215,False,0.012,3.0,0.0
2019-09-13,-0.005631855971384603,0.01477762633328977,14777.626333289769,0.005631855971384603,False,0.012,3.0,0.0
2019-09-16,0.001144716358129716,0.014893905661352791,14893.90566135279,-0.001144716358129716,False,0.012,3.0,0.0
2019-09-17,0.002947345841645488,0.014945529579664446,14945.529579664446,-0.002947345841645488,False,0.012,3.0,0.0
2019-09-18,-0.0011830328144756483,0.014592774016556974,14592.774016556974,0.0011830328144756483,False,0.012,3.0,0.0
2019-09-19,0.0009164346627844156,0.014664732144685758,14664.732144685759,-0.0009164346627844156,False,0.012,3.0,0.0
2019-09-20,0.002138010171417326,0.014718035507524665,14718.035507524666,-0.002138010171417326,False,0.012,3.0,0.0
2019-09-23,0.0013104976565599946,0.014573461430682036,14573.461430682037,-0.0013104976565599946,False,0.012,3.0,0.0
2019-09-24,-0.002870203630105017,0.01397656054658698,13976.56054658698,0.002870203630105017,False,0.012,3.0,0.0
2019-09-25,-0.003352078868929387,0.014580302779706301,14580.3027797063,0.003352078868929387,False,0.012,3.0,0.0
2019-09-26,2.8404631174838568e-05,0.01441831964191694,14418.31964191694,-2.8404631174838568e-05,False,0.012,3.0,0.0
2019-09-27,-0.006671964826202559,0.014794906118289316,14794.906118289317,0.006671964826202559,False,0.012,3.0,0.0
2019-09-30,0.0013482427466918968,0.01469721493803959,14697.214938039591,-0.0013482427466918968,False,0.012,3.0,0.0
2019-10-01,-0.0037326415029096172,0.014924035367108276,14924.035367108276,0.0037326415029096172,False,0.012,3.0,0.0
2019-10-02,-0.005676261862600374,0.014844486762021781,14844.486762021781,0.005676261862600374,False,0.012,3.0,0.0
2019-10-03,0.009146604820573502,0.014782107433982597,14782.107433982597,-0.009146604820573502,False,0.012,3.0,0.0
2019-10-04,0.008010901856191223,0.01472953477536785,14729.53477536785,-0.008010901856191223,False,0.012,3.0,0.0
2019-10-07,-0.006489645494417595,0.014884607792338503,14884.607792338504,0.006489645494417595,False,0.012,3.0,0.0
2019-10-08,-0.005241255147830315,0.014782496559227849,14782.49655922785,0.005241255147830315,False,0.012,3.0,0.0
2019-10-09,0.00444189000066666,0.014463163799851552,14463.163799851553,-0.00444189000066666,False,0.008,2.0,0.0
2019-10-10,0.0002432687180662806,0.0141151032363166,14115.1032363166,-0.0002432687180662806,False,0.008,2.0,0.0
2019-10-11,0.004280049075630155,0.014576313526642416,14576.313526642416,-0.004280049075630155,False,0.008,2.0,0.0
2019-10-14,0.0011459878024223436,0.01436364716685244,14363.647166852441,-0.0011459878024223436,False,0.008,2.0,0.0
2019-10-15,0.002492576051856288,0.014121153264515636,14121.153264515637,-0.002492576051856288,False,0.008,2.0,0.0
2019-10-16,0.0011445663084206803,0.014531202300075974,14531.202300075975,-0.0011445663084206803,False,0.008,2.0,0.0
2019-10-17,0.0016782781109750068,0.013879122313166337,13879.122313166337,-0.0016782781109750068,False,0.008,2.0,0.0
2019-10-18,-0.004053336660354279,0.01354626725738862,13546.26725738862,0.004053336660354279,False,0.008,2.0,0.0
2019-10-21,0.0024813330403570255,0.014173272498866732,14173.272498866732,-0.0024813330403570255,False,0.008,2.0,0.0
2019-10-22,-0.0003483774018405272,0.013980104418510934,13980.104418510935,0.0003483774018405272,False,0.008,2.0,0.0
2019-10-23,0.0016865859108064817,0.013881568866789472,13881.568866789472,-0.0016865859108064817,False,0.004,1.0,0.0
2019-10-24,0.0032942100920318575,0.013436831232498886,13436.831232498886,-0.0032942100920318575,False,0.004,1.0,0.0
2019-10-25,0.0033206301935063687,0.013322679741999018,13322.679741999018,-0.0033206301935063687,False,0.004,1.0,0.0
2019-10-28,0.000731847690098464,0.013692118411233746,13692.118411233747,-0.000731847690098464,False,0.004,1.0,0.0
2019-10-29,-0.0030560608592292704,0.0131794220720845,13179.422072084499,0.0030560608592292704,False,0.004,1.0,0.0
2019-10-30,0.0064969216096383954,0.012424530380308607,12424.530380308606,-0.0064969216096383954,False,0.004,1.0,0.0
2019-10-31,0.002672148972312294,0.013415393717953195,13415.393717953195,-0.002672148972312294,False,0.004,1.0,0.0
2019-11-01,0.006242219199529897,0.013011150427255027,13011.150427255026,-0.006242219199529897,False,0.004,1.0,0.0
2019-11-04,0.0008229738384080367,0.01287127524050861,12871.275240508608,-0.0008229738384080367,False,0.004,1.0,0.0
2019-11-05,-0.004451148067756705,0.013307604352190472,13307.604352190472,0.004451148067756705,False,0.004,1.0,0.0
2019-11-06,0.0010266407396240186,0.01270889859368585,12708.89859368585,-0.0010266407396240186,False,0.004,1.0,0.0
2019-11-07,-0.0038913250886655204,0.013057025109243016,13057.025109243015,0.0038913250886655204,False,0.004,1.0,0.0
2019-11-08,-0.0026376941450200865,0.012715137593913371,12715.13759391337,0.0026376941450200865,False,0.004,1.0,0.0
2019-11-11,-0.00241680212566362,0.012489138779021264,12489.138779021265,0.00241680212566362,False,0.004,1.0,0.0
2019-11-12,0.001166068892060568,0.012527049625931897,12527.049625931897,-0.001166068892060568,False,0.004,1.0,0.0
2019-11-13,0.0006807539910801408,0.012399859813402109,12399.859813402109,-0.0006807539910801408,False,0.004,1.0,0.0
2019-11-14,0.003179349299522261,0.011854018115683235,11854.018115683235,-0.003179349299522261,False,0.004,1.0,0.0
2019-11-15,0.0037833868584527643,0.012297389324922565,12297.389324922566,-0.0037833868584527643,False,0.004,1.0,0.0
2019-11-18,0.0009368113708638104,0.012593047944530141,12593.04794453014,-0.0009368113708638104,False,0.004,1.0,0.0
2019-11-19,0.0024234162956711324,0.012564537038149075,12564.537038149076,-0.0024234162956711324,False,0.004,1.0,0.0
2019-11-20,-0.0006537785971266749,0.012028787000380568,12028.787000380567,0.0006537785971266749,False,0.004,1.0,0.0
2019-11-21,-0.0035332599126435943,0.012595036550640839,12595.03655064084,0.0035332599126435943,False,0.004,1.0,0.0
2019-11-22,0.00045458182926130244,0.012082559193227293,12082.559193227293,-0.00045458182926130244,False,0.004,1.0,0.0
2019-11-25,0.005552336586453133,0.011981601371910082,11981.601371910083,-0.005552336586453133,False,0.004,1.0,0.0
2019-11-26,0.0023664111903410447,0.012242860197375922,12242.860197375923,-0.0023664111903410447,False,0.004,1.0,0.0
2019-11-27,0.000879778415201238,0.011888003452255208,11888.003452255209,-0.000879778415201238,False,0.004,1.0,0.0
2019-11-29,-0.003986383985887953,0.012043382873944493,12043.382873944493,0.003986383985887953,False,0.004,1.0,0.0
2019-12-02,-0.0065619045291166024,0.012397583493813763,12397.583493813763,0.0065619045291166024,False,0.004,1.0,0.0
2019-12-03,0.0021670069201512377,0.012091010513295803,12091.010513295803,-0.0021670069201512377,False,0.004,1.0,0.0
2019-12-04,0.0014893892673912168,0.011618086010633799,11618.086010633799,-0.0014893892673912168,False,0.004,1.0,0.0
2019-12-05,0.0007886103879337636,0.011781297391503687,11781.297391503687,-0.0007886103879337636,False,0.004,1.0,0.0
2019-12-06,0.002041574421245307,0.011459685893983834,11459.685893983833,-0.002041574421245307,False,0.004,1.0,0.0
2019-12-09,-0.0019499522229954993,0.011714835512737472,11714.835512737473,0.0019499522229954993,False,0.004,1.0,0.0
2019-12-10,0.0008910291554460104,0.011490021346093685,11490.021346093685,-0.0008910291554460104,False,0.004,1.0,0.0
2019-12-11,0.007503118149450749,0.011330098268450262,11330.098268450261,-0.007503118149450749,False,0.004,1.0,0.0
2019-12-12,0.0026995725506395738,0.011509416050666178,11509.416050666177,-0.0026995725506395738,False,0.004,1.0,0.0
2019-12-13,0.00389766065825512,0.011443966390422045,11443.966390422045,-0.00389766065825512,False,0.004,1.0,0.0
2019-12-16,0.0032662639945066686,0.011229640399889855,11229.640399889855,-0.0032662639945066686,False,0.004,1.0,0.0
2019-12-17,0.0016637578503376548,0.011107323479098527,11107.323479098526,-0.0016637578503376548,False,0.004,1.0,0.0
2019-12-18,-0.00037828283985756877,0.011126379033916993,11126.379033916994,0.00037828283985756877,False,0.004,1.0,0.0
2019-12-19,0.002997896066505445,0.011638208079628575,11638.208079628575,-0.002997896066505445,False,0.004,1.0,0.0
2019-12-20,0.002552127641677782,0.010821245808746651,10821.245808746651,-0.002552127641677782,False,0.004,1.0,0.0
2019-12-23,0.0014262889259626156,0.01130181751410712,11301.81751410712,-0.0014262889259626156,False,0.004,1.0,0.0
2019-12-24,0.0021204899737133466,0.01012547025559655,10125.47025559655,-0.0021204899737133466,False,0.004,1.0,0.0
2019-12-26,0.006319284350552402,0.010824864125719718,10824.864125719718,-0.006319284350552402,False,0.004,1.0,0.0
2019-12-27,0.0007324882954962364,0.010377363148825267,10377.363148825267,-0.0007324882954962364,False,0.004,1.0,0.0
2019-12-30,-0.004051541426053285,0.009949400877253675,9949.400877253674,0.004051541426053285,False,0.004,1.0,0.0
2019-12-31,-0.00027048355380041576,0.01097000246779223,10970.00246779223,0.00027048355380041576,False,0.004,1.0,0.0
2020-01-02,0.012993993564276175,0.010155730141358444,10155.730141358445,-0.012993993564276175,False,0.004,1.0,0.0
2020-01-03,-0.001325924995735206,0.010105489637383563,10105.489637383564,0.001325924995735206,False,0.004,1.0,0.0
2020-01-06,0.0025242065117834006,0.009983389765939932,9983.389765939932,-0.0025242065117834006,False,0.004,1.0,0.0
2020-01-07,-0.0009202568749773211,0.010064568675070615,10064.568675070615,0.0009202568749773211,False,0.004,1.0,0.0
2020-01-08,0.0009076161871354626,0.009992871106450186,9992.871106450186,-0.0009076161871354626,False,0.004,1.0,0.0
2020-01-09,0.003954424736730222,0.010369842201974276,10369.842201974276,-0.003954424736730222,False,0.004,1.0,0.0
2020-01-10,0.0029547506222352025,0.009877957620739777,9877.957620739777,-0.0029547506222352025,False,0.004,1.0,0.0
2020-01-13,0.004707047117681373,0.010551755370572171,10551.755370572171,-0.004707047117681373,False,0.004,1.0,0.0
2020-01-14,-0.0013649580970263473,0.010020747703411154,10020.747703411154,0.0013649580970263473,False,0.004,1.0,0.0
2020-01-15,0.0014630608786686985,0.009814645797507324,9814.645797507324,-0.0014630608786686985,False,0.004,1.0,0.0
2020-01-16,0.003905977908552516,0.009828179418192032,9828.179418192032,-0.003905977908552516,False,0.004,1.0,0.0
2020-01-17,0.0014027706999755864,0.010122866804197607,10122.866804197607,-0.0014027706999755864,False,0.004,1.0,0.0
2020-01-21,-0.003223313746844015,0.010032464390708368,10032.464390708368,0.003223313746844015,False,0.004,1.0,0.0
2020-01-22,0.0029657762511064775,0.010056626411996112,10056.626411996112,-0.0029657762511064775,False,0.004,1.0,0.0
2020-01-23,0.0006534684152187831,0.010333863289039045,10333.863289039045,-0.0006534684152187831,False,0.004,1.0,0.0
2020-01-24,-0.002276268257990366,0.010092175283065863,10092.175283065862,0.002276268257990366,False,0.004,1.0,0.0
2020-01-27,-0.009766741963983729,0.010060391313404738,10060.391313404738,0.009766741963983729,False,0.004,1.0,0.0
2020-01-28,0.0034881021319266296,0.009934477254773923,9934.477254773923,-0.0034881021319266296,False,0.004,1.0,0.0
2020-01-29,0.004166642876570337,0.009708772270013035,9708.772270013036,-0.004166642876570337,False,0.004,1.0,0.0
2020-01-30,-0.0015770882506917383,0.009667588822719826,9667.588822719827,0.0015770882506917383,False,0.004,1.0,0.0
2020-01-31,-0.007867018114406422,0.009760502291294595,9760.502291294595,0.007867018114406422,False,0.004,1.0,0.0
2020-02-03,0.005278543144016323,0.010086593291728629,10086.593291728628,-0.005278543144016323,False,0.004,1.0,0.0
2020-02-04,0.007497532098436621,0.0104173683119448,10417.3683119448,-0.007497532098436621,False,0.004,1.0,0.0
2020-02-05,0.00217272633286707,0.010115750945597404,10115.750945597403,-0.00217272633286707,False,0.004,1.0,0.0
2020-02-06,0.004560566765658169,0.01042136016966205,10421.36016966205,-0.004560566765658169,False,0.004,1.0,0.0
2020-02-07,-0.0016760578816713114,0.009931204895102262,9931.204895102263,0.0016760578816713114,False,0.004,1.0,0.0
2020-02-10,0.006085372405467338,0.010024583542089486,10024.583542089485,-0.006085372405467338,False,0.004,1.0,0.0
2020-02-11,0.00129937984889581,0.009722985311137246,9722.985311137247,-0.00129937984889581,False,0.004,1.0,0.0
2020-02-12,0.004777675470329501,0.009725393672386522,9725.393672386523,-0.004777675470329501,False,0.004,1.0,0.0
2020-02-13,-0.0011991332028525872,0.010098893039497493,10098.893039497494,0.0011991332028525872,False,0.004,1.0,0.0
2020-02-14,0.002694848771038716,0.009878269228572161,9878.269228572162,-0.002694848771038716,False,0.004,1.0,0.0
2020-02-18,0.002182550453092169,0.010340864769525525,10340.864769525524,-0.002182550453092169,False,0.004,1.0,0.0
2020-02-19,0.005483400442674679,0.009672271168807135,9672.271168807134,-0.005483400442674679,False,0.004,1.0,0.0
2020-02-20,-0.00341473141809725,0.010028545538116784,10028.545538116783,0.00341473141809725,False,0.004,1.0,0.0
2020-02-21,-0.0021767668823634563,0.009947290330737327,9947.290330737327,0.0021767668823634563,False,0.004,1.0,0.0
2020-02-24,-0.017047523128644396,0.00947126028363355,9471.26028363355,0.017047523128644396,True,0.008,2.0,0.007576262845010846
2020-02-25,-0.01559251728627682,0.010303350392201283,10303.350392201282,0.01559251728627682,True,0.012,3.0,0.005289166894075537
2020-02-26,0.0017063610298850397,0.010716887112365656,10716.887112365655,-0.0017063610298850397,False,0.012,3.0,0.0
2020-02-27,-0.021588045845373417,0.010210351478262776,10210.351478262775,0.021588045845373417,True,0.016,4.0,0.011377694367110641
2020-02-28,-0.004204257238585573,0.011244961197140704,11244.961197140705,0.004204257238585573,False,0.016,4.0,0.0
2020-03-02,0.022959393636125917,0.011102052236751826,11102.052236751826,-0.022959393636125917,False,0.016,4.0,0.0
2020-03-03,-0.004100576050227667,0.01161153519975461,11611.53519975461,0.004100576050227667,False,0.016,4.0,0.0
2020-03-04,0.018528906614185114,0.011530024354135795,11530.024354135796,-0.018528906614185114,False,0.016,4.0,0.0
2020-03-05,-0.007631933053780916,0.011590532666032115,11590.532666032115,0.007631933053780916,False,0.016,4.0,0.0
2020-03-06,-0.0002962226299140226,0.010943451267535657,10943.451267535656,0.0002962226299140226,False,0.016,4.0,0.0
2020-03-09,-0.037416743636723496,0.011945620092849897,11945.620092849897,0.037416743636723496,True,0.02,5.0,0.025471123543873597
2020-03-10,0.01693037713946317,0.01279457452648482,12794.574526484821,-0.01693037713946317,False,0.02,5.0,0.0
2020-03-11,-0.03584762557403836,0.013295032515978475,13295.032515978475,0.03584762557403836,True,0.024,6.0,0.022552593058059886
2020-03-12,-0.06423336084953389,0.0145522878582511,14552.287858251098,0.06423336084953389,True,0.028,7.0,0.04968107299128279
2020-03-13,0.03783153617619013,0.017906948549089696,17906.948549089695,-0.03783153617619013,False,0.028,7.0,0.0
2020-03-16,-0.06013699877194989,0.017754571187755624,17754.571187755624,0.06013699877194989,True,0.032,8.0,0.04238242758419426
2020-03-17,0.02912574253546312,0.01972206536441034,19722.06536441034,-0.02912574253546312,False,0.032,8.0,0.0
2020-03-18,-0.048749780413862444,0.020824950029321866,20824.950029321866,0.048749780413862444,True,0.036,9.0,0.027924830384540578
2020-03-19,0.004843301350388485,0.02206061030854501,22060.61030854501,-0.004843301350388485,False,0.036,9.0,0.0
2020-03-20,0.0030619434959375793,0.022519035589063364,22519.035589063365,-0.0030619434959375793,False,0.036,9.0,0.0
2020-03-23,0.0073254879105403735,0.02154132608829913,21541.32608829913,-0.0073254879105403735,False,0.036,9.0,0.0
2020-03-24,0.054619031364430234,0.020793635480001495,20793.635480001496,-0.054619031364430234,False,0.036,9.0,0.0
2020-03-25,0.005370335604434362,0.022964809406564767,22964.809406564767,-0.005370335604434362,False,0.036,9.0,0.0
2020-03-26,0.033331568082072806,0.023387250765581562,23387.25076558156,-0.033331568082072806,False,0.036,9.0,0.0
2020-03-27,-0.020158008053060256,0.02158933036821423,21589.33036821423,0.020158008053060256,False,0.036,9.0,0.0
2020-03-30,0.01630249220523368,0.022444099933391488,22444.099933391488,-0.01630249220523368,False,0.036,9.0,0.0
2020-03-31,-0.011324960021166031,0.023520181856635236,23520.181856635238,0.011324960021166031,False,0.036,9.0,0.0
2020-04-01,-0.021360894854082192,0.024518392673020285,24518.392673020284,0.021360894854082192,False,0.036,9.0,0.0
2020-04-02,0.019956016542700274,0.024190974248052728,24190.974248052727,-0.019956016542700274,False,0.036,9.0,0.0
2020-04-03,-0.008056395893544233,0.023674483423597518,23674.483423597518,0.008056395893544233,False,0.036,9.0,0.0
2020-04-06,0.04367865976382437,0.023923625337828148,23923.625337828147,-0.04367865976382437,False,0.036,9.0,0.0
2020-04-07,-0.002012615550655705,0.025448066874436726,25448.066874436725,0.002012615550655705,False,0.036,9.0,0.0
2020-04-08,0.009773460772464816,0.02451388970022751,24513.889700227508,-0.009773460772464816,False,0.036,9.0,0.0
2020-04-09,0.00818809525764286,0.02543961484655028,25439.61484655028,-0.00818809525764286,False,0.036,9.0,0.0
2020-04-13,0.0022196027597988226,0.024732874763862874,24732.874763862874,-0.0022196027597988226,False,0.036,9.0,0.0
2020-04-14,0.020697896795902993,0.02438790745047642,24387.90745047642,-0.020697896795902993,False,0.036,9.0,0.0
2020-04-15,-0.007402869998804373,0.026028342375121673,26028.342375121672,0.007402869998804373,False,0.036,9.0,0.0
2020-04-16,0.007788290868040094,0.025322196482586948,25322.196482586947,-0.007788290868040094,False,0.036,9.0,0.0
2020-04-17,0.005206473829482139,0.024776572147496134,24776.572147496132,-0.005206473829482139,False,0.036,9.0,0.0
2020-04-20,-0.0053956096076295266,0.025713292469707213,25713.292469707212,0.0053956096076295266,False,0.036,9.0,0.0
2020-04-21,-0.017830124794256875,0.025341774056176377,25341.77405617638,0.017830124794256875,False,0.036,9.0,0.0
2020-04-22,0.017722973291792933,0.024929293457725755,24929.293457725755,-0.017722973291792933,False,0.036,9.0,0.0
2020-04-23,0.001884578776398849,0.024987396808251783,24987.396808251782,-0.001884578776398849,False,0.036,9.0,0.0
2020-04-24,0.00527349041503613,0.02546879629697756,25468.796296977558,-0.00527349041503613,False,0.036,9.0,0.0
2020-04-27,0.0034887761835418647,0.025992401110772258,25992.401110772258,-0.0034887761835418647,False,0.036,9.0,0.0
2020-04-28,-0.0028900515891209897,0.02588666299065172,25886.662990651723,0.0028900515891209897,False,0.036,9.0,0.0
2020-04-29,0.018225818832555297,0.02609454648278428,26094.54648278428,-0.018225818832555297,False,0.036,9.0,0.0
2020-04-30,-0.012124266319873934,0.02472765862883476,24727.65862883476,0.012124266319873934,False,0.036,9.0,0.0
2020-05-01,-0.015189983967699062,0.02709658537546595,27096.58537546595,0.015189983967699062,False,0.036,9.0,0.0
2020-05-04,0.004795130999655251,0.02548214960343493,25482.14960343493,-0.004795130999655251,False,0.036,9.0,0.0
2020-05-05,0.004803707395611579,0.026482070711972148,26482.07071197215,-0.004803707395611579,False,0.036,9.0,0.0
2020-05-06,-0.006535448567870117,0.02653170041582369,26531.70041582369,0.006535448567870117,False,0.036,9.0,0.0
2020-05-07,0.01302062735860301,0.025806819383426948,25806.819383426948,-0.01302062735860301,False,0.036,9.0,0.0
2020-05-08,0.006460829991987094,0.02525939416525341,25259.39416525341,-0.006460829991987094,False,0.032,8.0,0.0
2020-05-11,-0.0022820435249331973,0.02619599137700236,26195.991377002363,0.0022820435249331973,False,0.032,8.0,0.0
2020-05-12,-0.006108023310400635,0.025644158676082846,25644.158676082847,0.006108023310400635,False,0.032,8.0,0.0
2020-05-13,-0.003100564123717309,0.024850117051073452,24850.117051073452,0.003100564123717309,False,0.032,8.0,0.0
2020-05-14,0.009160748801266294,0.024928967965023197,24928.967965023196,-0.009160748801266294,False,0.032,8.0,0.0
2020-05-15,9.454657644476521e-05,0.025812144127460867,25812.144127460866,-9.454657644476521e-05,False,0.032,8.0,0.0
2020-05-18,0.01174135986833291,0.024444016126550703,24444.0161265507,-0.01174135986833291,False,0.032,8.0,0.0
2020-05-19,-0.0014797509802753294,0.02530103577412621,25301.035774126212,0.0014797509802753294,False,0.032,8.0,0.0
2020-05-20,0.011103667427003394,0.025190475214733485,25190.475214733484,-0.011103667427003394,False,0.032,8.0,0.0
2020-05-21,-0.00825998962160963,0.024834242182222674,24834.242182222675,0.00825998962160963,False,0.032,8.0,0.0
2020-05-22,-0.0006830648138789195,0.025844645600820698,25844.6456008207,0.0006830648138789195,False,0.032,8.0,0.0
2020-05-26,0.0007911968978182138,0.02599960552363827,25999.60552363827,-0.0007911968978182138,False,0.032,8.0,0.0
2020-05-27,0.00470503541863756,0.026030539043418267,26030.539043418266,-0.00470503541863756,False,0.032,8.0,0.0
2020-05-28,-0.002087772496365847,0.025314685601821246,25314.685601821246,0.002087772496365847,False,0.032,8.0,0.0
2020-05-29,0.010172701706975928,0.027028352327181353,27028.352327181354,-0.010172701706975928,False,0.032,8.0,0.0
2020-06-01,0.005594239418796398,0.02493898729404732,24938.98729404732,-0.005594239418796398,False,0.032,8.0,0.0
2020-06-02,0.005741849572441349,0.026615758798103108,26615.758798103107,-0.005741849572441349,False,0.032,8.0,0.0
2020-06-03,0.0018677827811879328,0.025041924370241397,25041.924370241395,-0.0018677827811879328,False,0.032,8.0,0.0
2020-06-04,-0.005537364853573013,0.025958489955735124,25958.489955735124,0.005537364853573013,False,0.032,8.0,0.0
2020-06-05,0.008878605509379245,0.0262446933855853,26244.6933855853,-0.008878605509379245,False,0.032,8.0,0.0
2020-06-08,0.008124550637564098,0.024785600307462637,24785.600307462635,-0.008124550637564098,False,0.032,8.0,0.0
2020-06-09,0.0027974854800605796,0.025291978583424392,25291.978583424392,-0.0027974854800605796,False,0.032,8.0,0.0
2020-06-10,0.008582063736366675,0.02560487122000036,25604.87122000036,-0.008582063736366675,False,0.032,8.0,0.0
2020-06-11,-0.029541642033609542,0.02626442223119548,26264.42223119548,0.029541642033609542,True,0.036,9.0,0.0032772198024140636
2020-06-12,0.006591954134514544,0.027181241762257332,27181.24176225733,-0.006591954134514544,False,0.036,9.0,0.0
2020-06-15,0.0022383738208309194,0.02581097045294177,25810.97045294177,-0.0022383738208309194,False,0.036,9.0,0.0
2020-06-16,0.005391712371078449,0.024057280055617206,24057.280055617204,-0.005391712371078449,False,0.036,9.0,0.0
2020-06-17,0.002933577847004521,0.026176300699408572,26176.300699408574,-0.002933577847004521,False,0.036,9.0,0.0
2020-06-18,0.002443009433429211,0.02452490728295101,24524.907282951008,-0.002443009433429211,False,0.036,9.0,0.0
2020-06-19,0.0011409752811164515,0.02605575420757891,26055.75420757891,-0.0011409752811164515,False,0.036,9.0,0.0
2020-06-22,0.007453579027340852,0.025512631720097163,25512.631720097164,-0.007453579027340852,False,0.036,9.0,0.0
2020-06-23,0.004870124910657925,0.02547738024658471,25477.380246584707,-0.004870124910657925,False,0.036,9.0,0.0
2020-06-24,-0.010423651023708725,0.025730789582402127,25730.789582402125,0.010423651023708725,False,0.036,9.0,0.0
2020-06-25,0.005348582309086348,0.026028969298990894,26028.969298990894,-0.005348582309086348,False,0.036,9.0,0.0
2020-06-26,-0.008863949811128058,0.02652858106223089,26528.58106223089,0.008863949811128058,False,0.036,9.0,0.0
2020-06-29,0.005501001373749649,0.025549060992751255,25549.060992751256,-0.005501001373749649,False,0.036,9.0,0.0
2020-06-30,0.005750987822259046,0.025282549903695734,25282.549903695734,-0.005750987822259046,False,0.036,9.0,0.0
2020-07-01,0.004701231921111737,0.02546699218536691,25466.99218536691,-0.004701231921111737,False,0.036,9.0,0.0
2020-07-02,0.00764882780959173,0.025774849320410867,25774.849320410867,-0.00764882780959173,False,0.036,9.0,0.0
2020-07-06,0.016990445265756014,0.025807176645669377,25807.176645669377,-0.016990445265756014,False,0.036,9.0,0.0
2020-07-07,-0.0027053515922460082,0.026507349982449514,26507.349982449512,0.0027053515922460082,False,0.036,9.0,0.0
2020-07-08,0.009793714197215442,0.026948321872555605,26948.321872555603,-0.009793714197215442,False,0.036,9.0,0.0
2020-07-09,0.0031896362373440516,0.02650203682979943,26502.036829799432,-0.0031896362373440516,False,0.036,9.0,0.0
2020-07-10,0.0005970951070730646,0.02652861459325676,26528.61459325676,-0.0005970951070730646,False,0.036,9.0,0.0
2020-07-13,-0.006277666907441271,0.02643246809951164,26432.46809951164,0.006277666907441271,False,0.036,9.0,0.0
2020-07-14,0.005507100174341329,0.026391750617224,26391.750617224,-0.005507100174341329,False,0.036,9.0,0.0
2020-07-15,0.0020920318323840227,0.02578963484207928,25789.63484207928,-0.0020920318323840227,False,0.036,9.0,0.0
2020-07-16,-0.00579183240465182,0.025912424574343024,25912.424574343026,0.00579183240465182,False,0.036,9.0,0.0
2020-07-17,0.0031688498295326275,0.026279121954576178,26279.121954576178,-0.0031688498295326275,False,0.036,9.0,0.0
2020-07-20,0.011318100216720285,0.02685523557664602,26855.23557664602,-0.011318100216720285,False,0.036,9.0,0.0
2020-07-21,0.002717932105992671,0.02616644545501823,26166.44545501823,-0.002717932105992671,False,0.036,9.0,0.0
2020-07-22,0.00461203588957515,0.025002768077889616,25002.768077889617,-0.00461203588957515,False,0.036,9.0,0.0
2020-07-23,-0.005117241361000668,0.026682039718672668,26682.039718672666,0.005117241361000668,False,0.036,9.0,0.0
2020-07-24,-0.0016684370517671134,0.025513693960513985,25513.693960513985,0.0016684370517671134,False,0.036,9.0,0.0
2020-07-27,0.01134174066858178,0.025667503601722402,25667.5036017224,-0.01134174066858178,False,0.036,9.0,0.0
2020-07-28,-0.002404943968043783,0.026301999246874166,26301.999246874166,0.002404943968043783,False,0.036,9.0,0.0
2020-07-29,0.009148338471210549,0.02666476882453828,26664.76882453828,-0.009148338471210549,False,0.036,9.0,0.0
2020-07-30,-0.0023654774652706934,0.024958079355257998,24958.079355257996,0.0023654774652706934,False,0.036,9.0,0.0
2020-07-31,0.005462098158854256,0.026315649336379122,26315.649336379123,-0.005462098158854256,False,0.036,9.0,0.0
2020-08-03,0.004697226577898528,0.02496496489156142,24964.96489156142,-0.004697226577898528,False,0.036,9.0,0.0
2020-08-04,0.010338167217877503,0.02502540950388273,25025.40950388273,-0.010338167217877503,False,0.036,9.0,0.0
2020-08-05,0.004019341494339867,0.026510526923145292,26510.52692314529,-0.004019341494339867,False,0.036,9.0,0.0
2020-08-06,0.008385053039599024,0.026007009569949505,26007.009569949507,-0.008385053039599024,False,0.036,9.0,0.0
2020-08-07,-0.010783310654121216,0.025606064998404544,25606.064998404545,0.010783310654121216,False,0.036,9.0,0.0
2020-08-10,-0.0013418511200270044,0.026122739757587204,26122.739757587206,0.0013418511200270044,False,0.036,9.0,0.0
2020-08-11,-0.019100867102198694,0.025193327657476505,25193.327657476504,0.019100867102198694,False,0.036,9.0,0.0
2020-08-12,0.007756452179406393,0.02560630965904306,25606.30965904306,-0.007756452179406393,False,0.036,9.0,0.0
2020-08-13,0.002095568547250616,0.026343230984332184,26343.230984332185,-0.002095568547250616,False,0.036,9.0,0.0
2020-08-14,-0.0022332691210855907,0.02526240957919873,25262.40957919873,0.0022332691210855907,False,0.036,9.0,0.0
2020-08-17,0.010330408662793644,0.025918617143641017,25918.61714364102,-0.010330408662793644,False,0.036,9.0,0.0
2020-08-18,0.005365891099846932,0.025952504985546736,25952.504985546737,-0.005365891099846932,False,0.036,9.0,0.0
2020-08-19,-0.012199652357639333,0.02561527088304576,25615.27088304576,0.012199652357639333,False,0.036,9.0,0.0
2020-08-20,0.005954068298233906,0.025752110962353372,25752.110962353374,-0.005954068298233906,False,0.036,9.0,0.0
2020-08-21,0.0026907276434257055,0.025755500977886144,25755.500977886146,-0.0026907276434257055,False,0.036,9.0,0.0
2020-08-24,0.004031888205177214,0.025359010949160852,25359.010949160853,-0.004031888205177214,False,0.036,9.0,0.0
2020-08-25,0.002995052804626286,0.025385235593301782,25385.235593301783,-0.002995052804626286,False,0.036,9.0,0.0
2020-08-26,0.008400204189201399,0.026077447157298407,26077.447157298408,-0.008400204189201399,False,0.036,9.0,0.0
2020-08-27,-0.007576571440690039,0.026184159028731665,26184.159028731665,0.007576571440690039,False,0.036,9.0,0.0
2020-08-28,0.008260653086920101,0.02570546596107185,25705.46596107185,-0.008260653086920101,False,0.036,9.0,0.0
2020-08-31,-0.0017469679376469927,0.025879041440470617,25879.041440470617,0.0017469679376469927,False,0.036,9.0,0.0
2020-09-01,0.011240293347402465,0.026604533657774126,26604.533657774125,-0.011240293347402465,False,0.036,9.0,0.0
2020-09-02,0.003534564962159248,0.02549677022734319,25496.77022734319,-0.003534564962159248,False,0.036,9.0,0.0
2020-09-03,-0.021882357774504913,0.02576637775869298,25766.37775869298,0.021882357774504913,False,0.036,9.0,0.0
2020-09-04,-0.007453730386466884,0.026150266257612735,26150.266257612737,0.007453730386466884,False,0.036,9.0,0.0
2020-09-08,-0.017706962469441014,0.0262330662424713,26233.0662424713,0.017706962469441014,False,0.036,9.0,0.0
2020-09-09,0.01421253568444807,0.02660452443124981,26604.52443124981,-0.01421253568444807,False,0.036,9.0,0.0
2020-09-10,-0.010299330405928718,0.026354655681470156,26354.655681470154,0.010299330405928718,False,0.036,9.0,0.0
2020-09-11,0.00106006312285023,0.026858093336493905,26858.093336493905,-0.00106006312285023,False,0.036,9.0,0.0
2020-09-14,0.010916152575359384,0.027158379375373486,27158.379375373486,-0.010916152575359384,False,0.036,9.0,0.0
2020-09-15,0.00498585131460545,0.02569477234897815,25694.77234897815,-0.00498585131460545,False,0.036,9.0,0.0
2020-09-16,-0.004279483180493093,0.027518797202744735,27518.797202744736,0.004279483180493093,False,0.036,9.0,0.0
2020-09-17,-0.0061691377688562156,0.026976983661436655,26976.983661436654,0.0061691377688562156,False,0.036,9.0,0.0
2020-09-18,-0.006774481588554116,0.025604090662861824,25604.090662861825,0.006774481588554116,False,0.036,9.0,0.0
2020-09-21,-0.006590782975063215,0.02714213615018825,27142.136150188253,0.006590782975063215,False,0.036,9.0,0.0
2020-09-22,0.003129077676422254,0.026611790800635717,26611.790800635717,-0.003129077676422254,False,0.036,9.0,0.0
2020-09-23,-0.017905063331909044,0.02646558763438553,26465.58763438553,0.017905063331909044,False,0.036,9.0,0.0
2020-09-24,0.002046042018059069,0.027662553451336554,27662.553451336553,-0.002046042018059069,False,0.036,9.0,0.0
2020-09-25,0.007499600863457534,0.02736719586164282,27367.19586164282,-0.007499600863457534,False,0.036,9.0,0.0
2020-09-28,0.011154193932463332,0.027441402690626594,27441.402690626594,-0.011154193932463332,False,0.036,9.0,0.0
2020-09-29,-0.00021196059388477477,0.02672773466600855,26727.73466600855,0.00021196059388477477,False,0.036,9.0,0.0
2020-09-30,0.0029946119563847963,0.02725263687312928,27252.636873129282,-0.0029946119563847963,False,0.036,9.0,0.0
2020-10-01,0.008432352865982961,0.027424582375870907,27424.58237587091,-0.008432352865982961,False,0.036,9.0,0.0
2020-10-02,-0.010743048236517639,0.02632502500184726,26325.02500184726,0.010743048236517639,False,0.036,9.0,0.0
2020-10-05,0.0075610782905806365,0.02722948785944715,27229.48785944715,-0.0075610782905806365,False,0.036,9.0,0.0
2020-10-06,-0.0073278626067999845,0.026007904451279786,26007.904451279785,0.0073278626067999845,False,0.036,9.0,0.0
2020-10-07,0.007586612231047441,0.028318748971382392,28318.748971382392,-0.007586612231047441,False,0.036,9.0,0.0
2020-10-08,0.006266986744615544,0.027036819124818992,27036.81912481899,-0.006266986744615544,False,0.036,9.0,0.0
2020-10-09,0.009799072221027761,0.02705706097407164,27057.06097407164,-0.009799072221027761,False,0.036,9.0,0.0
2020-10-12,0.0111999363026414,0.025283928570727053,25283.928570727054,-0.0111999363026414,False,0.036,9.0,0.0
2020-10-13,-0.003847792664851402,0.025598822687277353,25598.822687277352,0.003847792664851402,False,0.036,9.0,0.0
2020-10-14,-0.0031972585302020963,0.02666140651250867,26661.40651250867,0.0031972585302020963,False,0.036,9.0,0.0
2020-10-15,-0.002648878637743968,0.027710416559742254,27710.416559742254,0.002648878637743968,False,0.036,9.0,0.0
2020-10-16,-0.0017613281935389138,0.02711082854000014,27110.828540000137,0.0017613281935389138,False,0.036,9.0,0.0
2020-10-19,-0.007531382492575212,0.026841687308902323,26841.687308902325,0.007531382492575212,False,0.036,9.0,0.0
2020-10-20,0.0024931809312726872,0.026631224359650995,26631.224359650994,-0.0024931809312726872,False,0.036,9.0,0.0
2020-10-21,0.000848338970584539,0.027619937599463667,27619.93759946367,-0.000848338970584539,False,0.036,9.0,0.0
2020-10-22,-0.002992945261400193,0.02674507571675569,26745.07571675569,0.002992945261400193,False,0.036,9.0,0.0
2020-10-23,0.0032557444478127583,0.02743084904825607,27430.84904825607,-0.0032557444478127583,False,0.036,9.0,0.0
2020-10-26,-0.007525989200628747,0.02697196772464369,26971.967724643688,0.007525989200628747,False,0.036,9.0,0.0
2020-10-27,0.003615428272174692,0.027663452161371945,27663.452161371944,-0.003615428272174692,False,0.036,9.0,0.0
2020-10-28,-0.022683672745554495,0.02579310027020206,25793.100270202063,0.022683672745554495,False,0.036,9.0,0.0
2020-10-29,0.00476983411108074,0.027516935355488135,27516.935355488135,-0.00476983411108074,False,0.036,9.0,0.0
2020-10-30,-0.010474056350852013,0.027440758599651012,27440.758599651013,0.010474056350852013,False,0.036,9.0,0.0
2020-11-02,0.008675890886972893,0.02670944960360558,26709.44960360558,-0.008675890886972893,False,0.036,9.0,0.0
2020-11-03,0.007849188889622384,0.027352989266346408,27352.98926634641,-0.007849188889622384,False,0.036,9.0,0.0
2020-11-04,0.023912896350212234,0.027046962020055788,27046.962020055787,-0.023912896350212234,False,0.036,9.0,0.0
2020-11-05,0.017469873518814974,0.027703304281474852,27703.30428147485,-0.017469873518814974,False,0.036,9.0,0.0
2020-11-06,-0.001106705126795382,0.02767109586092475,27671.09586092475,0.001106705126795382,False,0.036,9.0,0.0
2020-11-09,-0.013253852800544766,0.027095099700483176,27095.099700483177,0.013253852800544766,False,0.036,9.0,0.0
2020-11-10,-0.006646433400888419,0.027025134318293332,27025.13431829333,0.006646433400888419,False,0.036,9.0,0.0
2020-11-11,0.0071157774446726,0.027626014375128884,27626.014375128885,-0.0071157774446726,False,0.036,9.0,0.0
2020-11-12,0.0002373461303749159,0.02770246750526447,27702.46750526447,-0.0002373461303749159,False,0.036,9.0,0.0
2020-11-13,0.008433904806430515,0.028378056818018863,28378.056818018864,-0.008433904806430515,False,0.036,9.0,0.0
2020-11-16,0.006048025863400009,0.028614585811090443,28614.58581109044,-0.006048025863400009,False,0.036,9.0,0.0
2020-11-17,-0.0013426322299031849,0.02856165917858621,28561.65917858621,0.0013426322299031849,False,0.036,9.0,0.0
2020-11-18,-0.0051459337787847625,0.027402847730937464,27402.847730937465,0.0051459337787847625,False,0.036,9.0,0.0
2020-11-19,0.0033892259366154146,0.027274736875389637,27274.736875389637,-0.0033892259366154146,False,0.036,9.0,0.0
2020-11-20,0.0007483229608399979,0.02697846446849759,26978.46446849759,-0.0007483229608399979,False,0.036,9.0,0.0
2020-11-23,-0.0031194866280231047,0.028395418067012464,28395.418067012462,0.0031194866280231047,False,0.036,9.0,0.0
2020-11-24,0.0036601048566730077,0.027156201172658757,27156.201172658755,-0.0036601048566730077,False,0.036,9.0,0.0
2020-11-25,-0.0009123874980548009,0.027565330771448116,27565.330771448116,0.0009123874980548009,False,0.036,9.0,0.0
2020-11-27,0.004207768967024239,0.02741567355992804,27415.67355992804,-0.004207768967024239,False,0.036,9.0,0.0
2020-11-30,-0.007297851751101759,0.027726136524679448,27726.13652467945,0.007297851751101759,False,0.036,9.0,0.0
2020-12-01,0.00995381700493303,0.02785479360962583,27854.79360962583,-0.00995381700493303,False,0.036,9.0,0.0
2020-12-02,0.0008765814373321578,0.02659481548919062,26594.81548919062,-0.0008765814373321578,False,0.036,9.0,0.0
2020-12-03,0.0057071478888030885,0.027933127543639694,27933.127543639694,-0.0057071478888030885,False,0.036,9.0,0.0
2020-12-04,0.001104488295992079,0.027835559793947882,27835.559793947883,-0.001104488295992079,False,0.036,9.0,0.0
2020-12-07,0.005508407145511463,0.02797635303600545,27976.35303600545,-0.005508407145511463,False,0.036,9.0,0.0
2020-12-08,0.0029834962885959995,0.02790613134813604,27906.13134813604,-0.0029834962885959995,False,0.036,9.0,0.0
2020-12-09,-0.012131548699033613,0.027049872646932274,27049.872646932276,0.012131548699033613,False,0.036,9.0,0.0
2020-12-10,0.004705736467333322,0.027687827538035305,27687.827538035304,-0.004705736467333322,False,0.036,9.0,0.0
2020-12-11,-0.0010073877183797153,0.0268578672231453,26857.867223145302,0.0010073877183797153,False,0.036,9.0,0.0
2020-12-14,-0.0021400668864840267,0.027788220505056655,27788.220505056655,0.0021400668864840267,False,0.036,9.0,0.0
2020-12-15,0.00913316651528997,0.027489219248695074,27489.219248695073,-0.00913316651528997,False,0.036,9.0,0.0
2020-12-16,0.0029361229192621744,0.026756256024514962,26756.25602451496,-0.0029361229192621744,False,0.036,9.0,0.0
2020-12-17,0.005301955308966356,0.028316624663770405,28316.624663770406,-0.005301955308966356,False,0.036,9.0,0.0
2020-12-18,-0.002576942202689248,0.02646268414916187,26462.68414916187,0.002576942202689248,False,0.036,9.0,0.0
2020-12-21,-0.0038725459358392557,0.028364429951143542,28364.429951143542,0.0038725459358392557,False,0.036,9.0,0.0
2020-12-22,-0.001934043416878262,0.02763603372681598,27636.03372681598,0.001934043416878262,False,0.036,9.0,0.0
2020-12-23,0.0011666441814680351,0.02783564416907718,27835.64416907718,-0.0011666441814680351,False,0.036,9.0,0.0
2020-12-24,0.0023753508739661868,0.027679157004853037,27679.157004853038,-0.0023753508739661868,False,0.036,9.0,0.0
2020-12-28,0.0036555521396333113,0.027098345525459054,27098.345525459055,-0.0036555521396333113,False,0.036,9.0,0.0
2020-12-29,0.0032556358790231115,0.027601892546299897,27601.892546299896,-0.0032556358790231115,False,0.036,9.0,0.0
2020-12-30,0.00492115026913531,0.027731351844955836,27731.351844955836,-0.00492115026913531,False,0.036,9.0,0.0
2020-12-31,0.0024270751202884132,0.028036619602483978,28036.619602483977,-0.0024270751202884132,False,0.036,9.0,0.0
2021-01-04,-5.869248715568683e-05,0.02671412957489741,26714.12957489741,5.869248715568683e-05,False,0.036,9.0,0.0
2021-01-05,0.006941034409014768,0.026658164584460704,26658.164584460705,-0.006941034409014768,False,0.036,9.0,0.0
2021-01-06,-0.010618786920691913,0.026844180638104505,26844.180638104506,0.010618786920691913,False,0.036,9.0,0.0
2021-01-07,0.0074739170768253205,0.026845173224308114,26845.173224308113,-0.0074739170768253205,False,0.036,9.0,0.0
2021-01-08,0.001514476027650069,0.028510564350821537,28510.564350821536,-0.001514476027650069,False,0.036,9.0,0.0
2021-01-11,-0.007665936811884188,0.028295705126935543,28295.705126935543,0.007665936811884188,False,0.036,9.0,0.0
2021-01-12,0.0028242295024680786,0.028144967694478978,28144.96769447898,-0.0028242295024680786,False,0.036,9.0,0.0
2021-01-13,0.0037203316034835733,0.0286076017667436,28607.6017667436,-0.0037203316034835733,False,0.036,9.0,0.0
2021-01-14,-0.0018796987102997155,0.028308026853682194,28308.026853682193,0.0018796987102997155,False,0.036,9.0,0.0
2021-01-15,-0.007560405759921519,0.027156673571863958,27156.673571863957,0.007560405759921519,False,0.036,9.0,0.0
2021-01-19,0.010140210595337696,0.029219046222405873,29219.046222405872,-0.010140210595337696,False,0.036,9.0,0.0
2021-01-20,0.014384656172620726,0.02884936261365264,28849.36261365264,-0.014384656172620726,False,0.036,9.0,0.0
2021-01-21,0.0006089872218568935,0.02820136711797645,28201.36711797645,-0.0006089872218568935,False,0.036,9.0,0.0
2021-01-22,-0.003951194252608215,0.02759447093748191,27594.47093748191,0.003951194252608215,False,0.036,9.0,0.0
2021-01-25,0.006476072231662578,0.02701633889856147,27016.33889856147,-0.006476072231662578,False,0.036,9.0,0.0
2021-01-26,-0.002348817989943819,0.027983975031980975,27983.975031980975,0.002348817989943819,False,0.036,9.0,0.0
2021-01-27,-0.016773651565747238,0.026446939272899945,26446.939272899945,0.016773651565747238,False,0.036,9.0,0.0
2021-01-28,0.0033832494291918818,0.02781967926052346,27819.67926052346,-0.0033832494291918818,False,0.036,9.0,0.0
2021-01-29,-0.014471085175481702,0.027619910935040185,27619.910935040185,0.014471085175481702,False,0.036,9.0,0.0
2021-02-01,0.01583780404764812,0.027096290202768256,27096.290202768254,-0.01583780404764812,False,0.036,9.0,0.0
2021-02-02,0.004961356923961757,0.027927705881370786,27927.705881370784,-0.004961356923961757,False,0.036,9.0,0.0
2021-02-03,-0.0017031959458551297,0.027280082933843524,27280.082933843525,0.0017031959458551297,False,0.036,9.0,0.0
2021-02-04,-0.00013030461589829133,0.028130588578231037,28130.588578231036,0.00013030461589829133,False,0.036,9.0,0.0
2021-02-05,0.0034868511402952325,0.02754086710126506,27540.86710126506,-0.0034868511402952325,False,0.036,9.0,0.0
2021-02-08,0.006032216635870747,0.02856928709498716,28569.287094987158,-0.006032216635870747,False,0.036,9.0,0.0
2021-02-09,0.002755755031574392,0.027804292524048275,27804.292524048276,-0.002755755031574392,False,0.036,9.0,0.0
2021-02-10,0.002222549789482264,0.028733680916904206,28733.680916904206,-0.002222549789482264,False,0.036,9.0,0.0
2021-02-11,0.0007260574059584805,0.02810725360831341,28107.253608313407,-0.0007260574059584805,False,0.036,9.0,0.0
2021-02-12,-0.0008124485419216176,0.027785459177213517,27785.459177213517,0.0008124485419216176,False,0.036,9.0,0.0
2021-02-16,-0.006145721353876099,0.02748742624186246,27487.42624186246,0.006145721353876099,False,0.036,9.0,0.0
2021-02-17,-0.0018450512595039608,0.027346720761161628,27346.72076116163,0.0018450512595039608,False,0.036,9.0,0.0
2021-02-18,-0.0053076972925525595,0.028178921463706832,28178.921463706833,0.0053076972925525595,False,0.036,9.0,0.0
2021-02-19,-0.001759540630526657,0.029169144468796794,29169.144468796792,0.001759540630526657,False,0.032,8.0,0.0
2021-02-22,-0.011125134411472004,0.02843662501279163,28436.62501279163,0.011125134411472004,False,0.028,7.0,0.0
2021-02-23,-0.0004942966790911996,0.028033398760282685,28033.398760282686,0.0004942966790911996,False,0.028,7.0,0.0
2021-02-24,0.0011149789064541337,0.02757315364393573,27573.15364393573,-0.0011149789064541337,False,0.024,6.0,0.0
2021-02-25,-0.02337875036800381,0.027834279110044238,27834.279110044237,0.02337875036800381,False,0.024,6.0,0.0
2021-02-26,-0.0010986515911898256,0.028010294218024607,28010.294218024606,0.0010986515911898256,False,0.024,6.0,0.0
2021-03-01,0.01323703704225323,0.028271602890635284,28271.602890635284,-0.01323703704225323,False,0.024,6.0,0.0
2021-03-02,-0.005622207517927547,0.028887629010549302,28887.629010549303,0.005622207517927547,False,0.024,6.0,0.0
2021-03-03,-0.013229370511473305,0.027625728615040562,27625.728615040563,0.013229370511473305,False,0.024,6.0,0.0
2021-03-04,-0.013664407218936825,0.026890025172056086,26890.025172056085,0.013664407218936825,False,0.024,6.0,0.0
2021-03-05,0.009385101807333207,0.029037287770839696,29037.287770839695,-0.009385101807333207,False,0.02,5.0,0.0
2021-03-08,-0.015674566149107186,0.02785084706202432,27850.84706202432,0.015674566149107186,False,0.02,5.0,0.0
2021-03-09,0.022160591682987674,0.026920573650868695,26920.573650868697,-0.022160591682987674,False,0.016,4.0,0.0
2021-03-10,0.0011977290222976,0.026494459181977573,26494.459181977574,-0.0011977290222976,False,0.012,3.0,0.0
2021-03-11,0.011323242337348806,0.02369295670993685,23692.95670993685,-0.011323242337348806,False,0.012,3.0,0.0
2021-03-12,-0.009200121134634021,0.02509105542368174,25091.05542368174,0.009200121134634021,False,0.008,2.0,0.0
2021-03-15,0.005866221469826627,0.02291093827128467,22910.93827128467,-0.005866221469826627,False,0.008,2.0,0.0
2021-03-16,0.0010765274700497598,0.021057355371224957,21057.355371224956,-0.0010765274700497598,False,0.004,1.0,0.0
2021-03-17,0.0016955317814546732,0.020892276136224457,20892.276136224456,-0.0016955317814546732,False,0.004,1.0,0.0
2021-03-18,-0.01589840476992759,0.020850523980090067,20850.523980090067,0.01589840476992759,False,0.004,1.0,0.0
2021-03-19,0.0048821021540507385,0.02172487236145944,21724.872361459442,-0.0048821021540507385,False,0.004,1.0,0.0
2021-03-22,0.006703076626807137,0.021368504042693613,21368.504042693614,-0.006703076626807137,False,0.004,1.0,0.0
2021-03-23,-0.005921871967543303,0.01967979263304198,19679.792633041983,0.005921871967543303,False,0.004,1.0,0.0
2021-03-24,-0.0071966888717983415,0.01956744798303238,19567.44798303238,0.0071966888717983415,False,0.004,1.0,0.0
2021-03-25,-0.0005963046528294936,0.02016832991604299,20168.32991604299,0.0005963046528294936,False,0.004,1.0,0.0
2021-03-26,0.011292072753665928,0.019579708198424327,19579.708198424327,-0.011292072753665928,False,0.004,1.0,0.0
2021-03-29,-0.005623888751818473,0.01981886421404765,19818.86421404765,0.005623888751818473,False,0.004,1.0,0.0
2021-03-30,-0.0032649640577896207,0.020558804262683333,20558.804262683334,0.0032649640577896207,False,0.004,1.0,0.0
2021-03-31,0.006806438875069754,0.019316575496521597,19316.575496521597,-0.006806438875069754,False,0.004,1.0,0.0
2021-04-01,0.013363887162836586,0.0187919692314897,18791.9692314897,-0.013363887162836586,False,0.004,1.0,0.0
2021-04-05,0.006696673835307943,0.01953298870036682,19532.988700366823,-0.006696673835307943,False,0.004,1.0,0.0
2021-04-06,0.0038166967332063043,0.018673925848105524,18673.925848105526,-0.0038166967332063043,False,0.004,1.0,0.0
2021-04-07,-0.004184106563884749,0.01886826406690352,18868.26406690352,0.004184106563884749,False,0.004,1.0,0.0
2021-04-08,0.00848021900795044,0.018192127766238946,18192.127766238948,-0.00848021900795044,False,0.004,1.0,0.0
2021-04-09,-0.0012696960071550299,0.01794529586839927,17945.29586839927,0.0012696960071550299,False,0.004,1.0,0.0
2021-04-12,-0.002683311370181696,0.018930019470189144,18930.019470189145,0.002683311370181696,False,0.004,1.0,0.0
2021-04-13,0.006669960065912451,0.017626167064532097,17626.167064532096,-0.006669960065912451,False,0.004,1.0,0.0
2021-04-14,-0.003578759339206106,0.018275141193593098,18275.1411935931,0.003578759339206106,False,0.004,1.0,0.0
2021-04-15,0.013583382158617407,0.017993795520208532,17993.795520208532,-0.013583382158617407,False,0.004,1.0,0.0
2021-04-16,0.0010753434227579908,0.017782477017940772,17782.47701794077,-0.0010753434227579908,False,0.004,1.0,0.0
2021-04-19,-0.004676340967425219,0.017260150974128894,17260.150974128894,0.004676340967425219,False,0.004,1.0,0.0
2021-04-20,-0.0029142128467659623,0.017406061182037094,17406.061182037094,0.0029142128467659623,False,0.004,1.0,0.0
2021-04-21,0.007217281863295755,0.0181526687016406,18152.6687016406,-0.007217281863295755,False,0.004,1.0,0.0
2021-04-22,-0.005364614624433451,0.017536669539163347,17536.669539163348,0.005364614624433451,False,0.004,1.0,0.0
2021-04-23,0.006347024003575541,0.017603468128942878,17603.468128942877,-0.006347024003575541,False,0.004,1.0,0.0
2021-04-26,0.0022191947369510695,0.017457415021599285,17457.415021599285,-0.0022191947369510695,False,0.004,1.0,0.0
2021-04-27,-0.003267332736898898,0.018395499000502257,18395.499000502256,0.003267332736898898,False,0.004,1.0,0.0
2021-04-28,0.0014849734725956188,0.017817840406146424,17817.840406146424,-0.0014849734725956188,False,0.004,1.0,0.0
2021-04-29,0.00010446715423819687,0.018091394432265935,18091.394432265934,-0.00010446715423819687,False,0.004,1.0,0.0
2021-04-30,-0.006366712925825868,0.01744155645680526,17441.55645680526,0.006366712925825868,False,0.004,1.0,0.0
2021-05-03,0.0020819564145141637,0.017733033222073667,17733.033222073667,-0.0020819564145141637,False,0.004,1.0,0.0
2021-05-04,-0.007201918492219073,0.017385255460055007,17385.255460055007,0.007201918492219073,False,0.004,1.0,0.0
2021-05-05,0.0014852274732402916,0.016755343677581216,16755.343677581215,-0.0014852274732402916,False,0.004,1.0,0.0
2021-05-06,0.00867207779940351,0.01757370568663299,17573.705686632988,-0.00867207779940351,False,0.004,1.0,0.0
2021-05-07,0.005960685295834712,0.016918911475457418,16918.91147545742,-0.005960685295834712,False,0.004,1.0,0.0
2021-05-10,-0.012034533677665715,0.01734992643990418,17349.926439904182,0.012034533677665715,False,0.004,1.0,0.0
2021-05-11,-0.0037168486120356284,0.01684717307019412,16847.17307019412,0.0037168486120356284,False,0.004,1.0,0.0
2021-05-12,-0.019040480184391993,0.017602658065564544,17602.658065564545,0.019040480184391993,True,0.008,2.0,0.0014378221188274497
2021-05-13,0.00481109837605067,0.017599034162911906,17599.034162911907,-0.00481109837605067,False,0.008,2.0,0.0
2021-05-14,0.01479458423248774,0.018912047335911314,18912.047335911313,-0.01479458423248774,False,0.008,2.0,0.0
2021-05-17,-6.21475238267174e-06,0.017485419733909404,17485.419733909403,6.21475238267174e-06,False,0.008,2.0,0.0
2021-05-18,-0.0005114733973386132,0.016849066671806138,16849.066671806137,0.0005114733973386132,False,0.008,2.0,0.0
2021-05-19,-0.0012383077602857284,0.017567149074363415,17567.149074363417,0.0012383077602857284,False,0.008,2.0,0.0
2021-05-20,0.009739470345892665,0.017055073789708646,17055.073789708647,-0.009739470345892665,False,0.008,2.0,0.0
2021-05-21,-0.002845058863701433,0.017195313655718625,17195.313655718626,0.002845058863701433,False,0.008,2.0,0.0
2021-05-24,0.008151681685754442,0.01695271473956244,16952.71473956244,-0.008151681685754442,False,0.008,2.0,0.0
2021-05-25,0.005478663649349258,0.017631184542276707,17631.184542276707,-0.005478663649349258,False,0.008,2.0,0.0
2021-05-26,0.0018794918040069943,0.01764336345375495,17643.363453754948,-0.0018794918040069943,False,0.008,2.0,0.0
2021-05-27,-0.0013322021128601815,0.017782515475993188,17782.515475993187,0.0013322021128601815,False,0.008,2.0,0.0
2021-05-28,0.002709292141592346,0.017443701066257873,17443.701066257872,-0.002709292141592346,False,0.008,2.0,0.0
2021-06-01,0.0026948001886573317,0.018252353346579195,18252.353346579195,-0.0026948001886573317,False,0.008,2.0,0.0
2021-06-02,0.002467654260183316,0.017417458992202744,17417.458992202744,-0.002467654260183316,False,0.008,2.0,0.0
2021-06-03,-0.009629238608030865,0.017085030335965676,17085.030335965675,0.009629238608030865,False,0.008,2.0,0.0
2021-06-04,0.011920888110626705,0.01806740080348665,18067.40080348665,-0.011920888110626705,False,0.008,2.0,0.0
2021-06-07,-0.0004114594005298233,0.016283226721384245,16283.226721384246,0.0004114594005298233,False,0.008,2.0,0.0
2021-06-08,-4.472140879383516e-05,0.017746968077559003,17746.968077559002,4.472140879383516e-05,False,0.008,2.0,0.0
2021-06-09,0.0005541860543671673,0.017909602896548298,17909.6028965483,-0.0005541860543671673,False,0.004,1.0,0.0
2021-06-10,0.00667487692340143,0.016841513199357942,16841.51319935794,-0.00667487692340143,False,0.004,1.0,0.0
2021-06-11,-0.0024045569866696375,0.017508979509617342,17508.979509617344,0.0024045569866696375,False,0.004,1.0,0.0
2021-06-14,0.00020283758499533024,0.017751495251899237,17751.495251899236,-0.00020283758499533024,False,0.004,1.0,0.0
2021-06-15,-0.004040169321902277,0.01619887744424628,16198.877444246278,0.004040169321902277,False,0.004,1.0,0.0
2021-06-16,-0.008119936011926464,0.016767234888499707,16767.234888499708,0.008119936011926464,False,0.004,1.0,0.0
2021-06-17,0.00042424597495556107,0.01654533867413562,16545.33867413562,-0.00042424597495556107,False,0.004,1.0,0.0
2021-06-18,-0.003007433387833647,0.017181618419162582,17181.618419162583,0.003007433387833647,False,0.004,1.0,0.0
2021-06-21,0.004055159064969339,0.017653960688867234,17653.960688867235,-0.004055159064969339,False,0.004,1.0,0.0
2021-06-22,0.0016654799906533626,0.01687559624825547,16875.59624825547,-0.0016654799906533626,False,0.004,1.0,0.0
2021-06-23,0.0004267880691329661,0.017122949125812807,17122.949125812807,-0.0004267880691329661,False,0.004,1.0,0.0
2021-06-24,0.004453899342201684,0.01706126719265345,17061.26719265345,-0.004453899342201684,False,0.004,1.0,0.0
2021-06-25,0.0007218966939426918,0.01745590152971776,17455.901529717758,-0.0007218966939426918,False,0.004,1.0,0.0
2021-06-28,0.0050599191836100624,0.01705807778829229,17058.077788292292,-0.0050599191836100624,False,0.004,1.0,0.0
2021-06-29,-0.0010792145223646802,0.01762987980834743,17629.87980834743,0.0010792145223646802,False,0.004,1.0,0.0
2021-06-30,0.00041721825251239675,0.01752520706765957,17525.20706765957,-0.00041721825251239675,False,0.004,1.0,0.0
2021-07-01,0.0007614253646986314,0.01694518795614578,16945.187956145783,-0.0007614253646986314,False,0.004,1.0,0.0
2021-07-02,0.006124264072698615,0.016488154702840634,16488.154702840635,-0.006124264072698615,False,0.004,1.0,0.0
2021-07-06,0.0003316942066927011,0.016364340778031557,16364.340778031557,-0.0003316942066927011,False,0.004,1.0,0.0
2021-07-07,0.0034390207543025355,0.01731084989345682,17310.84989345682,-0.0034390207543025355,False,0.004,1.0,0.0
2021-07-08,-0.006350924894675015,0.017987139609191315,17987.139609191316,0.006350924894675015,False,0.004,1.0,0.0
2021-07-09,0.004692674132049347,0.017436597489400546,17436.597489400545,-0.004692674132049347,False,0.004,1.0,0.0
2021-07-12,0.0011767963907725056,0.01682140211464939,16821.40211464939,-0.0011767963907725056,False,0.004,1.0,0.0
2021-07-13,-0.001765645258315285,0.016531769055744147,16531.769055744146,0.001765645258315285,False,0.004,1.0,0.0
2021-07-14,0.005937954159726423,0.01712138036275346,17121.38036275346,-0.005937954159726423,False,0.004,1.0,0.0
2021-07-15,0.0006358229029667982,0.016368701358257635,16368.701358257635,-0.0006358229029667982,False,0.004,1.0,0.0
2021-07-16,-0.007061628378822294,0.0171174810982636,17117.481098263597,0.007061628378822294,False,0.004,1.0,0.0
2021-07-19,-0.003329331215687525,0.01693732721325538,16937.32721325538,0.003329331215687525,False,0.004,1.0,0.0
2021-07-20,0.0036473079955820385,0.017912458009907914,17912.458009907914,-0.0036473079955820385,False,0.004,1.0,0.0
2021-07-21,0.0011725630850875303,0.01730892004424985,17308.920044249848,-0.0011725630850875303,False,0.004,1.0,0.0
2021-07-22,0.004398445914722249,0.016913046232189366,16913.046232189365,-0.004398445914722249,False,0.004,1.0,0.0
2021-07-23,-0.000535912950887507,0.016785503834608306,16785.503834608306,0.000535912950887507,False,0.004,1.0,0.0
2021-07-26,-0.004227461295777624,0.017101182477961465,17101.182477961465,0.004227461295777624,False,0.004,1.0,0.0
2021-07-27,-0.004685946822333964,0.016235746987327233,16235.746987327233,0.004685946822333964,False,0.004,1.0,0.0
2021-07-28,0.007137924674436481,0.016912322593473063,16912.32259347306,-0.007137924674436481,False,0.004,1.0,0.0
2021-07-29,0.0032997418722616302,0.016482316943511852,16482.31694351185,-0.0032997418722616302,False,0.004,1.0,0.0
2021-07-30,-0.00456958209495244,0.017580912914902373,17580.912914902372,0.00456958209495244,False,0.004,1.0,0.0
2021-08-02,0.0025674109749151295,0.016146053844423785,16146.053844423785,-0.0025674109749151295,False,0.004,1.0,0.0
2021-08-03,0.0036507511937057925,0.017450349181588207,17450.349181588208,-0.0036507511937057925,False,0.004,1.0,0.0
2021-08-04,0.0007983001075667407,0.01693730923402426,16937.30923402426,-0.0007983001075667407,False,0.004,1.0,0.0
2021-08-05,0.00042031397811035374,0.016755282656809665,16755.282656809664,-0.00042031397811035374,False,0.004,1.0,0.0
2021-08-06,-0.010564400048185641,0.017385748167136658,17385.74816713666,0.010564400048185641,False,0.004,1.0,0.0
2021-08-09,-0.003403007456833929,0.017319949072330136,17319.949072330135,0.003403007456833929,False,0.004,1.0,0.0
2021-08-10,-0.0013694791154382103,0.016065159000205068,16065.159000205067,0.0013694791154382103,False,0.004,1.0,0.0
2021-08-11,0.003324297281600686,0.016067929661424018,16067.929661424017,-0.003324297281600686,False,0.004,1.0,0.0
2021-08-12,-0.0007170770846160355,0.016397424244181308,16397.424244181308,0.0007170770846160355,False,0.004,1.0,0.0
2021-08-13,0.006588911802380993,0.016476317655025458,16476.317655025457,-0.006588911802380993,False,0.004,1.0,0.0
2021-08-16,0.0002229274890202637,0.01651663069749714,16516.63069749714,-0.0002229274890202637,False,0.004,1.0,0.0
2021-08-17,-0.007119797385031391,0.016618846669930857,16618.846669930856,0.007119797385031391,False,0.004,1.0,0.0
2021-08-18,-0.002968350763073935,0.0169751077624416,16975.1077624416,0.002968350763073935,False,0.004,1.0,0.0
2021-08-19,-0.0012501759497499652,0.016400202996154252,16400.20299615425,0.0012501759497499652,False,0.004,1.0,0.0
2021-08-20,0.003742536403041474,0.016291145102878987,16291.145102878987,-0.003742536403041474,False,0.004,1.0,0.0
2021-08-23,0.010083615106093527,0.01610694865375472,16106.94865375472,-0.010083615106093527,False,0.004,1.0,0.0
2021-08-24,0.0038154430763140293,0.016803203375691106,16803.203375691104,-0.0038154430763140293,False,0.004,1.0,0.0
2021-08-25,-0.002165808096800781,0.016494593947624953,16494.59394762495,0.002165808096800781,False,0.004,1.0,0.0
2021-08-26,-0.0035746389224065927,0.01634813504834204,16348.13504834204,0.0035746389224065927,False,0.004,1.0,0.0
2021-08-27,0.010571411888817873,0.01752680781196339,17526.80781196339,-0.010571411888817873,False,0.004,1.0,0.0
2021-08-30,0.0030850253334332666,0.016454224645236427,16454.224645236427,-0.0030850253334332666,False,0.004,1.0,0.0
2021-08-31,0.0013275021918899288,0.01678175654807135,16781.75654807135,-0.0013275021918899288,False,0.004,1.0,0.0
2021-09-01,0.0033415666524657,0.016342963549329462,16342.963549329463,-0.0033415666524657,False,0.004,1.0,0.0
2021-09-02,-4.08322795574233e-05,0.016631528283905562,16631.52828390556,4.08322795574233e-05,False,0.004,1.0,0.0
2021-09-03,0.0019462833550339955,0.016778185036843123,16778.185036843122,-0.0019462833550339955,False,0.004,1.0,0.0
2021-09-07,-0.0048687444134025044,0.015658541334470043,15658.541334470043,0.0048687444134025044,False,0.004,1.0,0.0
2021-09-08,-0.0029992510608695573,0.01588717758635259,15887.17758635259,0.0029992510608695573,False,0.004,1.0,0.0
2021-09-09,0.0013807274055684937,0.015765226275044758,15765.226275044759,-0.0013807274055684937,False,0.004,1.0,0.0
2021-09-10,-0.006098133057524069,0.015531616522865199,15531.616522865199,0.006098133057524069,False,0.004,1.0,0.0
2021-09-13,0.0027901618954543355,0.015381609592711946,15381.609592711946,-0.0027901618954543355,False,0.004,1.0,0.0
2021-09-14,0.0003924241406155772,0.01565430937531556,15654.30937531556,-0.0003924241406155772,False,0.004,1.0,0.0
2021-09-15,0.0012448055064502082,0.015705295003050585,15705.295003050585,-0.0012448055064502082,False,0.004,1.0,0.0
2021-09-16,-0.007885759341800825,0.015651714155857508,15651.714155857508,0.007885759341800825,False,0.004,1.0,0.0
2021-09-17,-0.006447256353502318,0.015797254993047183,15797.254993047183,0.006447256353502318,False,0.004,1.0,0.0
2021-09-20,-0.008930961953693696,0.016057818633358586,16057.818633358585,0.008930961953693696,False,0.004,1.0,0.0
2021-09-21,0.002699121928253656,0.015791898630340154,15791.898630340154,-0.002699121928253656,False,0.004,1.0,0.0
2021-09-22,0.006767043561895303,0.015447029417858938,15447.029417858937,-0.006767043561895303,False,0.004,1.0,0.0
2021-09-23,-0.0009843722925835909,0.016196273614932595,16196.273614932596,0.0009843722925835909,False,0.004,1.0,0.0
2021-09-24,-0.004068460161232412,0.014933965628062889,14933.965628062888,0.004068460161232412,False,0.004,1.0,0.0
2021-09-27,-0.001187649279069869,0.014694271567919083,14694.271567919084,0.001187649279069869,False,0.004,1.0,0.0
2021-09-28,-0.017331160394928637,0.016215988801969033,16215.988801969033,0.017331160394928637,True,0.008,2.0,0.0011151715929596032
2021-09-29,-0.0024084775116975264,0.01634917473891567,16349.17473891567,0.0024084775116975264,False,0.008,2.0,0.0
2021-09-30,0.001989011985471678,0.015617184546407661,15617.184546407661,-0.001989011985471678,False,0.008,2.0,0.0
2021-10-01,0.005552350417544716,0.01573398037006261,15733.98037006261,-0.005552350417544716,False,0.008,2.0,0.0
2021-10-04,-0.00929105237193948,0.015357145104448577,15357.145104448577,0.00929105237193948,False,0.008,2.0,0.0
2021-10-05,0.0033296034181056204,0.015253170888434014,15253.170888434013,-0.0033296034181056204,False,0.008,2.0,0.0
2021-10-06,0.0026546067122323216,0.015749738559261338,15749.738559261337,-0.0026546067122323216,False,0.008,2.0,0.0
2021-10-07,0.004324798693684762,0.015266110208718223,15266.110208718223,-0.004324798693684762,False,0.008,2.0,0.0
2021-10-08,-0.0019260604670236605,0.01588970087297052,15889.700872970518,0.0019260604670236605,False,0.008,2.0,0.0
2021-10-11,-0.00426044326386883,0.01563890479539235,15638.904795392351,0.00426044326386883,False,0.008,2.0,0.0
2021-10-12,0.0021077960498692818,0.015734128490447558,15734.128490447558,-0.0021077960498692818,False,0.008,2.0,0.0
2021-10-13,0.010599687208519405,0.015345334932761332,15345.334932761332,-0.010599687208519405,False,0.008,2.0,0.0
2021-10-14,0.008905279651651865,0.015147373867429164,15147.373867429164,-0.008905279651651865,False,0.008,2.0,0.0
2021-10-15,0.0008556412981212125,0.015256568406768726,15256.568406768727,-0.0008556412981212125,False,0.008,2.0,0.0
2021-10-18,0.002544362807763445,0.01492872052314208,14928.72052314208,-0.002544362807763445,False,0.008,2.0,0.0
2021-10-19,0.0036039264386428685,0.015641770804842317,15641.770804842317,-0.0036039264386428685,False,0.008,2.0,0.0
2021-10-20,0.0008890807932516734,0.015259891720094782,15259.891720094782,-0.0008890807932516734,False,0.008,2.0,0.0
2021-10-21,2.980079656476074e-05,0.014873168879184469,14873.16887918447,-2.980079656476074e-05,False,0.008,2.0,0.0
2021-10-22,0.0011162660727272124,0.014982660786205488,14982.660786205488,-0.0011162660727272124,False,0.008,2.0,0.0
2021-10-25,0.005235450076052884,0.015944695677796314,15944.695677796313,-0.005235450076052884,False,0.008,2.0,0.0
2021-10-26,-4.855369621648013e-05,0.015295348850911099,15295.3488509111,4.855369621648013e-05,False,0.008,2.0,0.0
2021-10-27,0.0021276066982893085,0.014766797203884182,14766.797203884182,-0.0021276066982893085,False,0.008,2.0,0.0
2021-10-28,0.0036200919385626527,0.014928466471626609,14928.466471626609,-0.0036200919385626527,False,0.008,2.0,0.0
2021-10-29,-0.0026037609613680512,0.014853623395030923,14853.623395030923,0.0026037609613680512,False,0.008,2.0,0.0
2021-11-01,0.0022030329388935677,0.01422371981942839,14223.71981942839,-0.0022030329388935677,False,0.008,2.0,0.0
2021-11-02,0.0003100354829845389,0.015214011934176772,15214.011934176771,-0.0003100354829845389,False,0.008,2.0,0.0
2021-11-03,0.0005580971555678272,0.014444708763694959,14444.708763694958,-0.0005580971555678272,False,0.008,2.0,0.0
2021-11-04,0.007406944207279099,0.014014265644926778,14014.265644926778,-0.007406944207279099,False,0.008,2.0,0.0
2021-11-05,0.006253080152454648,0.014373175498127092,14373.175498127091,-0.006253080152454648,False,0.008,2.0,0.0
2021-11-08,0.0020891160351013574,0.014250425294369429,14250.425294369428,-0.0020891160351013574,False,0.008,2.0,0.0
2021-11-09,0.0007732075640606961,0.014217262610131285,14217.262610131285,-0.0007732075640606961,False,0.008,2.0,0.0
2021-11-10,-0.006853676182752011,0.013667450709663504,13667.450709663504,0.006853676182752011,False,0.008,2.0,0.0
2021-11-11,0.00489506305338292,0.014358197207624056,14358.197207624056,-0.00489506305338292,False,0.008,2.0,0.0
2021-11-12,0.0036543156459823757,0.013745752626977272,13745.752626977272,-0.0036543156459823757,False,0.008,2.0,0.0
2021-11-15,-0.0034518467026192217,0.01415887652981506,14158.876529815061,0.0034518467026192217,False,0.008,2.0,0.0
2021-11-16,0.0005304484051833703,0.014135429136644092,14135.429136644092,-0.0005304484051833703,False,0.008,2.0,0.0
2021-11-17,0.0019918500126056005,0.013572366064697642,13572.366064697642,-0.0019918500126056005,False,0.008,2.0,0.0
2021-11-18,0.00042124988216982775,0.014394023190257713,14394.023190257712,-0.00042124988216982775,False,0.008,2.0,0.0
2021-11-19,0.001026044669495385,0.014140698137397276,14140.698137397276,-0.001026044669495385,False,0.008,2.0,0.0
2021-11-22,-0.011324900038439225,0.013563332051622273,13563.332051622274,0.011324900038439225,False,0.008,2.0,0.0
2021-11-23,-0.005466828830939941,0.014224824398746748,14224.824398746749,0.005466828830939941,False,0.008,2.0,0.0
2021-11-24,0.003920437016615197,0.01421540645776831,14215.40645776831,-0.003920437016615197,False,0.008,2.0,0.0
2021-11-26,-0.010229268041428942,0.013924300724199614,13924.300724199615,0.010229268041428942,False,0.008,2.0,0.0
2021-11-29,0.005690743483185767,0.014399884741404731,14399.88474140473,-0.005690743483185767,False,0.008,2.0,0.0
2021-11-30,-0.005337295083431194,0.014188011056319293,14188.011056319294,0.005337295083431194,False,0.008,2.0,0.0
2021-12-01,-0.002855628566441859,0.013954217548714008,13954.217548714008,0.002855628566441859,False,0.008,2.0,0.0
2021-12-02,0.006094915386007216,0.01426300473851732,14263.00473851732,-0.006094915386007216,False,0.008,2.0,0.0
2021-12-03,-0.00397077096914571,0.013801498534263431,13801.498534263432,0.00397077096914571,False,0.008,2.0,0.0
2021-12-06,0.0022857864884240136,0.014523423750261624,14523.423750261623,-0.0022857864884240136,False,0.008,2.0,0.0
2021-12-07,0.012417931620704413,0.014398426477700269,14398.426477700268,-0.012417931620704413,False,0.008,2.0,0.0
2021-12-08,-0.0011258446134674526,0.014098874023159735,14098.874023159735,0.0011258446134674526,False,0.008,2.0,0.0
2021-12-09,-0.005351450006938508,0.013730152401317032,13730.152401317033,0.005351450006938508,False,0.008,2.0,0.0
2021-12-10,0.004578095374577851,0.01418896000956129,14188.96000956129,-0.004578095374577851,False,0.008,2.0,0.0
2021-12-13,-0.004372707771393802,0.014143795014295343,14143.795014295343,0.004372707771393802,False,0.008,2.0,0.0
2021-12-14,-0.006243737554756046,0.014580261402863226,14580.261402863225,0.006243737554756046,False,0.008,2.0,0.0
2021-12-15,0.006041023779900412,0.01409165243724741,14091.65243724741,-0.006041023779900412,False,0.008,2.0,0.0
2021-12-16,-0.004161304641995534,0.014316905561043175,14316.905561043175,0.004161304641995534,False,0.008,2.0,0.0
2021-12-17,-0.002279892702647124,0.014614785430788604,14614.785430788605,0.002279892702647124,False,0.008,2.0,0.0
2021-12-20,-0.009401498111877094,0.014173430764124284,14173.430764124283,0.009401498111877094,False,0.008,2.0,0.0
2021-12-21,0.010555302556129931,0.014423361657140222,14423.361657140222,-0.010555302556129931,False,0.008,2.0,0.0
2021-12-22,0.008194520876850043,0.014273579827031032,14273.579827031032,-0.008194520876850043,False,0.008,2.0,0.0
2021-12-23,0.002499153031865342,0.014637176696852171,14637.176696852172,-0.002499153031865342,False,0.008,2.0,0.0
2021-12-27,0.007997038259545165,0.014275091356631759,14275.09135663176,-0.007997038259545165,False,0.008,2.0,0.0
2021-12-28,-0.003398794006014838,0.014528884329419295,14528.884329419294,0.003398794006014838,False,0.008,2.0,0.0
2021-12-29,-0.002920211433138409,0.014370184813122579,14370.18481312258,0.002920211433138409,False,0.008,2.0,0.0
2021-12-30,0.004253263776208782,0.015049621666527022,15049.621666527022,-0.004253263776208782,False,0.008,2.0,0.0
2021-12-31,-0.0009723853200912959,0.014464493740948747,14464.493740948747,0.0009723853200912959,False,0.008,2.0,0.0
2022-01-03,-0.003810351814762214,0.014659247677976788,14659.247677976788,0.003810351814762214,False,0.008,2.0,0.0
2022-01-04,-0.002710454526899131,0.014289316026172045,14289.316026172046,0.002710454526899131,False,0.008,2.0,0.0
2022-01-05,-0.014935001902750544,0.015278146082262488,15278.146082262489,0.014935001902750544,False,0.008,2.0,0.0
2022-01-06,-0.0013471452609751468,0.01549756240724074,15497.56240724074,0.0013471452609751468,False,0.008,2.0,0.0
2022-01-07,-0.0016684155519550272,0.01462405132104502,14624.051321045019,0.0016684155519550272,False,0.008,2.0,0.0
2022-01-10,0.0009828084365664847,0.015167526867253723,15167.526867253722,-0.0009828084365664847,False,0.008,2.0,0.0
2022-01-11,0.013193992560799783,0.014904112319827094,14904.112319827094,-0.013193992560799783,False,0.008,2.0,0.0
2022-01-12,0.004414716906378758,0.014881130320447588,14881.130320447588,-0.004414716906378758,False,0.008,2.0,0.0
2022-01-13,-0.009494096362971938,0.014424262150482543,14424.262150482544,0.009494096362971938,False,0.008,2.0,0.0
2022-01-14,-0.002351289169142379,0.015170374583958335,15170.374583958335,0.002351289169142379,False,0.008,2.0,0.0
2022-01-18,-0.01521787652207438,0.014035496048133592,14035.496048133593,0.01521787652207438,True,0.012,3.0,0.001182380473940788
2022-01-19,0.001140589793711588,0.014247298392009625,14247.298392009625,-0.001140589793711588,False,0.012,3.0,0.0
2022-01-20,-0.0029042725694160775,0.014769659381122853,14769.659381122852,0.0029042725694160775,False,0.012,3.0,0.0
2022-01-21,-0.010639159007998967,0.014758545263737368,14758.54526373737,0.010639159007998967,False,0.012,3.0,0.0
2022-01-24,-0.0015956772690565836,0.015105339100525347,15105.339100525347,0.0015956772690565836,False,0.012,3.0,0.0
2022-01-25,-0.007134139673948492,0.015212705963001207,15212.705963001206,0.007134139673948492,False,0.012,3.0,0.0
2022-01-26,-0.008996878226794715,0.015112263156229183,15112.263156229183,0.008996878226794715,False,0.012,3.0,0.0
2022-01-27,-0.004219164585266544,0.014388773330589931,14388.773330589931,0.004219164585266544,False,0.012,3.0,0.0
2022-01-28,0.011691544273565958,0.014753494213215016,14753.494213215015,-0.011691544273565958,False,0.012,3.0,0.0
2022-01-31,0.016704035971448032,0.014063502516633426,14063.502516633425,-0.016704035971448032,False,0.012,3.0,0.0
2022-02-01,0.0034432920108050658,0.014498458587931258,14498.458587931258,-0.0034432920108050658,False,0.012,3.0,0.0
2022-02-02,0.004644828856522221,0.01477541034157648,14775.41034157648,-0.004644828856522221,False,0.012,3.0,0.0
2022-02-03,-0.016775033226556137,0.014556284798810524,14556.284798810524,0.016775033226556137,True,0.016,4.0,0.002218748427745613
2022-02-04,0.0013178140964130948,0.014818324421813633,14818.324421813633,-0.0013178140964130948,False,0.016,4.0,0.0
2022-02-07,-0.0010516407824044506,0.014760243972022106,14760.243972022106,0.0010516407824044506,False,0.016,4.0,0.0
2022-02-08,0.00510242372069818,0.015181859794409072,15181.859794409072,-0.00510242372069818,False,0.016,4.0,0.0
2022-02-09,0.01136249888742107,0.015057454778085401,15057.4547780854,-0.01136249888742107,False,0.016,4.0,0.0
2022-02-10,-0.01338271940694793,0.01509073409150425,15090.73409150425,0.01338271940694793,False,0.016,4.0,0.0
2022-02-11,-0.006543670738432517,0.015592141558883579,15592.141558883579,0.006543670738432517,False,0.016,4.0,0.0
2022-02-14,-0.003219803950698852,0.015090601867527031,15090.601867527032,0.003219803950698852,False,0.016,4.0,0.0
2022-02-15,0.008368195397019076,0.015366489728973623,15366.489728973624,-0.008368195397019076,False,0.016,4.0,0.0
2022-02-16,0.004872476055345132,0.015270227771748074,15270.227771748074,-0.004872476055345132,False,0.016,4.0,0.0
2022-02-17,-0.008329630611200334,0.014918044185246284,14918.044185246285,0.008329630611200334,False,0.016,4.0,0.0
2022-02-18,-0.003608764847514201,0.015075012579503253,15075.012579503253,0.003608764847514201,False,0.016,4.0,0.0
2022-02-22,-0.006048821399978998,0.015644479818206044,15644.479818206044,0.006048821399978998,False,0.016,4.0,0.0
2022-02-23,-0.012857593674186997,0.014858265571229169,14858.265571229169,0.012857593674186997,False,0.016,4.0,0.0
2022-02-24,0.004443405350110874,0.01502861816771847,15028.61816771847,-0.004443405350110874,False,0.016,4.0,0.0
2022-02-25,0.010694020217677536,0.0151373254766386,15137.3254766386,-0.010694020217677536,False,0.016,4.0,0.0
2022-02-28,0.003921974146151497,0.01461083989773193,14610.839897731928,-0.003921974146151497,False,0.016,4.0,0.0
2022-03-01,-0.0028166761851803556,0.01499412236311128,14994.122363111279,0.0028166761851803556,False,0.016,4.0,0.0
2022-03-02,-0.0015356149253534345,0.014732306909009512,14732.306909009512,0.0015356149253534345,False,0.016,4.0,0.0
2022-03-03,-0.0034393614959854044,0.014887264369795193,14887.264369795193,0.0034393614959854044,False,0.016,4.0,0.0
2022-03-04,-0.001925095309565994,0.0141931777138494,14193.1777138494,0.001925095309565994,False,0.016,4.0,0.0
2022-03-07,-0.019310974896339816,0.013991191307566422,13991.191307566422,0.019310974896339816,True,0.02,5.0,0.005319783588773394
2022-03-08,0.0016658375275493632,0.014394501098257852,14394.501098257851,-0.0016658375275493632,False,0.02,5.0,0.0
2022-03-09,0.01032226303912307,0.0147677435513994,14767.7435513994,-0.01032226303912307,False,0.02,5.0,0.0
2022-03-10,-0.009119620171434263,0.013853735905296875,13853.735905296875,0.009119620171434263,False,0.02,5.0,0.0
2022-03-11,-0.011612685393561329,0.014780706323152683,14780.706323152683,0.011612685393561329,False,0.02,5.0,0.0
2022-03-14,-0.01782612568591486,0.014349659415679266,14349.659415679265,0.01782612568591486,True,0.024,6.0,0.0034764662702355953
2022-03-15,0.006869988013316531,0.015001557483593827,15001.557483593828,-0.006869988013316531,False,0.024,6.0,0.0
2022-03-16,0.03117174509089251,0.014364828517726752,14364.828517726752,-0.03117174509089251,False,0.024,6.0,0.0
2022-03-17,0.003387034073172246,0.015099048327213907,15099.048327213908,-0.003387034073172246,False,0.024,6.0,0.0
2022-03-18,0.00983094737550676,0.015280194648063296,15280.194648063296,-0.00983094737550676,False,0.024,6.0,0.0
2022-03-21,-0.006804042390761267,0.014541785682208819,14541.785682208818,0.006804042390761267,False,0.024,6.0,0.0
2022-03-22,0.0058857732955148075,0.014768807716970223,14768.807716970223,-0.0058857732955148075,False,0.024,6.0,0.0
2022-03-23,0.00034531591084594496,0.015173386142195216,15173.386142195217,-0.00034531591084594496,False,0.024,6.0,0.0
2022-03-24,0.00840838970993385,0.014973460493143258,14973.460493143259,-0.00840838970993385,False,0.024,6.0,0.0
2022-03-25,-0.00436935691922622,0.014643771797840674,14643.771797840674,0.00436935691922622,False,0.024,6.0,0.0
2022-03-28,0.0032521941741812557,0.014610766840528222,14610.766840528222,-0.0032521941741812557,False,0.024,6.0,0.0
2022-03-29,0.010923058011013254,0.014433866170291541,14433.866170291541,-0.010923058011013254,False,0.024,6.0,0.0
2022-03-30,-0.0008415176152105408,0.015282165457527334,15282.165457527333,0.0008415176152105408,False,0.024,6.0,0.0
2022-03-31,-0.008004509564859031,0.014838398432321103,14838.398432321104,0.008004509564859031,False,0.024,6.0,0.0
2022-04-01,0.002996496619117339,0.015248615272406126,15248.615272406125,-0.002996496619117339,False,0.024,6.0,0.0
2022-04-04,0.008939875975524925,0.01538417514590927,15384.17514590927,-0.008939875975524925,False,0.024,6.0,0.0
2022-04-05,-0.016420829113842683,0.014591060503257307,14591.060503257308,0.016420829113842683,True,0.028,7.0,0.0018297686105853764
2022-04-06,-0.010109552693392887,0.015543392613499575,15543.392613499576,0.010109552693392887,False,0.028,7.0,0.0
2022-04-07,-0.0008572784756324614,0.01520815107138456,15208.15107138456,0.0008572784756324614,False,0.028,7.0,0.0
2022-04-08,-0.004065393906187542,0.015662629712225592,15662.629712225591,0.004065393906187542,False,0.028,7.0,0.0
2022-04-11,-0.012815776681298874,0.015462800430686258,15462.800430686259,0.012815776681298874,False,0.028,7.0,0.0
2022-04-12,-0.0009576512786396485,0.015853640765788712,15853.640765788712,0.0009576512786396485,False,0.028,7.0,0.0
2022-04-13,0.010342993048924142,0.015517350947141122,15517.350947141122,-0.010342993048924142,False,0.028,7.0,0.0
2022-04-14,-0.014322236165856062,0.015402035904964865,15402.035904964865,0.014322236165856062,False,0.028,7.0,0.0
2022-04-18,-0.0008166774519639874,0.015283067619029403,15283.067619029403,0.0008166774519639874,False,0.028,7.0,0.0
2022-04-19,0.0021798429497303035,0.015936418739942913,15936.418739942914,-0.0021798429497303035,False,0.028,7.0,0.0
2022-04-20,0.0007531697385821934,0.015891723062881988,15891.723062881987,-0.0007531697385821934,False,0.028,7.0,0.0
2022-04-21,-0.013173252386647506,0.01526115414771257,15261.15414771257,0.013173252386647506,False,0.028,7.0,0.0
2022-04-22,-0.015705612591435505,0.015569818325958258,15569.818325958258,0.015705612591435505,True,0.032,8.0,0.00013579426547724767
2022-04-25,0.0006717818941358142,0.016294584849350584,16294.584849350584,-0.0006717818941358142,False,0.032,8.0,0.0
2022-04-26,-0.015396424129730569,0.016232840195361222,16232.840195361223,0.015396424129730569,False,0.032,8.0,0.0
2022-04-27,-0.001420935236227239,0.01605968593267255,16059.685932672552,0.001420935236227239,False,0.032,8.0,0.0
2022-04-28,0.016415196157233677,0.015419008328796757,15419.008328796757,-0.016415196157233677,False,0.032,8.0,0.0
2022-04-29,-0.01829778755773699,0.016759050756917422,16759.050756917422,0.01829778755773699,True,0.036,9.0,0.0015387368008195693
2022-05-02,-0.0029148730026891554,0.016648260275163435,16648.260275163437,0.0029148730026891554,False,0.036,9.0,0.0
2022-05-03,0.004473618051440287,0.016449072865091667,16449.072865091668,-0.004473618051440287,False,0.036,9.0,0.0
2022-05-04,0.018077532964747345,0.016560520531975088,16560.52053197509,-0.018077532964747345,False,0.036,9.0,0.0
2022-05-05,-0.03080318652216927,0.01680417047836628,16804.170478366283,0.03080318652216927,True,0.04,10.0,0.013999016043802989
2022-05-06,-0.008952779942888744,0.01639295691547173,16392.95691547173,0.008952779942888744,False,0.04,10.0,0.0
2022-05-09,-0.021131253548192588,0.018166820588115733,18166.820588115734,0.021131253548192588,True,0.04,10.0,0.0029644329600768543
2022-05-10,0.003972688526211954,0.017863522678504957,17863.522678504956,-0.003972688526211954,False,0.04,10.0,0.0
2022-05-11,-0.005023053933261523,0.017784510164587854,17784.510164587853,0.005023053933261523,False,0.04,10.0,0.0
2022-05-12,-0.005432585330748197,0.01741433660944358,17414.33660944358,0.005432585330748197,False,0.04,10.0,0.0
2022-05-13,0.013148401505710727,0.017366225569102365,17366.225569102364,-0.013148401505710727,False,0.04,10.0,0.0
2022-05-16,-0.0022193572366973947,0.017760453532872315,17760.453532872314,0.0022193572366973947,False,0.04,10.0,0.0
2022-05-17,0.010531232899564237,0.016773455856398247,16773.455856398246,-0.010531232899564237,False,0.04,10.0,0.0
2022-05-18,-0.018302436570460334,0.01772253075314008,17722.53075314008,0.018302436570460334,True,0.044,11.0,0.0005799058173202552
2022-05-19,0.004295680209268871,0.017836053329292192,17836.05332929219,-0.004295680209268871,False,0.044,11.0,0.0
2022-05-20,0.0027051843127951173,0.017786557905116327,17786.557905116326,-0.0027051843127951173,False,0.044,11.0,0.0
2022-05-23,0.006213812150775033,0.017774107399727478,17774.107399727476,-0.006213812150775033,False,0.044,11.0,0.0
2022-05-24,-0.0038024118638136485,0.018743430528913377,18743.430528913377,0.0038024118638136485,False,0.044,11.0,0.0
2022-05-25,0.005132947758916551,0.018071932702185215,18071.932702185215,-0.005132947758916551,False,0.044,11.0,0.0
2022-05-26,0.011390231573097421,0.01731843858698749,17318.43858698749,-0.011390231573097421,False,0.044,11.0,0.0
2022-05-27,0.01433950366870902,0.01746636824781893,17466.368247818933,-0.01433950366870902,False,0.044,11.0,0.0
2022-05-31,-0.005057693702583,0.01781733404132667,17817.334041326667,0.005057693702583,False,0.044,11.0,0.0
2022-06-01,-0.003458783054380477,0.017325510259180846,17325.510259180846,0.003458783054380477,False,0.044,11.0,0.0
2022-06-02,0.015299144882297756,0.0179732339614088,17973.2339614088,-0.015299144882297756,False,0.044,11.0,0.0
2022-06-03,-0.014196999193002881,0.017787896883951285,17787.896883951285,0.014196999193002881,False,0.044,11.0,0.0
2022-06-06,-0.002208693655978977,0.017821028303583213,17821.028303583214,0.002208693655978977,False,0.044,11.0,0.0
2022-06-07,0.007717612323751189,0.018605760264122594,18605.760264122593,-0.007717612323751189,False,0.044,11.0,0.0
2022-06-08,-0.004494227878466362,0.01778789234110989,17787.89234110989,0.004494227878466362,False,0.044,11.0,0.0
2022-06-09,-0.014816697418314553,0.01790758674208912,17907.58674208912,0.014816697418314553,False,0.044,11.0,0.0
2022-06-10,-0.013623255074092544,0.01810228034702466,18102.28034702466,0.013623255074092544,False,0.044,11.0,0.0
2022-06-13,-0.03545334917852734,0.018555913469238735,18555.913469238734,0.03545334917852734,True,0.048,12.0,0.016897435709288606
2022-06-14,-0.0015914532691622353,0.01855227124058626,18552.271240586262,0.0015914532691622353,False,0.048,12.0,0.0
2022-06-15,0.01682141471253762,0.020043685201267012,20043.685201267013,-0.01682141471253762,False,0.048,12.0,0.0
2022-06-16,-0.016984059545727927,0.019617884379848866,19617.884379848867,0.016984059545727927,False,0.048,12.0,0.0
2022-06-17,0.0026221476703998992,0.019857006739073656,19857.006739073655,-0.0026221476703998992,False,0.048,12.0,0.0
2022-06-21,0.009169397931646285,0.020032191171025553,20032.19117102555,-0.009169397931646285,False,0.048,12.0,0.0
2022-06-22,0.002070453641075698,0.020138840303472592,20138.840303472592,-0.002070453641075698,False,0.048,12.0,0.0
2022-06-23,0.005962430507833516,0.019670546208767167,19670.546208767166,-0.005962430507833516,False,0.048,12.0,0.0
2022-06-24,0.01497760599168543,0.01930901199071292,19309.01199071292,-0.01497760599168543,False,0.048,12.0,0.0
2022-06-27,-0.003913518640973645,0.019770714524657042,19770.714524657044,0.003913518640973645,False,0.048,12.0,0.0
2022-06-28,-0.010806038775153804,0.01993728933388258,19937.28933388258,0.010806038775153804,False,0.048,12.0,0.0
2022-06-29,0.0021978339433682105,0.01963461481270487,19634.61481270487,-0.0021978339433682105,False,0.048,12.0,0.0
2022-06-30,-0.004507719472910487,0.019778568008382395,19778.568008382394,0.004507719472910487,False,0.048,12.0,0.0
2022-07-01,0.004075707365861647,0.019921178317142213,19921.178317142214,-0.004075707365861647,False,0.048,12.0,0.0
2022-07-05,-0.00042473966200111705,0.019671079357393116,19671.079357393115,0.00042473966200111705,False,0.048,12.0,0.0
2022-07-06,-0.005782701640752341,0.019399803474973765,19399.803474973767,0.005782701640752341,False,0.048,12.0,0.0
2022-07-07,0.009646480731565422,0.019903462201784183,19903.462201784183,-0.009646480731565422,False,0.048,12.0,0.0
2022-07-08,-0.0020424696052289805,0.01948447203407789,19484.472034077888,0.0020424696052289805,False,0.048,12.0,0.0
2022-07-11,-0.009518796200013791,0.019181663782233443,19181.66378223344,0.009518796200013791,False,0.048,12.0,0.0
2022-07-12,-0.004031113378353469,0.01943162236395485,19431.62236395485,0.004031113378353469,False,0.048,12.0,0.0
2022-07-13,0.0013251630610075838,0.02084258057906415,20842.58057906415,-0.0013251630610075838,False,0.048,12.0,0.0
2022-07-14,-0.0060176641431398895,0.020064032711626614,20064.032711626613,0.0060176641431398895,False,0.048,12.0,0.0
2022-07-15,0.009213605873166131,0.019603810753558208,19603.81075355821,-0.009213605873166131,False,0.048,12.0,0.0
2022-07-18,-0.0038410391857725216,0.01972373051531368,19723.73051531368,0.0038410391857725216,False,0.048,12.0,0.0
2022-07-19,0.014243517198596246,0.020258532199387076,20258.532199387075,-0.014243517198596246,False,0.048,12.0,0.0
2022-07-20,0.0022305123888566314,0.019679712082404457,19679.712082404458,-0.0022305123888566314,False,0.048,12.0,0.0
2022-07-21,0.013470997881598825,0.019654800141352843,19654.800141352844,-0.013470997881598825,False,0.048,12.0,0.0
2022-07-22,-0.0035104074506782106,0.01964367921237746,19643.67921237746,0.0035104074506782106,False,0.048,12.0,0.0
2022-07-25,-0.0026904662045711845,0.01911565212551081,19115.65212551081,0.0026904662045711845,False,0.048,12.0,0.0
2022-07-26,-0.007947033130807957,0.019772122091038673,19772.122091038673,0.007947033130807957,False,0.048,12.0,0.0
2022-07-27,0.018278308555673098,0.02023678743507723,20236.78743507723,-0.018278308555673098,False,0.048,12.0,0.0
2022-07-28,0.009343723146244499,0.019959154789406897,19959.154789406897,-0.009343723146244499,False,0.048,12.0,0.0
2022-07-29,0.005635453977239391,0.020442797351013568,20442.797351013567,-0.005635453977239391,False,0.048,12.0,0.0
2022-08-01,0.0035357843393407865,0.01991713192673443,19917.13192673443,-0.0035357843393407865,False,0.048,12.0,0.0
2022-08-02,-0.008294533592343778,0.02029384392824981,20293.843928249808,0.008294533592343778,False,0.048,12.0,0.0
2022-08-03,0.013787434542136223,0.020381268022325517,20381.268022325516,-0.013787434542136223,False,0.048,12.0,0.0
2022-08-04,0.005450306445694597,0.02050515526079441,20505.15526079441,-0.005450306445694597,False,0.048,12.0,0.0
2022-08-05,-0.008781851843207213,0.019295808201526175,19295.808201526175,0.008781851843207213,False,0.048,12.0,0.0
2022-08-08,0.004293325131243653,0.019347831254233616,19347.831254233617,-0.004293325131243653,False,0.048,12.0,0.0
2022-08-09,-0.003971375566898305,0.02018794336099645,20187.94336099645,0.003971375566898305,False,0.048,12.0,0.0
2022-08-10,0.010476819164525787,0.020629989265283748,20629.989265283748,-0.010476819164525787,False,0.048,12.0,0.0
2022-08-11,-0.005533886964799817,0.02036917792160144,20369.17792160144,0.005533886964799817,False,0.048,12.0,0.0
2022-08-12,0.013264795799811635,0.019976332555168244,19976.332555168243,-0.013264795799811635,False,0.048,12.0,0.0
2022-08-15,-0.0012317121790713424,0.019954625933812448,19954.625933812447,0.0012317121790713424,False,0.048,12.0,0.0
2022-08-16,0.00035597424682973775,0.020800221909957683,20800.221909957683,-0.00035597424682973775,False,0.048,12.0,0.0
2022-08-17,-0.007914324652884242,0.019738405356210558,19738.40535621056,0.007914324652884242,False,0.048,12.0,0.0
2022-08-18,-0.00029534641029891327,0.019274279312170815,19274.279312170816,0.00029534641029891327,False,0.048,12.0,0.0
2022-08-19,-0.013991083685368898,0.02034614971987005,20346.14971987005,0.013991083685368898,False,0.048,12.0,0.0
2022-08-22,-0.01318403480554038,0.020192120339659822,20192.12033965982,0.01318403480554038,False,0.048,12.0,0.0
2022-08-23,0.0007101447008614813,0.019952191264346122,19952.191264346122,-0.0007101447008614813,False,0.048,12.0,0.0
2022-08-24,0.0002954891383724513,0.020308036362260164,20308.036362260165,-0.0002954891383724513,False,0.048,12.0,0.0
2022-08-25,0.014086720982338362,0.020910866084980075,20910.866084980076,-0.014086720982338362,False,0.048,12.0,0.0
2022-08-26,-0.018845463091126804,0.020274515531368487,20274.515531368488,0.018845463091126804,False,0.048,12.0,0.0
2022-08-29,-0.006074173006489692,0.020994459760933882,20994.45976093388,0.006074173006489692,False,0.048,12.0,0.0
2022-08-30,-0.007958267641349192,0.020937535818629695,20937.535818629694,0.007958267641349192,False,0.048,12.0,0.0
2022-08-31,-0.005429194150353434,0.021102646343004412,21102.646343004413,0.005429194150353434,False,0.048,12.0,0.0
2022-09-01,-0.0062774891827538605,0.02187752931825066,21877.52931825066,0.0062774891827538605,False,0.048,12.0,0.0
2022-09-02,-0.003882711123824789,0.020841638647198988,20841.638647198986,0.003882711123824789,False,0.048,12.0,0.0
2022-09-06,-0.010686312033050972,0.020478966312344426,20478.966312344426,0.010686312033050972,False,0.048,12.0,0.0
2022-09-07,0.014605573861975609,0.02239718657947083,22397.18657947083,-0.014605573861975609,False,0.048,12.0,0.0
2022-09-08,-0.0019948420066644213,0.021731557798217067,21731.55779821707,0.0019948420066644213,False,0.048,12.0,0.0
2022-09-09,0.011946853452175122,0.020743031282707193,20743.031282707194,-0.011946853452175122,False,0.048,12.0,0.0
2022-09-12,0.006871302296493908,0.021633302271725958,21633.30227172596,-0.006871302296493908,False,0.048,12.0,0.0
2022-09-13,-0.027965401172951033,0.021565460498909367,21565.460498909368,0.027965401172951033,True,0.052,13.0,0.006399940674041666
2022-09-14,0.003258231531945599,0.020573986219546734,20573.986219546732,-0.003258231531945599,False,0.052,13.0,0.0
2022-09-15,-0.011593973886520392,0.02226889546022628,22268.895460226282,0.011593973886520392,False,0.052,13.0,0.0
2022-09-16,-0.005141370958954417,0.02191177602982592,21911.77602982592,0.005141370958954417,False,0.052,13.0,0.0
2022-09-19,0.004364461204301362,0.021939410064511222,21939.410064511223,-0.004364461204301362,False,0.052,13.0,0.0
2022-09-20,-0.00813309466151575,0.02232925383860306,22329.253838603057,0.00813309466151575,False,0.052,13.0,0.0
2022-09-21,-0.006132969047752491,0.02242245037509425,22422.45037509425,0.006132969047752491,False,0.052,13.0,0.0
2022-09-22,-0.010337855091646154,0.02180556860850134,21805.56860850134,0.010337855091646154,False,0.052,13.0,0.0
2022-09-23,-0.014179298524305085,0.021270668941517894,21270.668941517895,0.014179298524305085,False,0.052,13.0,0.0
2022-09-26,-0.011400678879796256,0.02186171022151762,21861.71022151762,0.011400678879796256,False,0.048,12.0,0.0
2022-09-27,-0.005511677556988115,0.021543395600062198,21543.3956000622,0.005511677556988115,False,0.048,12.0,0.0
2022-09-28,0.02051388939613279,0.021399338444097766,21399.338444097764,-0.02051388939613279,False,0.048,12.0,0.0
2022-09-29,-0.015485369187734889,0.022843684136516926,22843.684136516928,0.015485369187734889,False,0.048,12.0,0.0
2022-09-30,-0.009795897817770216,0.022564194676940572,22564.194676940573,0.009795897817770216,False,0.048,12.0,0.0
2022-10-03,0.02128061501883547,0.020936149892913886,20936.149892913887,-0.02128061501883547,False,0.048,12.0,0.0
2022-10-04,0.02133692365765476,0.02340721994868113,23407.21994868113,-0.02133692365765476,False,0.048,12.0,0.0
2022-10-05,-0.003482607024848661,0.02239419541020145,22394.19541020145,0.003482607024848661,False,0.048,12.0,0.0
2022-10-06,-0.006176004598006712,0.02269263795231135,22692.63795231135,0.006176004598006712,False,0.048,12.0,0.0
2022-10-07,-0.02150827927459491,0.022155879664459425,22155.879664459426,0.02150827927459491,False,0.048,12.0,0.0
2022-10-10,-0.012480946611245925,0.022492928029627057,22492.928029627055,0.012480946611245925,False,0.048,12.0,0.0
2022-10-11,-0.006727006684982917,0.022395169071933414,22395.169071933415,0.006727006684982917,False,0.048,12.0,0.0
2022-10-12,0.0015542316418942106,0.02194423573319505,21944.235733195048,-0.0015542316418942106,False,0.048,12.0,0.0
2022-10-13,0.007248233897972688,0.0236078088292654,23607.8088292654,-0.007248233897972688,False,0.048,12.0,0.0
2022-10-14,-0.017705630515526653,0.02318444348918445,23184.44348918445,0.017705630515526653,False,0.048,12.0,0.0
2022-10-17,0.016840499329294812,0.0234140515704554,23414.051570455398,-0.016840499329294812,False,0.048,12.0,0.0
2022-10-18,0.00488751400982026,0.023435916846307657,23435.916846307657,-0.00488751400982026,False,0.048,12.0,0.0
2022-10-19,-0.012107900421371755,0.02398680858078587,23986.80858078587,0.012107900421371755,False,0.048,12.0,0.0
2022-10-20,-0.005157881697005018,0.02391760090649917,23917.60090649917,0.005157881697005018,False,0.048,12.0,0.0
2022-10-21,0.012562079370525248,0.02413949763371601,24139.497633716008,-0.012562079370525248,False,0.048,12.0,0.0
2022-10-24,-0.005252579474432517,0.022996971516550863,22996.971516550864,0.005252579474432517,False,0.048,12.0,0.0
2022-10-25,0.015259394895258627,0.023447557815347693,23447.557815347693,-0.015259394895258627,False,0.048,12.0,0.0
2022-10-26,0.0015020209276453088,0.02293599279766344,22935.992797663443,-0.0015020209276453088,False,0.048,12.0,0.0
2022-10-27,-0.004477864530816399,0.022444238931855372,22444.238931855372,0.004477864530816399,False,0.048,12.0,0.0
2022-10-28,0.006243979694579061,0.024050169615511374,24050.169615511375,-0.006243979694579061,False,0.048,12.0,0.0
2022-10-31,-0.007411410661352202,0.023425418762342123,23425.418762342124,0.007411410661352202,False,0.048,12.0,0.0
2022-11-01,0.00467638382522757,0.02384309727111087,23843.09727111087,-0.00467638382522757,False,0.048,12.0,0.0
2022-11-02,-0.015802918162017267,0.023254986777818752,23254.98677781875,0.015802918162017267,False,0.048,12.0,0.0
2022-11-03,-0.006648563656593521,0.02402207679015384,24022.076790153842,0.006648563656593521,False,0.048,12.0,0.0
2022-11-04,0.017340119421577076,0.023617502386668453,23617.502386668453,-0.017340119421577076,False,0.048,12.0,0.0
2022-11-07,0.0014347279562353153,0.022937859406306393,22937.859406306394,-0.0014347279562353153,False,0.048,12.0,0.0
2022-11-08,0.010779084847522791,0.023798782661313706,23798.782661313708,-0.010779084847522791,False,0.048,12.0,0.0
2022-11-09,-0.01253577953070977,0.024705133959975156,24705.133959975155,0.01253577953070977,False,0.048,12.0,0.0
2022-11-10,0.046784594827276794,0.02436432863059925,24364.32863059925,-0.046784594827276794,False,0.048,12.0,0.0
2022-11-11,0.011646848838573209,0.025246713305626094,25246.713305626094,-0.011646848838573209,False,0.048,12.0,0.0
2022-11-14,-0.00470987329537167,0.024662148184196358,24662.148184196358,0.00470987329537167,False,0.048,12.0,0.0
2022-11-15,0.013000345736652453,0.024674500044929222,24674.500044929224,-0.013000345736652453,False,0.048,12.0,0.0
2022-11-16,-0.0035371215076064346,0.0251206399038902,25120.6399038902,0.0035371215076064346,False,0.048,12.0,0.0
2022-11-17,-0.004250632448205983,0.024168155792947114,24168.155792947113,0.004250632448205983,False,0.048,12.0,0.0
2022-11-18,-0.002989346394173564,0.024340003665416027,24340.00366541603,0.002989346394173564,False,0.048,12.0,0.0
2022-11-21,-0.005584034878707312,0.02471182523953593,24711.82523953593,0.005584034878707312,False,0.048,12.0,0.0
2022-11-22,0.009124423088078615,0.026299342693254527,26299.342693254526,-0.009124423088078615,False,0.048,12.0,0.0
2022-11-23,0.009649608009827794,0.02441263001917888,24412.63001917888,-0.009649608009827794,False,0.048,12.0,0.0
2022-11-25,-0.0028153351012012214,0.025321900609379763,25321.90060937976,0.0028153351012012214,False,0.048,12.0,0.0
2022-11-28,-0.008043294634008326,0.02476679014198371,24766.79014198371,0.008043294634008326,False,0.048,12.0,0.0
2022-11-29,0.001093921058968417,0.026572690530285888,26572.690530285887,-0.001093921058968417,False,0.048,12.0,0.0
2022-11-30,0.025224368857330107,0.025009715271854707,25009.715271854708,-0.025224368857330107,False,0.048,12.0,0.0
2022-12-01,0.009506442760792178,0.02487184964957099,24871.849649570988,-0.009506442760792178,False,0.048,12.0,0.0
2022-12-02,0.0015581587729525338,0.02511833073966683,25118.330739666828,-0.0015581587729525338,False,0.048,12.0,0.0
2022-12-05,-0.015463878247011722,0.02536392856452684,25363.92856452684,0.015463878247011722,False,0.048,12.0,0.0
2022-12-06,-0.004159331419998469,0.025832372875108756,25832.372875108755,0.004159331419998469,False,0.048,12.0,0.0
2022-12-07,0.004185294271849038,0.025463145084343445,25463.145084343443,-0.004185294271849038,False,0.048,12.0,0.0
2022-12-08,0.005976041442634795,0.025176491714931564,25176.491714931562,-0.005976041442634795,False,0.048,12.0,0.0
2022-12-09,-0.008587307453934013,0.02514114172013418,25141.14172013418,0.008587307453934013,False,0.048,12.0,0.0
2022-12-12,0.003766122178607279,0.024700335755496617,24700.335755496617,-0.003766122178607279,False,0.048,12.0,0.0
2022-12-13,0.010441570366479658,0.025328966097847915,25328.966097847915,-0.010441570366479658,False,0.048,12.0,0.0
2022-12-14,-0.0022901324673960445,0.02540210239523593,25402.102395235932,0.0022901324673960445,False,0.048,12.0,0.0
2022-12-15,-0.018709406229072825,0.023943045890599618,23943.045890599617,0.018709406229072825,False,0.048,12.0,0.0
2022-12-16,-0.004177143794118332,0.025915001721268892,25915.00172126889,0.004177143794118332,False,0.048,12.0,0.0
2022-12-19,-0.008272612699598848,0.025468062026213153,25468.062026213152,0.008272612699598848,False,0.048,12.0,0.0
2022-12-20,-0.0001674855264528704,0.02548903369859811,25489.033698598112,0.0001674855264528704,False,0.048,12.0,0.0
2022-12-21,0.007859819289544401,0.024902162105973943,24902.162105973945,-0.007859819289544401,False,0.048,12.0,0.0
2022-12-22,-0.011982503273453694,0.025514048794423407,25514.04879442341,0.011982503273453694,False,0.048,12.0,0.0
2022-12-23,-0.0009962463316232962,0.025289798172652027,25289.798172652027,0.0009962463316232962,False,0.048,12.0,0.0
2022-12-27,-0.0029219571094186267,0.024945115844245584,24945.115844245585,0.0029219571094186267,False,0.048,12.0,0.0
2022-12-28,-0.010125482661955764,0.0243404004480323,24340.400448032302,0.010125482661955764,False,0.048,12.0,0.0
2022-12-29,0.015198275462004007,0.025338965181159565,25338.965181159565,-0.015198275462004007,False,0.048,12.0,0.0
2022-12-30,-0.004694225941383224,0.02570482660800418,25704.82660800418,0.004694225941383224,False,0.048,12.0,0.0
2023-01-03,0.00498561487029967,0.025447869807976913,25447.869807976913,-0.00498561487029967,False,0.048,12.0,0.0
2023-01-04,0.013137043723996378,0.0254139443678514,25413.9443678514,-0.013137043723996378,False,0.048,12.0,0.0
2023-01-05,-0.0076774122564939,0.02525047474025393,25250.47474025393,0.0076774122564939,False,0.048,12.0,0.0
2023-01-06,0.02170604695082985,0.025481268442273542,25481.268442273544,-0.02170604695082985,False,0.048,12.0,0.0
2023-01-09,0.004192417331769116,0.025407626729325995,25407.626729325995,-0.004192417331769116,False,0.048,12.0,0.0
2023-01-10,0.001957455637545014,0.02576336565197881,25763.365651978813,-0.001957455637545014,False,0.048,12.0,0.0
2023-01-11,0.009938745087160883,0.025945567884033332,25945.56788403333,-0.009938745087160883,False,0.048,12.0,0.0
2023-01-12,0.009038696931742241,0.025434821774573253,25434.82177457325,-0.009038696931742241,False,0.048,12.0,0.0
2023-01-13,0.003993913327176025,0.026717609289015006,26717.609289015007,-0.003993913327176025,False,0.048,12.0,0.0
2023-01-17,-0.003676187960293409,0.026061074772894956,26061.074772894957,0.003676187960293409,False,0.044,11.0,0.0
2023-01-18,-0.0028490727894996404,0.02532461845352548,25324.61845352548,0.0028490727894996404,False,0.044,11.0,0.0
2023-01-19,2.0917225458671958e-05,0.025574967891775068,25574.967891775068,-2.0917225458671958e-05,False,0.044,11.0,0.0
2023-01-20,0.008355447578111885,0.026284954711450075,26284.954711450075,-0.008355447578111885,False,0.044,11.0,0.0
2023-01-23,0.007718435554671111,0.02612471337217791,26124.71337217791,-0.007718435554671111,False,0.044,11.0,0.0
2023-01-24,0.003119508836122931,0.025781389890207288,25781.389890207287,-0.003119508836122931,False,0.044,11.0,0.0
2023-01-25,0.0012270123655211186,0.02530252748443012,25302.52748443012,-0.0012270123655211186,False,0.044,11.0,0.0
2023-01-26,0.005256401790350785,0.0258298539974986,25829.8539974986,-0.005256401790350785,False,0.044,11.0,0.0
2023-01-27,0.0007258236307738477,0.02512115474376348,25121.15474376348,-0.0007258236307738477,False,0.044,11.0,0.0
2023-01-30,-0.011816289939131376,0.02619215326976111,26192.153269761107,0.011816289939131376,False,0.044,11.0,0.0
2023-01-31,0.007829844268913621,0.02548273845626197,25482.73845626197,-0.007829844268913621,False,0.044,11.0,0.0
2023-02-01,0.013791965577606601,0.025531140604457866,25531.140604457865,-0.013791965577606601,False,0.044,11.0,0.0
2023-02-02,0.005003588935394943,0.025013925753727323,25013.925753727322,-0.005003588935394943,False,0.04,10.0,0.0
2023-02-03,-0.017218911111173307,0.025791192986871218,25791.192986871218,0.017218911111173307,False,0.04,10.0,0.0
2023-02-06,-0.00691513151753429,0.0245740256607901,24574.0256607901,0.00691513151753429,False,0.04,10.0,0.0
2023-02-07,0.006132744085994579,0.02496439951037999,24964.39951037999,-0.006132744085994579,False,0.04,10.0,0.0
2023-02-08,-0.0045442326246054165,0.0262682951992242,26268.2951992242,0.0045442326246054165,False,0.04,10.0,0.0
2023-02-09,-0.00603782166199074,0.02536964583760783,25369.64583760783,0.00603782166199074,False,0.04,10.0,0.0
2023-02-10,-0.004624453792887917,0.025400245695813565,25400.245695813566,0.004624453792887917,False,0.04,10.0,0.0
2023-02-13,0.007860797524462204,0.02507103236487856,25071.03236487856,-0.007860797524462204,False,0.04,10.0,0.0
2023-02-14,0.0007306361048795118,0.02475258658966,24752.58658966,-0.0007306361048795118,False,0.04,10.0,0.0
2023-02-15,-0.0033572704240802946,0.024662632672755556,24662.632672755557,0.0033572704240802946,False,0.04,10.0,0.0
2023-02-16,-0.009454154758359513,0.025542178525258814,25542.178525258816,0.009454154758359513,False,0.04,10.0,0.0
2023-02-17,-0.001951696692666927,0.025114386621085606,25114.386621085607,0.001951696692666927,False,0.04,10.0,0.0
2023-02-21,-0.015902223638642334,0.025701229326394605,25701.229326394605,0.015902223638642334,False,0.04,10.0,0.0
2023-02-22,-0.00038829185367441656,0.024356813409844556,24356.813409844555,0.00038829185367441656,False,0.04,10.0,0.0
2023-02-23,0.005633668043110296,0.025823592837767837,25823.592837767836,-0.005633668043110296,False,0.04,10.0,0.0
2023-02-24,-0.014016546900082494,0.026071373577624072,26071.373577624072,0.014016546900082494,False,0.04,10.0,0.0
2023-02-27,0.004496450794662365,0.025598156499310087,25598.156499310087,-0.004496450794662365,False,0.04,10.0,0.0
2023-02-28,-0.0005804759407772588,0.025882973474211597,25882.973474211598,0.0005804759407772588,False,0.04,10.0,0.0
2023-03-01,0.0009206366148580615,0.02557078406438992,25570.784064389918,-0.0009206366148580615,False,0.04,10.0,0.0
2023-03-02,0.002037087822969075,0.025169694341196557,25169.694341196555,-0.002037087822969075,False,0.04,10.0,0.0
2023-03-03,0.016118306704090868,0.025991981094383765,25991.981094383766,-0.016118306704090868,False,0.04,10.0,0.0
2023-03-06,-0.0029021148450457225,0.025156361153022177,25156.361153022175,0.0029021148450457225,False,0.036,9.0,0.0
2023-03-07,-0.011138812092246143,0.024704242685378425,24704.242685378424,0.011138812092246143,False,0.036,9.0,0.0
2023-03-08,0.002253084931338223,0.026264653336335018,26264.653336335017,-0.002253084931338223,False,0.036,9.0,0.0
2023-03-09,-0.00911589139234279,0.024137420812334928,24137.420812334927,0.00911589139234279,False,0.036,9.0,0.0
2023-03-10,0.004463661399070707,0.024862500793786716,24862.500793786716,-0.004463661399070707,False,0.036,9.0,0.0
2023-03-13,0.006559719655475216,0.02461775052707967,24617.75052707967,-0.006559719655475216,False,0.032,8.0,0.0
2023-03-14,0.0035609347018584763,0.023895589277907664,23895.589277907664,-0.0035609347018584763,False,0.032,8.0,0.0
2023-03-15,0.0017929086060322508,0.025364091885803314,25364.091885803315,-0.0017929086060322508,False,0.032,8.0,0.0
2023-03-16,0.010679353319929042,0.024752333847810705,24752.333847810703,-0.010679353319929042,False,0.032,8.0,0.0
2023-03-17,0.004326386340158251,0.023912164187712807,23912.164187712806,-0.004326386340158251,False,0.032,8.0,0.0
2023-03-20,0.0016941147277960813,0.025485639387037372,25485.639387037372,-0.0016941147277960813,False,0.032,8.0,0.0
2023-03-21,0.001790464144668125,0.024804206436999997,24804.206436999997,-0.001790464144668125,False,0.032,8.0,0.0
2023-03-22,0.000729597352178635,0.02459310764149172,24593.10764149172,-0.000729597352178635,False,0.032,8.0,0.0
2023-03-23,0.008191806921198098,0.02388226348856106,23882.26348856106,-0.008191806921198098,False,0.032,8.0,0.0
2023-03-24,0.000128060259656704,0.024954545007344526,24954.545007344524,-0.000128060259656704,False,0.032,8.0,0.0
2023-03-27,-0.008631929950637685,0.025131234558394746,25131.234558394746,0.008631929950637685,False,0.032,8.0,0.0
2023-03-28,0.00335084753156083,0.02481535822567629,24815.35822567629,-0.00335084753156083,False,0.032,8.0,0.0
2023-03-29,0.005723818784397117,0.024541893924802202,24541.893924802203,-0.005723818784397117,False,0.032,8.0,0.0
2023-03-30,0.007786078963800236,0.02441181999519935,24411.819995199352,-0.007786078963800236,False,0.032,8.0,0.0
2023-03-31,0.007845684179717094,0.024424303669153616,24424.303669153614,-0.007845684179717094,False,0.032,8.0,0.0
2023-04-03,0.003062997346320473,0.024386743460990234,24386.743460990234,-0.003062997346320473,False,0.032,8.0,0.0
2023-04-04,0.002938308841558102,0.024470579653272914,24470.579653272915,-0.002938308841558102,False,0.028,7.0,0.0
2023-04-05,-0.002134842092458156,0.024711628151782506,24711.628151782505,0.002134842092458156,False,0.028,7.0,0.0
2023-04-06,0.0020348301131291047,0.024389373433628403,24389.373433628403,-0.0020348301131291047,False,0.028,7.0,0.0
2023-04-10,-0.004409736062708847,0.024216548899772178,24216.548899772177,0.004409736062708847,False,0.028,7.0,0.0
2023-04-11,0.001663741613328518,0.02343751161072246,23437.51161072246,-0.001663741613328518,False,0.028,7.0,0.0
2023-04-12,-0.003222162968911424,0.023409080788152938,23409.080788152936,0.003222162968911424,False,0.028,7.0,0.0
2023-04-13,0.010446237359187328,0.024570085267518565,24570.085267518563,-0.010446237359187328,False,0.028,7.0,0.0
2023-04-14,-0.007287835465836779,0.023234299429455894,23234.299429455896,0.007287835465836779,False,0.028,7.0,0.0
2023-04-17,-0.0015268268465756353,0.024474080452522497,24474.080452522496,0.0015268268465756353,False,0.028,7.0,0.0
2023-04-18,0.0013812321412068453,0.02421913938934571,24219.13938934571,-0.0013812321412068453,False,0.028,7.0,0.0
2023-04-19,-0.0032834870308739994,0.024334787270566635,24334.787270566634,0.0032834870308739994,False,0.028,7.0,0.0
2023-04-20,-0.00042311942661781276,0.023269867979621175,23269.867979621176,0.00042311942661781276,False,0.028,7.0,0.0
2023-04-21,-0.004616464380614804,0.02441497601205073,24414.97601205073,0.004616464380614804,False,0.024,6.0,0.0
2023-04-24,0.0018730496877722438,0.023697791360586227,23697.791360586227,-0.0018730496877722438,False,0.024,6.0,0.0
2023-04-25,-0.006740632698552585,0.02346764242189315,23467.64242189315,0.006740632698552585,False,0.024,6.0,0.0
2023-04-26,-0.0017012119370828807,0.023287003380156317,23287.003380156315,0.0017012119370828807,False,0.024,6.0,0.0
2023-04-27,0.01015369586150603,0.02274460299955514,22744.60299955514,-0.01015369586150603,False,0.024,6.0,0.0
2023-04-28,0.007394574410718491,0.024042254192249424,24042.254192249424,-0.007394574410718491,False,0.02,5.0,0.0
2023-05-01,-0.00776098783012682,0.024121677043459588,24121.67704345959,0.00776098783012682,False,0.02,5.0,0.0
2023-05-02,0.0029024153926909602,0.023362222342661765,23362.222342661764,-0.0029024153926909602,False,0.02,5.0,0.0
2023-05-03,-0.00018003547199496605,0.02373468822875732,23734.68822875732,0.00018003547199496605,False,0.02,5.0,0.0
2023-05-04,-0.0010839417390777317,0.02379807604210681,23798.076042106808,0.0010839417390777317,False,0.016,4.0,0.0
2023-05-05,0.0068342864511849125,0.022758978172374652,22758.978172374653,-0.0068342864511849125,False,0.016,4.0,0.0
2023-05-08,-0.00190720654759573,0.02353429444863171,23534.29444863171,0.00190720654759573,False,0.012,3.0,0.0
2023-05-09,-0.002660027388883535,0.022226566868700313,22226.566868700313,0.002660027388883535,False,0.012,3.0,0.0
2023-05-10,0.004663853940905183,0.022745535864527166,22745.535864527166,-0.004663853940905183,False,0.012,3.0,0.0
2023-05-11,-1.4097110919197996e-05,0.021654091225697603,21654.091225697604,1.4097110919197996e-05,False,0.012,3.0,0.0
2023-05-12,-0.0053536115266973995,0.022455640716161487,22455.640716161488,0.0053536115266973995,False,0.012,3.0,0.0
2023-05-15,0.0038132778521859038,0.022531924602589664,22531.924602589665,-0.0038132778521859038,False,0.012,3.0,0.0
2023-05-16,-0.005637262743846038,0.022125009865360493,22125.00986536049,0.005637262743846038,False,0.012,3.0,0.0
2023-05-17,0.004496526671614332,0.02248943049750708,22489.430497507077,-0.004496526671614332,False,0.008,2.0,0.0
2023-05-18,0.0004925898523235439,0.021343148555217677,21343.14855521768,-0.0004925898523235439,False,0.008,2.0,0.0
2023-05-19,-2.220417361706882e-05,0.0226341077624761,22634.107762476102,2.220417361706882e-05,False,0.008,2.0,0.0
2023-05-22,0.0012142358934977171,0.021890636059261306,21890.636059261305,-0.0012142358934977171,False,0.008,2.0,0.0
2023-05-23,-0.007068313385140135,0.022604626380945906,22604.626380945905,0.007068313385140135,False,0.008,2.0,0.0
2023-05-24,-0.0065773601828486026,0.022585093757028524,22585.093757028524,0.0065773601828486026,False,0.008,2.0,0.0
2023-05-25,0.0037608648126214333,0.021575604224044212,21575.60422404421,-0.0037608648126214333,False,0.008,2.0,0.0
2023-05-26,0.013663827280532103,0.021704492828041416,21704.492828041417,-0.013663827280532103,False,0.008,2.0,0.0
2023-05-30,0.0019117655272295365,0.022335989471058276,22335.989471058278,-0.0019117655272295365,False,0.008,2.0,0.0
2023-05-31,-0.0020627623167006398,0.022721505080740004,22721.505080740004,0.0020627623167006398,False,0.008,2.0,0.0
2023-06-01,0.010135985857962604,0.02352654259838388,23526.542598383883,-0.010135985857962604,False,0.008,2.0,0.0
2023-06-02,0.0026984879337567996,0.02289381318013581,22893.81318013581,-0.0026984879337567996,False,0.008,2.0,0.0
2023-06-05,0.000538623845397068,0.0212428451860953,21242.8451860953,-0.000538623845397068,False,0.008,2.0,0.0
2023-06-06,0.0035709242871289734,0.02188968596405339,21889.68596405339,-0.0035709242871289734,False,0.008,2.0,0.0
2023-06-07,-0.01031472162240803,0.02139261736086186,21392.61736086186,0.01031472162240803,False,0.008,2.0,0.0
2023-06-08,0.01009532325789837,0.021926870116705605,21926.870116705606,-0.01009532325789837,False,0.008,2.0,0.0
2023-06-09,0.0012194962492318995,0.02179397275025755,21793.972750257548,-0.0012194962492318995,False,0.008,2.0,0.0
2023-06-12,0.006008068700882286,0.02165091792179936,21650.917921799362,-0.006008068700882286,False,0.004,1.0,0.0
2023-06-13,0.001408736543025091,0.021276142886461742,21276.14288646174,-0.001408736543025091,False,0.004,1.0,0.0
2023-06-14,0.004890479388627922,0.02025550019261578,20255.50019261578,-0.004890479388627922,False,0.004,1.0,0.0
2023-06-15,0.010060083689508083,0.019896548842687156,19896.548842687156,-0.010060083689508083,False,0.004,1.0,0.0
2023-06-16,-0.0037070828471285735,0.020605011604334263,20605.011604334264,0.0037070828471285735,False,0.004,1.0,0.0
2023-06-20,-0.005923880205233667,0.02016562203392601,20165.622033926007,0.005923880205233667,False,0.004,1.0,0.0
2023-06-21,-0.004503768308870937,0.020567107743035388,20567.107743035387,0.004503768308870937,False,0.004,1.0,0.0
2023-06-22,-0.002017565003858546,0.019812093537683175,19812.093537683177,0.002017565003858546,False,0.004,1.0,0.0
2023-06-23,-0.0038675721672684744,0.02121712152145598,21217.12152145598,0.0038675721672684744,False,0.004,1.0,0.0
2023-06-26,-0.002273627755757035,0.020561392548677518,20561.39254867752,0.002273627755757035,False,0.004,1.0,0.0
2023-06-27,0.006226282618778822,0.020664344425892482,20664.344425892483,-0.006226282618778822,False,0.004,1.0,0.0
2023-06-28,-0.0003263247457714114,0.020391002950693873,20391.002950693874,0.0003263247457714114,False,0.004,1.0,0.0
2023-06-29,-0.004500673527618693,0.020536096608847143,20536.096608847143,0.004500673527618693,False,0.004,1.0,0.0
2023-06-30,0.010715408499734692,0.021072961670603307,21072.96167060331,-0.010715408499734692,False,0.004,1.0,0.0
2023-07-03,0.00201614240992829,0.021086010150536447,21086.010150536447,-0.00201614240992829,False,0.004,1.0,0.0
2023-07-05,-0.00410921689710253,0.020787923198019063,20787.923198019063,0.00410921689710253,False,0.004,1.0,0.0
2023-07-06,-0.010588487942860937,0.020283711035760234,20283.711035760236,0.010588487942860937,False,0.004,1.0,0.0
2023-07-07,0.0013866825260593133,0.020430965714135593,20430.965714135593,-0.0013866825260593133,False,0.004,1.0,0.0
2023-07-10,0.0011432326475224743,0.02051128066747763,20511.28066747763,-0.0011432326475224743,False,0.004,1.0,0.0
2023-07-11,0.0060689514574565175,0.021336873438023877,21336.87343802388,-0.0060689514574565175,False,0.004,1.0,0.0
2023-07-12,0.01353970425494908,0.020536349894792787,20536.349894792787,-0.01353970425494908,False,0.004,1.0,0.0
2023-07-13,0.009832508338464453,0.02031523379097554,20315.23379097554,-0.009832508338464453,False,0.004,1.0,0.0
2023-07-14,-0.0030973990102222794,0.020595640229071562,20595.640229071563,0.0030973990102222794,False,0.004,1.0,0.0
2023-07-17,0.0030480988383772448,0.020740071551166722,20740.071551166722,-0.0030480988383772448,False,0.004,1.0,0.0
2023-07-18,0.004860011045890845,0.020409354005321966,20409.354005321966,-0.004860011045890845,False,0.004,1.0,0.0
2023-07-19,0.002297655048340297,0.02116506421520922,21165.06421520922,-0.002297655048340297,False,0.004,1.0,0.0
2023-07-20,-0.010853309329637394,0.020921421783054426,20921.421783054426,0.010853309329637394,False,0.004,1.0,0.0
2023-07-21,-0.0014509400185167111,0.02064669639682878,20646.696396828782,0.0014509400185167111,False,0.004,1.0,0.0
2023-07-24,0.0023574990640642616,0.020428895017999698,20428.895017999697,-0.0023574990640642616,False,0.004,1.0,0.0
2023-07-25,0.004304002876692615,0.02057521240253613,20575.21240253613,-0.004304002876692615,False,0.004,1.0,0.0
2023-07-26,0.0017036676482761635,0.020592948557670868,20592.94855767087,-0.0017036676482761635,False,0.004,1.0,0.0
2023-07-27,-0.011296574880517185,0.020746626776389353,20746.626776389352,0.011296574880517185,False,0.004,1.0,0.0
2023-07-28,0.01306083216246088,0.020359314223340384,20359.314223340385,-0.01306083216246088,False,0.004,1.0,0.0
2023-07-31,0.0016002982368045428,0.020369139373059817,20369.139373059817,-0.0016002982368045428,False,0.004,1.0,0.0
2023-08-01,-0.00891342016098855,0.019875108733231932,19875.108733231933,0.00891342016098855,False,0.004,1.0,0.0
2023-08-02,-0.015044136560131772,0.02113529379143172,21135.293791431723,0.015044136560131772,False,0.004,1.0,0.0
2023-08-03,-0.0047832690001287535,0.01967913929620117,19679.13929620117,0.0047832690001287535,False,0.004,1.0,0.0
2023-08-04,0.0021791993446853342,0.02045005219665935,20450.052196659348,-0.0021791993446853342,False,0.004,1.0,0.0
2023-08-07,0.0007196398310245876,0.020725675278677885,20725.675278677885,-0.0007196398310245876,False,0.004,1.0,0.0
2023-08-08,-0.003936594379145242,0.020818035875540087,20818.03587554009,0.003936594379145242,False,0.004,1.0,0.0
2023-08-09,-0.0029533622272031046,0.020631230856290397,20631.230856290396,0.0029533622272031046,False,0.004,1.0,0.0
2023-08-10,-0.0027655129665830505,0.020780632841368732,20780.632841368733,0.0027655129665830505,False,0.004,1.0,0.0
2023-08-11,-0.004790954880717591,0.020637318300755138,20637.318300755138,0.004790954880717591,False,0.004,1.0,0.0
2023-08-14,0.0013393794601264995,0.020995386645127536,20995.386645127535,-0.0013393794601264995,False,0.004,1.0,0.0
2023-08-15,-0.008487948010637592,0.020955371953910094,20955.371953910093,0.008487948010637592,False,0.004,1.0,0.0
2023-08-16,-0.008104026845589418,0.02068328160773991,20683.281607739907,0.008104026845589418,False,0.004,1.0,0.0
2023-08-17,-0.004402006421662197,0.01973390513246446,19733.90513246446,0.004402006421662197,False,0.004,1.0,0.0
2023-08-18,-0.000759203287400867,0.020646744137258984,20646.744137258982,0.000759203287400867,False,0.004,1.0,0.0
2023-08-21,0.002873703551900087,0.021356485696026575,21356.485696026575,-0.002873703551900087,False,0.004,1.0,0.0
2023-08-22,0.0006215018448099574,0.01998431104231872,19984.31104231872,-0.0006215018448099574,False,0.004,1.0,0.0
2023-08-23,0.015545941865693002,0.01987907940248307,19879.07940248307,-0.015545941865693002,False,0.004,1.0,0.0
2023-08-24,-0.009179498345686743,0.019734699658427453,19734.699658427453,0.009179498345686743,False,0.004,1.0,0.0
2023-08-25,0.003560652562217803,0.020492804677698158,20492.804677698157,-0.003560652562217803,False,0.004,1.0,0.0
2023-08-28,0.0055112130165087874,0.020271817309968052,20271.817309968053,-0.0055112130165087874,False,0.004,1.0,0.0
2023-08-29,0.013834955213794855,0.01949618364212571,19496.18364212571,-0.013834955213794855,False,0.004,1.0,0.0
2023-08-30,0.0015783124135137607,0.02015616613478038,20156.166134780382,-0.0015783124135137607,False,0.004,1.0,0.0
2023-08-31,-0.001602868104867517,0.01996528808469474,19965.288084694737,0.001602868104867517,False,0.004,1.0,0.0
2023-09-01,-0.0005055067063632012,0.019988843453290453,19988.843453290454,0.0005055067063632012,False,0.004,1.0,0.0
2023-09-05,-0.006661881522118219,0.020114650652848027,20114.650652848028,0.006661881522118219,False,0.004,1.0,0.0
2023-09-06,-0.004640349572713998,0.02025024691505611,20250.246915056112,0.004640349572713998,False,0.004,1.0,0.0
2023-09-07,-0.003629536013283552,0.019526637564461446,19526.637564461445,0.003629536013283552,False,0.004,1.0,0.0
2023-09-08,0.0018282194383837604,0.0201637462215862,20163.7462215862,-0.0018282194383837604,False,0.004,1.0,0.0
2023-09-11,0.0050813243400854805,0.01983636810838092,19836.36810838092,-0.0050813243400854805,False,0.004,1.0,0.0
2023-09-12,-0.0038058162971945863,0.019887631225456854,19887.631225456855,0.0038058162971945863,False,0.0,0.0,0.0
2023-09-13,0.0002346011616091159,0.01999078230692577,19990.782306925772,-0.0002346011616091159,False,0.0,0.0,0.0
2023-09-14,0.00335061468552389,0.01978070611058356,19780.70611058356,-0.00335061468552389,False,0.0,0.0,0.0
2023-09-15,-0.006496022920771649,0.01877171509847414,18771.71509847414,0.006496022920771649,False,0.0,0.0,0.0
2023-09-18,0.0023880058259565964,0.019749012629799546,19749.012629799545,-0.0023880058259565964,False,0.0,0.0,0.0
2023-09-19,-0.003683798434726349,0.018686499670860873,18686.499670860874,0.003683798434726349,False,0.0,0.0,0.0
2023-09-20,-0.00477437490043533,0.018456925740378924,18456.925740378923,0.00477437490043533,False,0.0,0.0,0.0
2023-09-21,-0.01701849958876256,0.019612278162132353,19612.278162132352,0.01701849958876256,False,0.0,0.0,0.0
2023-09-22,0.004195490418254289,0.01972824167131665,19728.24167131665,-0.004195490418254289,False,0.0,0.0,0.0
2023-09-25,-0.005044774558439502,0.019009661886982686,19009.661886982685,0.005044774558439502,False,0.0,0.0,0.0
2023-09-26,-0.011054699971564764,0.019044771852873888,19044.771852873888,0.011054699971564764,False,0.0,0.0,0.0
2023-09-27,-0.002642282962296183,0.01867764611861623,18677.64611861623,0.002642282962296183,False,0.0,0.0,0.0
2023-09-28,0.002972685260933372,0.018624585815387184,18624.585815387185,-0.002972685260933372,False,0.0,0.0,0.0
2023-09-29,-0.0022143953951200947,0.019053414028537805,19053.414028537805,0.0022143953951200947,False,0.0,0.0,0.0
2023-10-02,-0.004859604208830426,0.017904625562979434,17904.625562979436,0.004859604208830426,False,0.0,0.0,0.0
2023-10-03,-0.013715408946584651,0.018785239248867158,18785.239248867158,0.013715408946584651,False,0.0,0.0,0.0
2023-10-04,0.006385639140030253,0.01866121563297812,18661.21563297812,-0.006385639140030253,False,0.0,0.0,0.0
2023-10-05,-0.0012744749779786348,0.019404086967450735,19404.086967450734,0.0012744749779786348,False,0.0,0.0,0.0
2023-10-06,0.007229083466575292,0.01838318094510389,18383.18094510389,-0.007229083466575292,False,0.0,0.0,0.0
2023-10-09,0.009719715933165141,0.01802116407478584,18021.16407478584,-0.009719715933165141,False,0.0,0.0,0.0
2023-10-10,0.004404984656229672,0.017677224660220526,17677.224660220527,-0.004404984656229672,False,0.0,0.0,0.0
2023-10-11,0.009141084968151558,0.017612974005308975,17612.974005308977,-0.009141084968151558,False,0.0,0.0,0.0
2023-10-12,-0.010187674143167881,0.01841803037066794,18418.03037066794,0.010187674143167881,False,0.0,0.0,0.0
2023-10-13,0.0057611973583324705,0.017894905144022803,17894.905144022803,-0.0057611973583324705,False,0.0,0.0,0.0
2023-10-16,0.001652955604418871,0.01755699043171639,17556.99043171639,-0.001652955604418871,False,0.0,0.0,0.0
2023-10-17,-0.0030221024049170487,0.018239789888052256,18239.789888052255,0.0030221024049170487,False,0.0,0.0,0.0
2023-10-18,-0.007203318898156397,0.01718391524580323,17183.91524580323,0.007203318898156397,False,0.0,0.0,0.0
2023-10-19,-0.006443069676795133,0.017673275225613877,17673.275225613877,0.006443069676795133,False,0.0,0.0,0.0
2023-10-20,-0.006176147895223494,0.017820651503050816,17820.651503050816,0.006176147895223494,False,0.0,0.0,0.0
2023-10-23,0.001821047509063445,0.01793529514451262,17935.29514451262,-0.001821047509063445,False,0.0,0.0,0.0
2023-10-24,0.008624047821769999,0.017307471053228055,17307.471053228055,-0.008624047821769999,False,0.0,0.0,0.0
2023-10-25,-0.014008328258438741,0.01781900989917256,17819.00989917256,0.014008328258438741,False,0.0,0.0,0.0
2023-10-26,-0.003804832151733284,0.017696011968490133,17696.011968490133,0.003804832151733284,False,0.0,0.0,0.0
2023-10-27,0.0013657125467924746,0.018510309297727255,18510.309297727254,-0.0013657125467924746,False,0.0,0.0,0.0
2023-10-30,0.004695878287577693,0.017811714656916867,17811.71465691687,-0.004695878287577693,False,0.0,0.0,0.0
2023-10-31,-0.0009930077096002464,0.01792940745596016,17929.40745596016,0.0009930077096002464,False,0.0,0.0,0.0
2023-11-01,0.011163487012497298,0.01810324434835057,18103.24434835057,-0.011163487012497298,False,0.0,0.0,0.0
2023-11-02,0.01619741689637193,0.017645815890049474,17645.815890049475,-0.01619741689637193,False,0.0,0.0,0.0
2023-11-03,0.010343900128845363,0.017745514396954917,17745.514396954917,-0.010343900128845363,False,0.0,0.0,0.0
2023-11-06,-0.0006104985558976318,0.017445413047369924,17445.413047369922,0.0006104985558976318,False,0.0,0.0,0.0
2023-11-07,0.004219603016616569,0.017157814216189584,17157.814216189585,-0.004219603016616569,False,0.0,0.0,0.0
2023-11-08,0.0003447708345506673,0.01746200646654938,17462.00646654938,-0.0003447708345506673,False,0.0,0.0,0.0
2023-11-09,-0.008775530785714893,0.017235389051331818,17235.38905133182,0.008775530785714893,False,0.0,0.0,0.0
2023-11-10,0.007973567296704355,0.016383054577602096,16383.054577602095,-0.007973567296704355,False,0.0,0.0,0.0
2023-11-13,-0.00020699379810551474,0.016260498977717523,16260.498977717523,0.00020699379810551474,False,0.0,0.0,0.0
2023-11-14,0.01982363139233492,0.01659182371246186,16591.823712461857,-0.01982363139233492,False,0.0,0.0,0.0
2023-11-15,-0.0010832628842083916,0.015466849339852566,15466.849339852566,0.0010832628842083916,False,0.0,0.0,0.0
2023-11-16,0.003243658533505989,0.016247453051079126,16247.453051079126,-0.003243658533505989,False,0.0,0.0,0.0
2023-11-17,0.001465254211209377,0.01608007448752663,16080.07448752663,-0.001465254211209377,False,0.0,0.0,0.0
2023-11-20,0.007359210498029968,0.016278598719538018,16278.598719538018,-0.007359210498029968,False,0.0,0.0,0.0
2023-11-21,-0.0007811909749972924,0.016638659391705966,16638.659391705965,0.0007811909749972924,False,0.0,0.0,0.0
2023-11-22,0.0010411130309277538,0.016670501966083377,16670.50196608338,-0.0010411130309277538,False,0.0,0.0,0.0
2023-11-24,-0.001372356568406241,0.015969023502473655,15969.023502473656,0.001372356568406241,False,0.0,0.0,0.0
2023-11-27,0.003344148010779358,0.016235445180889065,16235.445180889064,-0.003344148010779358,False,0.0,0.0,0.0
2023-11-28,0.005458886609065061,0.016227529660195777,16227.529660195778,-0.005458886609065061,False,0.0,0.0,0.0
2023-11-29,0.0013162471185198532,0.015109228304153788,15109.228304153788,-0.0013162471185198532,False,0.0,0.0,0.0
2023-11-30,-0.0024539557983463967,0.015724586008910232,15724.586008910232,0.0024539557983463967,False,0.0,0.0,0.0
2023-12-01,0.009834717988473064,0.015945980172064635,15945.980172064636,-0.009834717988473064,False,0.0,0.0,0.0
2023-12-04,-0.010290314767170084,0.015442691045127296,15442.691045127296,0.010290314767170084,False,0.0,0.0,0.0
2023-12-05,0.0027819485823356916,0.015281512356263361,15281.512356263362,-0.0027819485823356916,False,0.0,0.0,0.0
2023-12-06,0.0011821715123851995,0.015596433076891673,15596.433076891673,-0.0011821715123851995,False,0.0,0.0,0.0
2023-12-07,0.0044777370674577545,0.01600248248782348,16002.482487823481,-0.0044777370674577545,False,0.0,0.0,0.0
2023-12-08,-0.003421208681946864,0.016354544206125313,16354.544206125312,0.003421208681946864,False,0.0,0.0,0.0
2023-12-11,0.001033745943690212,0.015287064498670646,15287.064498670647,-0.001033745943690212,False,0.0,0.0,0.0
2023-12-12,0.003041953159599808,0.01506870667444205,15068.70667444205,-0.003041953159599808,False,0.0,0.0,0.0
2023-12-13,0.016493686949573406,0.015825095415038275,15825.095415038275,-0.016493686949573406,False,0.0,0.0,0.0
2023-12-14,0.009769928762156854,0.016126902252444827,16126.902252444828,-0.009769928762156854,False,0.0,0.0,0.0
2023-12-15,-0.0021670859126503576,0.015667607772632777,15667.607772632777,0.0021670859126503576,False,0.0,0.0,0.0
2023-12-18,0.0016001805357825916,0.015277217651419608,15277.217651419609,-0.0016001805357825916,False,0.0,0.0,0.0
2023-12-19,0.006380296428848409,0.015784278082420028,15784.278082420027,-0.006380296428848409,False,0.0,0.0,0.0
2023-12-20,-0.009077853643101387,0.015077863196981227,15077.863196981227,0.009077853643101387,False,0.0,0.0,0.0
2023-12-21,0.008131033270565613,0.01456214922811774,14562.14922811774,-0.008131033270565613,False,0.0,0.0,0.0
2023-12-22,-0.0002820382422780376,0.014991814318588077,14991.814318588076,0.0002820382422780376,False,0.0,0.0,0.0
2023-12-26,0.005736030324144404,0.015057991173413861,15057.99117341386,-0.005736030324144404,False,0.0,0.0,0.0
2023-12-27,0.006379235158243945,0.015322202280272723,15322.202280272724,-0.006379235158243945,False,0.0,0.0,0.0
2023-12-28,-0.0010841928692971294,0.015119336847972158,15119.336847972158,0.0010841928692971294,False,0.0,0.0,0.0
2023-12-29,-0.0036612777437177615,0.01464445526277136,14644.455262771358,0.0036612777437177615,False,0.0,0.0,0.0
2024-01-02,-0.008465127883639734,0.015130071414883744,15130.071414883743,0.008465127883639734,False,0.0,0.0,0.0
2024-01-03,-0.005690144388582819,0.015187880433669844,15187.880433669843,0.005690144388582819,False,0.0,0.0,0.0
2024-01-04,-0.005169397425727884,0.014711441360671243,14711.441360671244,0.005169397425727884,False,0.0,0.0,0.0
2024-01-05,-0.0011165370210072913,0.015270468589508113,15270.468589508113,0.0011165370210072913,False,0.0,0.0,0.0
2024-01-08,0.007956587202220856,0.015518145910556645,15518.145910556645,-0.007956587202220856,False,0.0,0.0,0.0
2024-01-09,-0.0039515576663818,0.014607952004890077,14607.952004890076,0.0039515576663818,False,0.0,0.0,0.0
2024-01-10,0.0006359102977346431,0.01461477490680031,14614.77490680031,-0.0006359102977346431,False,0.0,0.0,0.0
2024-01-11,0.002668350142088483,0.014858007171085279,14858.007171085279,-0.002668350142088483,False,0.0,0.0,0.0
2024-01-12,0.00252388844478193,0.014946282996581425,14946.282996581425,-0.00252388844478193,False,0.0,0.0,0.0
2024-01-16,-0.01102095218754169,0.01467735812563769,14677.35812563769,0.01102095218754169,False,0.0,0.0,0.0
2024-01-17,-0.007739895292580634,0.014984859503840915,14984.859503840915,0.007739895292580634,False,0.0,0.0,0.0
2024-01-18,0.006050352913077029,0.015053252645084383,15053.252645084383,-0.006050352913077029,False,0.0,0.0,0.0
2024-01-19,0.009802700127884244,0.015537648648934211,15537.648648934211,-0.009802700127884244,False,0.0,0.0,0.0
2024-01-22,-0.0006525079515161459,0.015441441210933606,15441.441210933606,0.0006525079515161459,False,0.0,0.0,0.0
2024-01-23,0.0023427939676354376,0.014620896801990892,14620.896801990892,-0.0023427939676354376,False,0.0,0.0,0.0
2024-01-24,0.0007484493725592457,0.014697036092898633,14697.036092898634,-0.0007484493725592457,False,0.0,0.0,0.0
2024-01-25,0.0036906080365033847,0.014666141911299464,14666.141911299463,-0.0036906080365033847,False,0.0,0.0,0.0
2024-01-26,-0.0018132745305295072,0.015080147731431454,15080.147731431454,0.0018132745305295072,False,0.0,0.0,0.0
2024-01-29,0.007449752306630409,0.014222799341928716,14222.799341928716,-0.007449752306630409,False,0.0,0.0,0.0
2024-01-30,-0.0009901508968681136,0.014483607790628197,14483.607790628197,0.0009901508968681136,False,0.0,0.0,0.0
2024-01-31,-0.0064531674156682595,0.015105547224664534,15105.547224664533,0.0064531674156682595,False,0.0,0.0,0.0
2024-02-01,0.012903593188366091,0.014824467094938986,14824.467094938986,-0.012903593188366091,False,0.0,0.0,0.0
2024-02-02,-0.0013902875385729096,0.01476947763478437,14769.47763478437,0.0013902875385729096,False,0.0,0.0,0.0
2024-02-05,-0.005872148162629243,0.014240236822926154,14240.236822926154,0.005872148162629243,False,0.0,0.0,0.0
2024-02-06,0.007726668442638341,0.014527017443254148,14527.017443254148,-0.007726668442638341,False,0.0,0.0,0.0
2024-02-07,0.002957750869274323,0.014625178226686023,14625.178226686023,-0.002957750869274323,False,0.0,0.0,0.0
2024-02-08,-0.001994769137227448,0.01445026190512132,14450.26190512132,0.001994769137227448,False,0.0,0.0,0.0
2024-02-09,0.0028079792624803534,0.0144326855597382,14432.6855597382,-0.0028079792624803534,False,0.0,0.0,0.0
2024-02-12,0.00040812649932353584,0.014480287538029813,14480.287538029814,-0.00040812649932353584,False,0.0,0.0,0.0
2024-02-13,-0.01581915396393585,0.01396067649279191,13960.67649279191,0.01581915396393585,True,0.004,1.0,0.0018584774711439406
2024-02-14,0.007757166132897364,0.01427309184958264,14273.09184958264,-0.007757166132897364,False,0.004,1.0,0.0
2024-02-15,0.005311652038513781,0.014146777230077805,14146.777230077805,-0.005311652038513781,False,0.004,1.0,0.0
2024-02-16,-0.0022818116651127877,0.014442043874492671,14442.04387449267,0.0022818116651127877,False,0.004,1.0,0.0
2024-02-20,-0.0009260094343513049,0.014708602626723351,14708.602626723352,0.0009260094343513049,False,0.004,1.0,0.0
2024-02-21,-0.0016815809845627918,0.013804246242697098,13804.246242697098,0.0016815809845627918,False,0.004,1.0,0.0
2024-02-22,0.013095247288727662,0.014141865850940728,14141.865850940727,-0.013095247288727662,False,0.004,1.0,0.0
2024-02-23,0.003258116987805426,0.014346629924318727,14346.629924318728,-0.003258116987805426,False,0.004,1.0,0.0
2024-02-26,-0.0027664397115122474,0.01437648649194291,14376.486491942911,0.0027664397115122474,False,0.004,1.0,0.0
2024-02-27,-0.0003745055025506262,0.014272882035853076,14272.882035853076,0.0003745055025506262,False,0.004,1.0,0.0
2024-02-28,-0.0023150861928431963,0.014058762495096983,14058.762495096984,0.0023150861928431963,False,0.004,1.0,0.0
2024-02-29,0.004974531556123996,0.014181013584592044,14181.013584592045,-0.004974531556123996,False,0.004,1.0,0.0
2024-03-01,0.01236796497527104,0.014082479834821394,14082.479834821395,-0.01236796497527104,False,0.004,1.0,0.0
2024-03-04,0.0010577538665280883,0.013749963398688097,13749.963398688096,-0.0010577538665280883,False,0.004,1.0,0.0
2024-03-05,-0.003318986729234341,0.014063980769407847,14063.980769407846,0.003318986729234341,False,0.004,1.0,0.0
2024-03-06,0.007984762466820785,0.014417892077607207,14417.892077607206,-0.007984762466820785,False,0.004,1.0,0.0
2024-03-07,0.00720131772547763,0.013735799859253835,13735.799859253835,-0.00720131772547763,False,0.004,1.0,0.0
2024-03-08,-0.002947190601300087,0.013891163420251327,13891.163420251327,0.002947190601300087,False,0.004,1.0,0.0
2024-03-11,-0.00021102485908679473,0.013895494574494691,13895.49457449469,0.00021102485908679473,False,0.004,1.0,0.0
2024-03-12,0.0033580874176300846,0.01397051683426338,13970.516834263379,-0.0033580874176300846,False,0.004,1.0,0.0
2024-03-13,-0.0020475749166913196,0.013505142752459901,13505.1427524599,0.0020475749166913196,False,0.004,1.0,0.0
2024-03-14,-0.005824716791109208,0.013989515579959425,13989.515579959425,0.005824716791109208,False,0.004,1.0,0.0
2024-03-15,-0.005672994933772557,0.014198423399426842,14198.423399426842,0.005672994933772557,False,0.004,1.0,0.0
2024-03-18,0.0031574973681314238,0.014230400105111209,14230.400105111208,-0.0031574973681314238,False,0.004,1.0,0.0
2024-03-19,0.0009615365462786851,0.013496888061211321,13496.88806121132,-0.0009615365462786851,False,0.004,1.0,0.0
2024-03-20,0.008802720286012767,0.014178822423580022,14178.822423580023,-0.008802720286012767,False,0.004,1.0,0.0
2024-03-21,0.002073523008422806,0.014274623852057555,14274.623852057555,-0.002073523008422806,False,0.004,1.0,0.0
2024-03-22,-0.0012518357831869725,0.014099750034407372,14099.750034407372,0.0012518357831869725,False,0.004,1.0,0.0
2024-03-25,-0.001492922576530731,0.013785160719360902,13785.160719360902,0.001492922576530731,False,0.004,1.0,0.0
2024-03-26,3.9172865710779325e-05,0.013944001015010655,13944.001015010655,-3.9172865710779325e-05,False,0.004,1.0,0.0
2024-03-27,0.006136288209384056,0.013767702932488201,13767.7029324882,-0.006136288209384056,False,0.004,1.0,0.0
2024-03-28,0.00273715876956413,0.014202061950011566,14202.061950011566,-0.00273715876956413,False,0.004,1.0,0.0
2024-04-01,-0.0012703802291508472,0.013889219181453727,13889.219181453727,0.0012703802291508472,False,0.004,1.0,0.0
2024-04-02,-0.000513472211477839,0.013368373672417305,13368.373672417305,0.000513472211477839,False,0.004,1.0,0.0
2024-04-03,0.0025248924103806526,0.014110404353973012,14110.404353973012,-0.0025248924103806526,False,0.004,1.0,0.0
2024-04-04,-0.005937948584002784,0.013341411356808202,13341.411356808201,0.005937948584002784,False,0.004,1.0,0.0
2024-04-05,0.00552255370038266,0.014274945062616185,14274.945062616185,-0.00552255370038266,False,0.004,1.0,0.0
2024-04-08,0.0027037642695275643,0.01441708263159208,14417.08263159208,-0.0027037642695275643,False,0.004,1.0,0.0
2024-04-09,0.005279815908626162,0.014048754342619266,14048.754342619266,-0.005279815908626162,False,0.004,1.0,0.0
2024-04-10,-0.012727042345120988,0.013866087114531654,13866.087114531654,0.012727042345120988,False,0.004,1.0,0.0
2024-04-11,0.008893492895007137,0.014130027108583408,14130.027108583408,-0.008893492895007137,False,0.004,1.0,0.0
2024-04-12,-0.012108442254675422,0.014480216979964055,14480.216979964054,0.012108442254675422,False,0.004,1.0,0.0
2024-04-15,-0.006436144155189005,0.01375697582325806,13756.97582325806,0.006436144155189005,False,0.004,1.0,0.0
2024-04-16,-0.004061404858458672,0.014072556092356414,14072.556092356414,0.004061404858458672,False,0.004,1.0,0.0
2024-04-17,-0.003028889279601522,0.01432861656648716,14328.61656648716,0.003028889279601522,False,0.004,1.0,0.0
2024-04-18,-0.0010719923354881367,0.014737991845937989,14737.991845937988,0.0010719923354881367,False,0.004,1.0,0.0
2024-04-19,-0.00533933781029341,0.014313093724682464,14313.093724682463,0.00533933781029341,False,0.004,1.0,0.0
2024-04-22,0.0007418163836939716,0.014647384760263893,14647.384760263893,-0.0007418163836939716,False,0.004,1.0,0.0
2024-04-23,0.0065779038605746415,0.014184620154225005,14184.620154225004,-0.0065779038605746415,False,0.004,1.0,0.0
2024-04-24,-0.0005127795437329219,0.014019103012170693,14019.103012170694,0.0005127795437329219,False,0.004,1.0,0.0
2024-04-25,-0.0014925868903518992,0.014352993090528308,14352.993090528309,0.0014925868903518992,False,0.004,1.0,0.0
2024-04-26,0.008987153153854078,0.013939558188890786,13939.558188890785,-0.008987153153854078,False,0.004,1.0,0.0
2024-04-29,0.004734581468524857,0.014030591619455272,14030.591619455272,-0.004734581468524857,False,0.004,1.0,0.0
2024-04-30,-0.015425634238510356,0.013730604168720168,13730.604168720169,0.015425634238510356,True,0.008,2.0,0.0016950300697901877
2024-05-01,0.00138632082826633,0.014542575959799861,14542.575959799862,-0.00138632082826633,False,0.008,2.0,0.0
2024-05-02,0.00983098045013644,0.01436491323492443,14364.91323492443,-0.00983098045013644,False,0.008,2.0,0.0
2024-05-03,0.010168731731805526,0.014000380106656881,14000.380106656881,-0.010168731731805526,False,0.008,2.0,0.0
2024-05-06,0.007327254841243702,0.014322599128468656,14322.599128468655,-0.007327254841243702,False,0.008,2.0,0.0
2024-05-07,-0.0005771365019159089,0.013907294842081147,13907.294842081146,0.0005771365019159089,False,0.008,2.0,0.0
2024-05-08,-0.0018517930089034353,0.013663030287860665,13663.030287860665,0.0018517930089034353,False,0.008,2.0,0.0
2024-05-09,0.006334951402014077,0.014494783690125393,14494.783690125394,-0.006334951402014077,False,0.008,2.0,0.0
2024-05-10,0.0016508226561620098,0.014785209958828139,14785.20995882814,-0.0016508226561620098,False,0.008,2.0,0.0
2024-05-13,0.00026412933002593073,0.0144414388579725,14441.4388579725,-0.00026412933002593073,False,0.008,2.0,0.0
2024-05-14,0.006099735291379504,0.01529906760788174,15299.06760788174,-0.006099735291379504,False,0.008,2.0,0.0
2024-05-15,0.01303690513293665,0.014445000595394587,14445.000595394587,-0.01303690513293665,False,0.008,2.0,0.0
2024-05-16,-0.0013781494455574307,0.014040585193368572,14040.585193368572,0.0013781494455574307,False,0.008,2.0,0.0
2024-05-17,0.003013614612515659,0.014207134935116814,14207.134935116814,-0.003013614612515659,False,0.008,2.0,0.0
2024-05-20,0.0011081403407640523,0.014643005198579057,14643.005198579056,-0.0011081403407640523,False,0.008,2.0,0.0
2024-05-21,0.00038177759972459754,0.013917363346147385,13917.363346147386,-0.00038177759972459754,False,0.008,2.0,0.0
2024-05-22,-0.004695683940587437,0.013940229104014042,13940.229104014043,0.004695683940587437,False,0.008,2.0,0.0
2024-05-23,-0.009117067509077882,0.013684130934153736,13684.130934153736,0.009117067509077882,False,0.008,2.0,0.0
2024-05-24,0.004552053309179538,0.014205387763982032,14205.387763982031,-0.004552053309179538,False,0.008,2.0,0.0
2024-05-28,-0.00014810628057158054,0.014457175220117942,14457.175220117942,0.00014810628057158054,False,0.008,2.0,0.0
2024-05-29,-0.010070797015778954,0.013785834330884367,13785.834330884367,0.010070797015778954,False,0.008,2.0,0.0
2024-05-30,-0.0017241008753219544,0.014286566234225098,14286.566234225098,0.0017241008753219544,False,0.008,2.0,0.0
2024-05-31,-0.0003084836550924841,0.014440480558162059,14440.480558162059,0.0003084836550924841,False,0.008,2.0,0.0
2024-06-03,0.008361211805232704,0.01379053030561328,13790.53030561328,-0.008361211805232704,False,0.008,2.0,0.0
2024-06-04,-0.0014825513875658786,0.014465830103036502,14465.830103036502,0.0014825513875658786,False,0.008,2.0,0.0
2024-06-05,0.013463737995366777,0.014462538483356309,14462.53848335631,-0.013463737995366777,False,0.008,2.0,0.0
2024-06-06,0.0020982495430883047,0.014039585073838488,14039.585073838487,-0.0020982495430883047,False,0.008,2.0,0.0
2024-06-07,-0.01348363405075117,0.014960319560824126,14960.319560824126,0.01348363405075117,False,0.008,2.0,0.0
2024-06-10,0.003115400600319651,0.014405180817463682,14405.180817463683,-0.003115400600319651,False,0.008,2.0,0.0
2024-06-11,0.003827337749023663,0.014762015069574677,14762.015069574678,-0.003827337749023663,False,0.008,2.0,0.0
2024-06-12,0.008303904230495762,0.014960166006527689,14960.166006527688,-0.008303904230495762,False,0.008,2.0,0.0
2024-06-13,0.002323586607447803,0.01469574282293584,14695.742822935841,-0.002323586607447803,False,0.008,2.0,0.0
2024-06-14,0.005669877037875582,0.014698611822601198,14698.611822601197,-0.005669877037875582,False,0.008,2.0,0.0
2024-06-17,0.002296352870004226,0.01429456875398895,14294.56875398895,-0.002296352870004226,False,0.008,2.0,0.0
2024-06-18,0.005041776976053836,0.014019831815245052,14019.831815245052,-0.005041776976053836,False,0.008,2.0,0.0
2024-06-20,-0.0012465244673810717,0.01435066079796926,14350.66079796926,0.0012465244673810717,False,0.008,2.0,0.0
2024-06-21,-0.0046032506666866535,0.014989249906610618,14989.249906610617,0.0046032506666866535,False,0.008,2.0,0.0
2024-06-24,-0.001326682154146597,0.014208480311353161,14208.480311353162,0.001326682154146597,False,0.008,2.0,0.0
2024-06-25,0.00193530470511194,0.015168049669870717,15168.049669870717,-0.00193530470511194,False,0.008,2.0,0.0
2024-06-26,-0.004462956836419796,0.014513389471922907,14513.389471922907,0.004462956836419796,False,0.008,2.0,0.0
2024-06-27,0.0040345999026163435,0.014446480920882286,14446.480920882286,-0.0040345999026163435,False,0.008,2.0,0.0
2024-06-28,-0.005151366185695472,0.014351323319609541,14351.32331960954,0.005151366185695472,False,0.008,2.0,0.0
2024-07-01,-0.0008765931170340082,0.014657456535446724,14657.456535446725,0.0008765931170340082,False,0.008,2.0,0.0
2024-07-02,0.005602755881398402,0.014333186397502517,14333.186397502517,-0.005602755881398402,False,0.008,2.0,0.0
2024-07-03,0.01038371788020731,0.014381323877539041,14381.323877539042,-0.01038371788020731,False,0.008,2.0,0.0
2024-07-05,0.008420320087760613,0.014447701520689119,14447.70152068912,-0.008420320087760613,False,0.008,2.0,0.0
2024-07-08,-0.0012959265729859393,0.013944813319618984,13944.813319618985,0.0012959265729859393,False,0.008,2.0,0.0
2024-07-09,0.0006474490746294581,0.014308759672647522,14308.759672647522,-0.0006474490746294581,False,0.008,2.0,0.0
2024-07-10,0.006565457499736072,0.01400901983119515,14009.01983119515,-0.006565457499736072,False,0.008,2.0,0.0
2024-07-11,0.0005590712793050569,0.01446912080826254,14469.12080826254,-0.0005590712793050569,False,0.008,2.0,0.0
2024-07-12,0.003978407722063726,0.014443238453569977,14443.238453569977,-0.003978407722063726,False,0.008,2.0,0.0
2024-07-15,-0.002678211321102197,0.013853620524740227,13853.620524740227,0.002678211321102197,False,0.008,2.0,0.0
2024-07-16,0.009204555918799961,0.01452254213637435,14522.54213637435,-0.009204555918799961,False,0.008,2.0,0.0
2024-07-17,-0.012812645989619266,0.014315443223418484,14315.443223418484,0.012812645989619266,False,0.008,2.0,0.0
2024-07-18,-0.007170661273181733,0.014111903398456622,14111.903398456621,0.007170661273181733,False,0.008,2.0,0.0
2024-07-19,-0.009811419128164321,0.013620541084035985,13620.541084035985,0.009811419128164321,False,0.008,2.0,0.0
2024-07-22,0.006208037111973597,0.014614502182110094,14614.502182110095,-0.006208037111973597,False,0.008,2.0,0.0
2024-07-23,-0.0023592022191950114,0.014688399329061373,14688.399329061373,0.0023592022191950114,False,0.008,2.0,0.0
2024-07-24,-0.01747170490049894,0.014699840994812785,14699.840994812785,0.01747170490049894,True,0.012,3.0,0.0027718639056861557
2024-07-25,-0.005545189657227612,0.014446058952047255,14446.058952047255,0.005545189657227612,False,0.012,3.0,0.0
2024-07-26,0.010009739089740899,0.014554190907886207,14554.190907886206,-0.010009739089740899,False,0.012,3.0,0.0
2024-07-29,0.0006526800521407639,0.0142418194359492,14241.819435949199,-0.0006526800521407639,False,0.012,3.0,0.0
2024-07-30,-0.0018924396570527025,0.014843181914821618,14843.181914821618,0.0018924396570527025,False,0.012,3.0,0.0
2024-07-31,0.01921551031440494,0.013681056574679622,13681.056574679622,-0.01921551031440494,False,0.012,3.0,0.0
2024-08-01,-0.010132582581662965,0.014745621501054726,14745.621501054726,0.010132582581662965,False,0.012,3.0,0.0
2024-08-02,-0.00546279733037296,0.01417132804054178,14171.32804054178,0.00546279733037296,False,0.012,3.0,0.0
2024-08-05,-0.018941348934777724,0.014612617234068112,14612.617234068111,0.018941348934777724,True,0.016,4.0,0.0043287317007096125
2024-08-06,-0.0011807935696957815,0.014741104813044357,14741.104813044358,0.0011807935696957815,False,0.016,4.0,0.0
2024-08-07,-0.0038167562601641117,0.01498319594055718,14983.19594055718,0.0038167562601641117,False,0.016,4.0,0.0
2024-08-08,0.017196684201120593,0.01533550608435828,15335.50608435828,-0.017196684201120593,False,0.016,4.0,0.0
2024-08-09,0.0054894520259053175,0.01510890710884075,15108.90710884075,-0.0054894520259053175,False,0.016,4.0,0.0
2024-08-12,0.005357606898972067,0.015297477773567401,15297.477773567402,-0.005357606898972067,False,0.016,4.0,0.0
2024-08-13,0.011559700441767773,0.015124169888920142,15124.169888920142,-0.011559700441767773,False,0.016,4.0,0.0
2024-08-14,-0.0007591986625645749,0.015363147241836113,15363.147241836112,0.0007591986625645749,False,0.016,4.0,0.0
2024-08-15,0.009709285534803325,0.014692183968941092,14692.183968941092,-0.009709285534803325,False,0.016,4.0,0.0
2024-08-16,0.008213830206859686,0.014741462565400357,14741.462565400358,-0.008213830206859686,False,0.016,4.0,0.0
2024-08-19,0.007070573880972587,0.014371908503501354,14371.908503501354,-0.007070573880972587,False,0.016,4.0,0.0
2024-08-20,3.1211965878830086e-05,0.014784573127219945,14784.573127219945,-3.1211965878830086e-05,False,0.016,4.0,0.0
2024-08-21,0.002256802082439702,0.015158280396837464,15158.280396837463,-0.002256802082439702,False,0.016,4.0,0.0
2024-08-22,-0.011594541239018753,0.014317073931554878,14317.073931554878,0.011594541239018753,False,0.016,4.0,0.0
2024-08-23,0.011253854906335549,0.014705321086878567,14705.321086878566,-0.011253854906335549,False,0.016,4.0,0.0
2024-08-26,-0.003976653460805513,0.015023677175955605,15023.677175955605,0.003976653460805513,False,0.016,4.0,0.0
2024-08-27,0.001342954407506958,0.014877946923599936,14877.946923599935,-0.001342954407506958,False,0.016,4.0,0.0
2024-08-28,-0.006321406744538938,0.014371472176834921,14371.47217683492,0.006321406744538938,False,0.016,4.0,0.0
2024-08-29,0.00019912138108522113,0.014937611193923632,14937.611193923633,-0.00019912138108522113,False,0.016,4.0,0.0
2024-08-30,0.001151139792546374,0.014531042338479775,14531.042338479774,-0.001151139792546374,False,0.016,4.0,0.0
2024-09-03,-0.011747530083894555,0.015007088510322373,15007.088510322374,0.011747530083894555,False,0.016,4.0,0.0
2024-09-04,0.0017234819782974808,0.015065112320598142,15065.112320598142,-0.0017234819782974808,False,0.016,4.0,0.0
2024-09-05,0.0027803261064625498,0.015100407210107991,15100.407210107991,-0.0027803261064625498,False,0.016,4.0,0.0
2024-09-06,-0.013889619007730248,0.014822031260429261,14822.031260429261,0.013889619007730248,False,0.016,4.0,0.0
2024-09-09,0.008191655330665527,0.014790748562653971,14790.748562653971,-0.008191655330665527,False,0.016,4.0,0.0
2024-09-10,0.004240960491568591,0.014740494429168197,14740.494429168197,-0.004240960491568591,False,0.016,4.0,0.0
2024-09-11,0.007395062567909472,0.014677769040406494,14677.769040406494,-0.007395062567909472,False,0.016,4.0,0.0
2024-09-12,0.007882713253918228,0.014878910488391862,14878.910488391863,-0.007882713253918228,False,0.016,4.0,0.0
2024-09-13,0.005406788547202579,0.015224284443803762,15224.284443803763,-0.005406788547202579,False,0.016,4.0,0.0
2024-09-16,0.0018812668624489384,0.015081908005202012,15081.908005202013,-0.0018812668624489384,False,0.016,4.0,0.0
2024-09-17,-0.001653262174243131,0.014765839429769992,14765.839429769992,0.001653262174243131,False,0.016,4.0,0.0
2024-09-18,-0.006177652101664589,0.01497579953035894,14975.79953035894,0.006177652101664589,False,0.016,4.0,0.0
2024-09-19,0.015160532778584111,0.015070453678067327,15070.453678067328,-0.015160532778584111,False,0.016,4.0,0.0
2024-09-20,0.0006388856659417908,0.015309983234687593,15309.983234687594,-0.0006388856659417908,False,0.016,4.0,0.0
2024-09-23,0.002549671433424749,0.015644214469536104,15644.214469536104,-0.002549671433424749,False,0.016,4.0,0.0
2024-09-24,0.011103739434233996,0.015117162426936786,15117.162426936786,-0.011103739434233996,False,0.016,4.0,0.0
2024-09-25,-0.004302894895570564,0.015200840360863744,15200.840360863744,0.004302894895570564,False,0.016,4.0,0.0
2024-09-26,0.011108303900791316,0.01556896640249534,15568.96640249534,-0.011108303900791316,False,0.016,4.0,0.0
2024-09-27,-0.0023338468854132936,0.01478651175324758,14786.51175324758,0.0023338468854132936,False,0.016,4.0,0.0
2024-09-30,-0.004427944885978508,0.014974512647761104,14974.512647761105,0.004427944885978508,False,0.016,4.0,0.0
2024-10-01,0.0004032869909609048,0.01405809916094747,14058.09916094747,-0.0004032869909609048,False,0.016,4.0,0.0
2024-10-02,0.0026624400018191437,0.014978059122283914,14978.059122283914,-0.0026624400018191437,False,0.016,4.0,0.0
2024-10-03,-0.004915408429026358,0.014928276647205916,14928.276647205916,0.004915408429026358,False,0.016,4.0,0.0
2024-10-04,0.00318557813476279,0.01499457151035791,14994.57151035791,-0.00318557813476279,False,0.016,4.0,0.0
2024-10-07,-0.0044744329921574625,0.014032256899916237,14032.256899916238,0.0044744329921574625,False,0.016,4.0,0.0
2024-10-08,-0.0011994344686447665,0.014503247963484414,14503.247963484415,0.0011994344686447665,False,0.016,4.0,0.0
2024-10-09,-0.0003496024591591597,0.014644497165472344,14644.497165472343,0.0003496024591591597,False,0.016,4.0,0.0
2024-10-10,0.000499757631832254,0.014065274739488388,14065.274739488388,-0.000499757631832254,False,0.016,4.0,0.0
2024-10-11,0.004318920670665616,0.014396428431892148,14396.428431892147,-0.004318920670665616,False,0.016,4.0,0.0
2024-10-14,0.0023178039662025587,0.014553053312690616,14553.053312690616,-0.0023178039662025587,False,0.016,4.0,0.0
2024-10-15,-0.005347216984348279,0.014069640372642208,14069.640372642209,0.005347216984348279,False,0.016,4.0,0.0
2024-10-16,0.00428589531052257,0.01443223478249914,14432.234782499141,-0.00428589531052257,False,0.016,4.0,0.0
2024-10-17,-0.0021226349303408833,0.014318354347587473,14318.354347587472,0.0021226349303408833,False,0.016,4.0,0.0
2024-10-18,0.00633246315368723,0.013800284293347087,13800.284293347087,-0.00633246315368723,False,0.016,4.0,0.0
2024-10-21,-0.004871905441832381,0.013975916798754456,13975.916798754457,0.004871905441832381,False,0.016,4.0,0.0
2024-10-22,0.0020257804705658303,0.014567049856066947,14567.049856066948,-0.0020257804705658303,False,0.016,4.0,0.0
2024-10-23,-0.00903079010174821,0.014421532014934157,14421.532014934157,0.00903079010174821,False,0.016,4.0,0.0
2024-10-24,0.004565038059436888,0.014365018272216519,14365.01827221652,-0.004565038059436888,False,0.016,4.0,0.0
2024-10-25,0.0002615755554947307,0.013683289203299195,13683.289203299195,-0.0002615755554947307,False,0.016,4.0,0.0
2024-10-28,0.0010022929513233026,0.013720273884369772,13720.273884369772,-0.0010022929513233026,False,0.016,4.0,0.0
2024-10-29,0.004111212930476827,0.014373187343166203,14373.187343166202,-0.004111212930476827,False,0.016,4.0,0.0
2024-10-30,-0.0023762867150418864,0.014321710602474851,14321.71060247485,0.0023762867150418864,False,0.016,4.0,0.0
2024-10-31,-0.01303963551662728,0.014113466019563594,14113.466019563593,0.01303963551662728,False,0.016,4.0,0.0
2024-11-01,-0.0011362563531209793,0.014341501972786386,14341.501972786386,0.0011362563531209793,False,0.016,4.0,0.0
2024-11-04,0.0034999611505319495,0.014498727865528298,14498.727865528297,-0.0034999611505319495,False,0.016,4.0,0.0
2024-11-05,0.009209829064236752,0.014478014888859813,14478.014888859812,-0.009209829064236752,False,0.016,4.0,0.0
2024-11-06,-0.003618942515905332,0.014023386393473367,14023.386393473367,0.003618942515905332,False,0.016,4.0,0.0
2024-11-07,0.014836735165462666,0.013946054596798256,13946.054596798256,-0.014836735165462666,False,0.016,4.0,0.0
2024-11-08,-0.002650270784964182,0.014348299766211702,14348.299766211701,0.002650270784964182,False,0.016,4.0,0.0
2024-11-11,-0.0071164388547858785,0.013807527820926953,13807.527820926953,0.0071164388547858785,False,0.016,4.0,0.0
2024-11-12,-0.00949970891281464,0.014355145407410381,14355.14540741038,0.00949970891281464,False,0.016,4.0,0.0
2024-11-13,-0.005361842028312425,0.013958869466425062,13958.869466425062,0.005361842028312425,False,0.016,4.0,0.0
2024-11-14,-0.0031510850030156633,0.013616590342667611,13616.59034266761,0.0031510850030156633,False,0.016,4.0,0.0
2024-11-15,-0.008212785854468763,0.013741213128585164,13741.213128585163,0.008212785854468763,False,0.016,4.0,0.0
2024-11-18,0.008650011880108189,0.01494550159072477,14945.501590724769,-0.008650011880108189,False,0.016,4.0,0.0
2024-11-19,0.0047802586488430165,0.014557293991103962,14557.293991103961,-0.0047802586488430165,False,0.016,4.0,0.0
2024-11-20,0.00020917928556545278,0.014047178090126351,14047.178090126352,-0.00020917928556545278,False,0.016,4.0,0.0
2024-11-21,0.0028910344829532254,0.01376304939728396,13763.04939728396,-0.0028910344829532254,False,0.016,4.0,0.0
2024-11-22,0.003676053848770655,0.014245984735408031,14245.98473540803,-0.003676053848770655,False,0.016,4.0,0.0
2024-11-25,0.00041922018442035533,0.013926456066976936,13926.456066976936,-0.00041922018442035533,False,0.016,4.0,0.0
2024-11-26,0.0008981026826123007,0.013304325901329484,13304.325901329485,-0.0008981026826123007,False,0.016,4.0,0.0
2024-11-27,-7.222433379305838e-05,0.014290825195461779,14290.825195461779,7.222433379305838e-05,False,0.016,4.0,0.0
2024-11-29,0.007113151663100715,0.01436654334898861,14366.543348988609,-0.007113151663100715,False,0.016,4.0,0.0
2024-12-02,0.0020516404560960715,0.013734722672557547,13734.722672557547,-0.0020516404560960715,False,0.016,4.0,0.0
2024-12-03,-0.00020272129165346275,0.014320096113630216,14320.096113630216,0.00020272129165346275,False,0.016,4.0,0.0
2024-12-04,0.006975842844884861,0.014640551314647388,14640.551314647388,-0.006975842844884861,False,0.016,4.0,0.0
2024-12-05,-0.0006295356874256754,0.014106661157861201,14106.661157861201,0.0006295356874256754,False,0.016,4.0,0.0
2024-12-06,0.002221505333743701,0.014098878028422973,14098.878028422972,-0.002221505333743701,False,0.016,4.0,0.0
2024-12-09,0.0016579923166591295,0.014102169070345423,14102.169070345424,-0.0016579923166591295,False,0.016,4.0,0.0
2024-12-10,-0.0028293375000035146,0.014541093393238065,14541.093393238065,0.0028293375000035146,False,0.016,4.0,0.0
2024-12-11,0.005960215465100883,0.014055723911038777,14055.723911038776,-0.005960215465100883,False,0.016,4.0,0.0
2024-12-12,-0.008678777081909339,0.01363774463634387,13637.74463634387,0.008678777081909339,False,0.016,4.0,0.0
2024-12-13,-0.002787458874571391,0.014202439592274489,14202.43959227449,0.002787458874571391,False,0.016,4.0,0.0
2024-12-16,0.0037259717171310045,0.013911281647285436,13911.281647285436,-0.0037259717171310045,False,0.016,4.0,0.0
2024-12-17,-0.002464224771013801,0.014688051695604548,14688.051695604549,0.002464224771013801,False,0.016,4.0,0.0
2024-12-18,-0.024169433321582567,0.013978105179156885,13978.105179156884,0.024169433321582567,True,0.02,5.0,0.010191328142425682
2024-12-19,-0.0030288385685052215,0.014170809043248234,14170.809043248235,0.0030288385685052215,False,0.02,5.0,0.0
2024-12-20,0.008181875568101927,0.014630439532760216,14630.439532760216,-0.008181875568101927,False,0.02,5.0,0.0
2024-12-23,0.0015055861247278866,0.014956365416181958,14956.365416181958,-0.0015055861247278866,False,0.02,5.0,0.0
2024-12-24,0.00679071335494692,0.014197066831403003,14197.066831403003,-0.00679071335494692,False,0.02,5.0,0.0
2024-12-26,0.0004103538559013575,0.015521520777901362,15521.520777901362,-0.0004103538559013575,False,0.02,5.0,0.0
2024-12-27,-0.00867203829248262,0.014493059487035739,14493.059487035738,0.00867203829248262,False,0.02,5.0,0.0
2024-12-30,-0.005580519491146418,0.014807965926410295,14807.965926410296,0.005580519491146418,False,0.02,5.0,0.0
2024-12-31,-0.00291773859871165,0.01395986513974473,13959.86513974473,0.00291773859871165,False,0.02,5.0,0.0
2025-01-02,0.0020976233173048975,0.014002854189162455,14002.854189162455,-0.0020976233173048975,False,0.02,5.0,0.0
2025-01-03,0.005429235465514792,0.014507968403228074,14507.968403228073,-0.005429235465514792,False,0.02,5.0,0.0
2025-01-06,0.0030225071799113274,0.01465666571023559,14656.66571023559,-0.0030225071799113274,False,0.02,5.0,0.0
2025-01-07,-0.008376960053659043,0.015027010134270321,15027.01013427032,0.008376960053659043,False,0.02,5.0,0.0
2025-01-08,0.0006939851923684959,0.01420797887407458,14207.978874074579,-0.0006939851923684959,False,0.02,5.0,0.0
2025-01-10,-0.009000330848066708,0.014237780816829703,14237.780816829703,0.009000330848066708,False,0.02,5.0,0.0
2025-01-13,-0.0037559706391694374,0.014589823979193303,14589.823979193303,0.0037559706391694374,False,0.02,5.0,0.0
2025-01-14,0.003061837899579989,0.014494283132656523,14494.283132656523,-0.003061837899579989,False,0.02,5.0,0.0
2025-01-15,0.01580105488821264,0.014601837438224229,14601.83743822423,-0.01580105488821264,False,0.02,5.0,0.0
2025-01-16,2.5837106898185447e-06,0.015089285215617972,15089.285215617972,-2.5837106898185447e-06,False,0.02,5.0,0.0
2025-01-17,0.006247291567040625,0.01448609589202878,14486.09589202878,-0.006247291567040625,False,0.02,5.0,0.0
2025-01-21,0.010028285286023442,0.014160174945682554,14160.174945682555,-0.010028285286023442,False,0.02,5.0,0.0
2025-01-22,0.003803858171649299,0.014506188902680664,14506.188902680664,-0.003803858171649299,False,0.02,5.0,0.0
2025-01-23,0.0001495306646359217,0.01472488115446242,14724.88115446242,-0.0001495306646359217,False,0.02,5.0,0.0
2025-01-24,0.0017403882505678814,0.013970742935916252,13970.742935916252,-0.0017403882505678814,False,0.02,5.0,0.0
2025-01-27,-0.012003310995790106,0.015042860877658569,15042.86087765857,0.012003310995790106,False,0.02,5.0,0.0
2025-01-28,0.007740009306828455,0.01479498296037892,14794.98296037892,-0.007740009306828455,False,0.02,5.0,0.0
2025-01-29,-0.00240142823505789,0.014784345641151607,14784.345641151607,0.00240142823505789,False,0.02,5.0,0.0
2025-01-30,0.009093953449724124,0.014996743093409075,14996.743093409075,-0.009093953449724124,False,0.02,5.0,0.0
2025-01-31,-0.004540718537914446,0.014473484684543033,14473.484684543033,0.004540718537914446,False,0.02,5.0,0.0
2025-02-03,-0.0017020387919701068,0.014880157031735581,14880.157031735582,0.0017020387919701068,False,0.02,5.0,0.0
2025-02-04,0.009962964847932108,0.01476325678301809,14763.25678301809,-0.009962964847932108,False,0.02,5.0,0.0
2025-02-05,0.0057528126044788415,0.01457778277466314,14577.782774663141,-0.0057528126044788415,False,0.02,5.0,0.0
2025-02-06,0.0019561299457568904,0.015251171133138284,15251.171133138285,-0.0019561299457568904,False,0.02,5.0,0.0
2025-02-07,-0.005472642384448267,0.014954176057183435,14954.176057183435,0.005472642384448267,False,0.02,5.0,0.0
2025-02-10,0.008969348889927287,0.014251982939265558,14251.982939265557,-0.008969348889927287,False,0.02,5.0,0.0
2025-02-11,-0.0031128480120737882,0.014115516621304074,14115.516621304074,0.0031128480120737882,False,0.02,5.0,0.0
2025-02-12,-0.0019293841119379044,0.014433045112158075,14433.045112158075,0.0019293841119379044,False,0.016,4.0,0.0
2025-02-13,0.011564688125601831,0.01395591747355838,13955.91747355838,-0.011564688125601831,False,0.016,4.0,0.0
2025-02-14,0.00045851945595274394,0.01485009616495534,14850.09616495534,-0.00045851945595274394,False,0.016,4.0,0.0
2025-02-18,0.0032581310060813217,0.014472923817738377,14472.923817738378,-0.0032581310060813217,False,0.016,4.0,0.0
2025-02-19,0.0005738310915102353,0.014311330322734097,14311.330322734097,-0.0005738310915102353,False,0.016,4.0,0.0
2025-02-20,0.0010084220566637823,0.01475125588951897,14751.25588951897,-0.0010084220566637823,False,0.016,4.0,0.0
2025-02-21,-0.005916708150059091,0.014690531848088682,14690.531848088682,0.005916708150059091,False,0.016,4.0,0.0
2025-02-24,-0.004678202620316441,0.01458764516952861,14587.64516952861,0.004678202620316441,False,0.016,4.0,0.0
2025-02-25,-0.0025670154529422455,0.014994852918721518,14994.852918721519,0.0025670154529422455,False,0.016,4.0,0.0
2025-02-26,0.004059847187759092,0.014576345826358045,14576.345826358045,-0.004059847187759092,False,0.016,4.0,0.0
2025-02-27,-0.017102643510171545,0.014799150782606806,14799.150782606806,0.017102643510171545,True,0.02,5.0,0.0023034927275647384
2025-02-28,0.004740352274210192,0.014169855777056962,14169.855777056962,-0.004740352274210192,False,0.02,5.0,0.0
2025-03-03,-0.006069917283221727,0.014608463140661188,14608.463140661188,0.006069917283221727,False,0.02,5.0,0.0
2025-03-04,-0.0020133140604014165,0.014187940326791024,14187.940326791024,0.0020133140604014165,False,0.02,5.0,0.0
2025-03-05,0.009549805727869388,0.014761321253770707,14761.321253770706,-0.009549805727869388,False,0.02,5.0,0.0
2025-03-06,-0.011988941618029103,0.014490313503743255,14490.313503743255,0.011988941618029103,False,0.02,5.0,0.0
2025-03-07,0.003050083682712601,0.015120181585550514,15120.181585550514,-0.003050083682712601,False,0.02,5.0,0.0
2025-03-10,-0.01751591035345654,0.015352409173971869,15352.40917397187,0.01751591035345654,True,0.024,6.0,0.002163501179484672
2025-03-11,0.00043754587458741964,0.015857790184416506,15857.790184416506,-0.00043754587458741964,False,0.024,6.0,0.0
2025-03-12,0.004090061224223929,0.01513051645295408,15130.51645295408,-0.004090061224223929,False,0.024,6.0,0.0
2025-03-13,-0.0017736222045044107,0.015493779886135437,15493.779886135437,0.0017736222045044107,False,0.024,6.0,0.0
2025-03-14,0.0116408555417308,0.015178296049721297,15178.296049721297,-0.0116408555417308,False,0.024,6.0,0.0
2025-03-17,0.00832941133563092,0.014993105027986106,14993.105027986107,-0.00832941133563092,False,0.024,6.0,0.0
2025-03-18,-0.004052682972989064,0.014608230932872059,14608.230932872058,0.004052682972989064,False,0.024,6.0,0.0
2025-03-19,0.007199930392204213,0.014897710700637121,14897.71070063712,-0.007199930392204213,False,0.024,6.0,0.0
2025-03-20,-0.0032383506406484797,0.014680398803737501,14680.3988037375,0.0032383506406484797,False,0.024,6.0,0.0
2025-03-21,-0.0030504644923643686,0.015953828737555974,15953.828737555974,0.0030504644923643686,False,0.024,6.0,0.0
2025-03-24,0.00592651612184314,0.015388774763996754,15388.774763996755,-0.00592651612184314,False,0.024,6.0,0.0
2025-03-25,0.0018992615499752175,0.014907636174573663,14907.636174573663,-0.0018992615499752175,False,0.024,6.0,0.0
2025-03-26,-0.00875694064084649,0.01501295746483416,15012.957464834159,0.00875694064084649,False,0.024,6.0,0.0
2025-03-27,0.0014186909695574458,0.014937463453952929,14937.463453952929,-0.0014186909695574458,False,0.024,6.0,0.0
2025-03-28,-0.008765973199117873,0.01508596248561286,15085.962485612861,0.008765973199117873,False,0.024,6.0,0.0
2025-03-31,0.005861543972982131,0.015575545802769226,15575.545802769226,-0.005861543972982131,False,0.024,6.0,0.0
2025-04-01,0.004155285589460611,0.014933179173319714,14933.179173319713,-0.004155285589460611,False,0.024,6.0,0.0
2025-04-02,0.0032782909291012353,0.015689829191274807,15689.829191274808,-0.0032782909291012353,False,0.024,6.0,0.0
2025-04-03,-0.025088716888988838,0.015585437705626115,15585.437705626115,0.025088716888988838,True,0.028,7.0,0.009503279183362722
2025-04-04,-0.03775536904666752,0.014938052486885924,14938.052486885925,0.03775536904666752,True,0.032,8.0,0.022817316559781597
2025-04-07,-0.017644070768403287,0.018209068406438312,18209.068406438313,0.017644070768403287,False,0.032,8.0,0.0
2025-04-08,-0.012236638162669268,0.017077103082796044,17077.103082796046,0.012236638162669268,False,0.032,8.0,0.0
2025-04-09,0.06744834371296182,0.01759401088077141,17594.01088077141,-0.06744834371296182,False,0.032,8.0,0.0
2025-04-10,-0.02134671012281002,0.018930860532115044,18930.860532115043,0.02134671012281002,True,0.036,9.0,0.0024158495906949767
2025-04-11,0.018432989454197555,0.02030826904862571,20308.269048625712,-0.018432989454197555,False,0.036,9.0,0.0
2025-04-14,0.005402231371424882,0.019607790562793756,19607.790562793754,-0.005402231371424882,False,0.036,9.0,0.0
2025-04-15,0.0012278249933231678,0.019669923070108578,19669.923070108576,-0.0012278249933231678,False,0.036,9.0,0.0
2025-04-16,-0.005180627334869903,0.0197183491773918,19718.3491773918,0.005180627334869903,False,0.036,9.0,0.0
2025-04-17,-0.0008568608580729943,0.019796004483875397,19796.004483875397,0.0008568608580729943,False,0.036,9.0,0.0
2025-04-21,-0.007066422423884357,0.020018407957382044,20018.407957382045,0.007066422423884357,False,0.036,9.0,0.0
2025-04-22,0.011737589667567706,0.020391648327551713,20391.648327551713,-0.011737589667567706,False,0.036,9.0,0.0
2025-04-23,0.007085368376049561,0.020193541449989205,20193.541449989203,-0.007085368376049561,False,0.036,9.0,0.0
2025-04-24,0.017179598728078282,0.020021468460864483,20021.468460864482,-0.017179598728078282,False,0.036,9.0,0.0
2025-04-25,0.0026120080407789235,0.01943249038574222,19432.49038574222,-0.0026120080407789235,False,0.036,9.0,0.0
2025-04-28,0.004489420692501179,0.01993578901995757,19935.78901995757,-0.004489420692501179,False,0.036,9.0,0.0
2025-04-29,0.0028612743611766693,0.021088116088103914,21088.116088103914,-0.0028612743611766693,False,0.036,9.0,0.0
2025-04-30,-0.0025569408491329607,0.01921762373596739,19217.62373596739,0.0025569408491329607,False,0.032,8.0,0.0
2025-05-01,-0.0011847131981716163,0.01957611114333292,19576.111143332917,0.0011847131981716163,False,0.032,8.0,0.0
2025-05-02,0.00983665719905944,0.019421424853128633,19421.424853128632,-0.00983665719905944,False,0.032,8.0,0.0
2025-05-05,0.004034233751554583,0.01977800693510748,19778.006935107478,-0.004034233751554583,False,0.032,8.0,0.0
2025-05-06,0.0019436429143246728,0.019832191272878448,19832.19127287845,-0.0019436429143246728,False,0.032,8.0,0.0
2025-05-07,-0.0028298611202594247,0.020015747297632218,20015.747297632217,0.0028298611202594247,False,0.032,8.0,0.0
2025-05-08,-0.002844493981145168,0.019843998279029655,19843.998279029656,0.002844493981145168,False,0.032,8.0,0.0
2025-05-09,0.0027091030089990255,0.01958551566488366,19585.51566488366,-0.0027091030089990255,False,0.032,8.0,0.0
2025-05-12,0.01157817551500562,0.019735444812787595,19735.444812787595,-0.01157817551500562,False,0.032,8.0,0.0
2025-05-13,0.004757780581403415,0.020023051436322575,20023.051436322574,-0.004757780581403415,False,0.032,8.0,0.0
2025-05-14,-0.0025575365016765163,0.020097269618677933,20097.269618677932,0.0025575365016765163,False,0.032,8.0,0.0
2025-05-15,0.0060611310542944006,0.020835670822665766,20835.670822665765,-0.0060611310542944006,False,0.032,8.0,0.0
2025-05-16,0.00012476008470729846,0.019901977382665456,19901.977382665456,-0.00012476008470729846,False,0.032,8.0,0.0
2025-05-19,0.0028395991185485637,0.019817659185969606,19817.659185969605,-0.0028395991185485637,False,0.032,8.0,0.0
2025-05-20,0.0007286108938614036,0.020053433497735522,20053.43349773552,-0.0007286108938614036,False,0.032,8.0,0.0
2025-05-21,-0.008610013742032675,0.02005721658967107,20057.216589671072,0.008610013742032675,False,0.032,8.0,0.0
2025-05-22,-0.0009205539261187834,0.018779418895555188,18779.418895555187,0.0009205539261187834,False,0.032,8.0,0.0
2025-05-23,0.0023210093096107673,0.019941641161524706,19941.641161524705,-0.0023210093096107673,False,0.032,8.0,0.0
2025-05-27,0.007788682182262697,0.019073662091633855,19073.662091633854,-0.007788682182262697,False,0.032,8.0,0.0
2025-05-28,-0.004270511173045489,0.01882237414579052,18822.37414579052,0.004270511173045489,False,0.032,8.0,0.0
2025-05-29,0.004959181693410653,0.019594418165598013,19594.418165598014,-0.004959181693410653,False,0.032,8.0,0.0
2025-05-30,-0.003983291388696575,0.01915313115344558,19153.131153445578,0.003983291388696575,False,0.032,8.0,0.0
2025-06-02,0.007611037426462942,0.019561064287891762,19561.06428789176,-0.007611037426462942,False,0.032,8.0,0.0
2025-06-03,0.001060363291627331,0.019406193190661676,19406.193190661677,-0.001060363291627331,False,0.032,8.0,0.0
2025-06-04,0.007519355918165771,0.019938540620168962,19938.540620168962,-0.007519355918165771,False,0.032,8.0,0.0
2025-06-05,-0.0023114920654965457,0.01937644859747191,19376.44859747191,0.0023114920654965457,False,0.032,8.0,0.0
2025-06-06,-0.0005776805514920987,0.018975740796851708,18975.740796851707,0.0005776805514920987,False,0.032,8.0,0.0
2025-06-09,0.003334276489762455,0.019461647455801135,19461.647455801136,-0.003334276489762455,False,0.032,8.0,0.0
2025-06-10,0.004686512698681433,0.019400882101167603,19400.882101167605,-0.004686512698681433,False,0.032,8.0,0.0
2025-06-11,0.0012841499785687161,0.01891262846154556,18912.62846154556,-0.0012841499785687161,False,0.032,8.0,0.0
2025-06-12,0.006474728534313457,0.02043684164760004,20436.841647600042,-0.006474728534313457,False,0.032,8.0,0.0
2025-06-13,-0.007229345755513506,0.0194316304767984,19431.6304767984,0.007229345755513506,False,0.032,8.0,0.0
2025-06-16,0.0022693836430513594,0.020309457207718484,20309.457207718486,-0.0022693836430513594,False,0.032,8.0,0.0
2025-06-17,-0.003748256845789966,0.019342234931079724,19342.234931079725,0.003748256845789966,False,0.032,8.0,0.0
2025-06-18,-0.0008373683556712973,0.019967157716717435,19967.157716717436,0.0008373683556712973,False,0.032,8.0,0.0
2025-06-20,-0.0028982292643300323,0.019776347715586756,19776.347715586755,0.0028982292643300323,False,0.032,8.0,0.0
2025-06-23,0.0069324729963120115,0.019357714813517026,19357.714813517025,-0.0069324729963120115,False,0.032,8.0,0.0
2025-06-24,0.008757047701903066,0.01926723234500805,19267.232345008048,-0.008757047701903066,False,0.032,8.0,0.0
2025-06-25,0.0016494424951546184,0.018540777299698143,18540.777299698144,-0.0016494424951546184,False,0.032,8.0,0.0
2025-06-26,0.005553466393333407,0.01882286644482985,18822.86644482985,-0.005553466393333407,False,0.032,8.0,0.0
2025-06-27,-0.0040068358421011755,0.019697561753340732,19697.56175334073,0.0040068358421011755,False,0.032,8.0,0.0
2025-06-30,0.007240527353614779,0.01881492860343862,18814.92860343862,-0.007240527353614779,False,0.032,8.0,0.0
2025-07-01,0.0009030821006615229,0.01954749847845885,19547.49847845885,-0.0009030821006615229,False,0.032,8.0,0.0
2025-07-02,0.003003510814785782,0.01921476016454762,19214.76016454762,-0.003003510814785782,False,0.032,8.0,0.0
2025-07-03,0.0016931957358470753,0.01958165907399722,19581.65907399722,-0.0016931957358470753,False,0.032,8.0,0.0
2025-07-07,-0.007586149569260514,0.019805472061475055,19805.472061475055,0.007586149569260514,False,0.032,8.0,0.0
2025-07-08,-0.0010931017251382127,0.01941737654282744,19417.37654282744,0.0010931017251382127,False,0.032,8.0,0.0
2025-07-09,0.005270925556196926,0.018937323412646485,18937.323412646485,-0.005270925556196926,False,0.032,8.0,0.0
2025-07-10,0.0013979841833397842,0.01945816262384007,19458.16262384007,-0.0013979841833397842,False,0.032,8.0,0.0
2025-07-11,-0.002652638444935862,0.01943610617937902,19436.10617937902,0.002652638444935862,False,0.032,8.0,0.0
2025-07-14,0.00024639568672737424,0.01941630051811844,19416.30051811844,-0.00024639568672737424,False,0.032,8.0,0.0
2025-07-15,-0.0014557471693362302,0.01949019627691718,19490.19627691718,0.0014557471693362302,False,0.032,8.0,0.0
2025-07-16,0.00309832748857124,0.020178972669443365,20178.972669443367,-0.00309832748857124,False,0.032,8.0,0.0
2025-07-17,0.0035057418584356626,0.019387765558658787,19387.765558658786,-0.0035057418584356626,False,0.032,8.0,0.0
2025-07-18,3.96935784237495e-05,0.019347870560004712,19347.870560004714,-3.96935784237495e-05,False,0.032,8.0,0.0
2025-07-21,0.007577401924857697,0.019409173484039578,19409.173484039577,-0.007577401924857697,False,0.032,8.0,0.0
2025-07-22,0.002221193220327633,0.019214437982185712,19214.43798218571,-0.002221193220327633,False,0.032,8.0,0.0
2025-07-23,0.0010470178070973058,0.020180627447533937,20180.627447533938,-0.0010470178070973058,False,0.032,8.0,0.0
2025-07-24,-0.0021619920436063643,0.019510416713369155,19510.416713369155,0.0021619920436063643,False,0.028,7.0,0.0
2025-07-25,0.0001296390587842697,0.019227831954940475,19227.831954940473,-0.0001296390587842697,False,0.028,7.0,0.0
2025-07-28,-0.0033488081360592667,0.018731321459386503,18731.321459386505,0.0033488081360592667,False,0.028,7.0,0.0
2025-07-29,0.0031712941785730256,0.018692408318044446,18692.408318044447,-0.0031712941785730256,False,0.028,7.0,0.0
2025-07-30,-0.005932675273175203,0.019669298440942465,19669.298440942464,0.005932675273175203,False,0.028,7.0,0.0
2025-07-31,-0.001512494646078122,0.0191915690516067,19191.5690516067,0.001512494646078122,False,0.028,7.0,0.0
2025-08-01,-0.001797332004320573,0.019302227144896326,19302.227144896326,0.001797332004320573,False,0.028,7.0,0.0
2025-08-04,0.010516158261013642,0.01857633883695525,18576.33883695525,-0.010516158261013642,False,0.028,7.0,0.0
2025-08-05,-0.001022826726418935,0.01852411001699949,18524.11001699949,0.001022826726418935,False,0.024,6.0,0.0
2025-08-06,0.003411399675050397,0.018226814492623852,18226.814492623853,-0.003411399675050397,False,0.024,6.0,0.0
2025-08-07,0.003526428419726635,0.018315540722189376,18315.540722189377,-0.003526428419726635,False,0.024,6.0,0.0
2025-08-08,0.0023518517609548485,0.01822941807099144,18229.41807099144,-0.0023518517609548485,False,0.024,6.0,0.0
2025-08-11,-0.004199465349653142,0.017504874295624404,17504.874295624402,0.004199465349653142,False,0.024,6.0,0.0
2025-08-12,0.005888585989863105,0.018268760603625443,18268.760603625444,-0.005888585989863105,False,0.024,6.0,0.0
2025-08-13,0.005455405378107515,0.018405046663527026,18405.046663527028,-0.005455405378107515,False,0.024,6.0,0.0
2025-08-14,-0.0053424611047607545,0.01921010909076189,19210.10909076189,0.0053424611047607545,False,0.024,6.0,0.0
2025-08-15,-0.002414969856367244,0.018527582396199612,18527.582396199614,0.002414969856367244,False,0.024,6.0,0.0
2025-08-18,0.00014721919025417757,0.01788708744738575,17887.08744738575,-0.00014721919025417757,False,0.024,6.0,0.0
2025-08-19,-0.00536490782739687,0.01882382196885939,18823.82196885939,0.00536490782739687,False,0.024,6.0,0.0
2025-08-20,0.0004630859822196021,0.01828052217042698,18280.52217042698,-0.0004630859822196021,False,0.024,6.0,0.0
2025-08-21,-0.0038548405372812013,0.01848150313129644,18481.50313129644,0.0038548405372812013,False,0.024,6.0,0.0
2025-08-22,0.013768172999816254,0.01868374733332957,18683.74733332957,-0.013768172999816254,False,0.024,6.0,0.0
2025-08-25,-0.0036600883546143996,0.018232751174050335,18232.751174050336,0.0036600883546143996,False,0.024,6.0,0.0
2025-08-26,0.002461185368209651,0.018752324023878417,18752.324023878416,-0.002461185368209651,False,0.024,6.0,0.0
2025-08-27,-0.0002586990964709157,0.018290628867399135,18290.628867399137,0.0002586990964709157,False,0.024,6.0,0.0
2025-08-28,0.00552107069646941,0.018094077304040494,18094.077304040493,-0.00552107069646941,False,0.024,6.0,0.0
2025-08-29,-0.0039576136166808995,0.017901120037822824,17901.120037822824,0.0039576136166808995,False,0.024,6.0,0.0
2025-09-02,-7.838755480273871e-05,0.01842579540066327,18425.79540066327,7.838755480273871e-05,False,0.024,6.0,0.0
2025-09-03,0.007182050162415666,0.018488621249240708,18488.621249240707,-0.007182050162415666,False,0.024,6.0,0.0
2025-09-04,0.0034829236215989435,0.017794006314402283,17794.006314402282,-0.0034829236215989435,False,0.024,6.0,0.0
2025-09-05,0.007835132945549073,0.018113134260966814,18113.134260966814,-0.007835132945549073,False,0.024,6.0,0.0
2025-09-08,0.008233040509164579,0.018512783787440177,18512.783787440178,-0.008233040509164579,False,0.024,6.0,0.0
2025-09-09,0.000538389839554987,0.01806391726338813,18063.917263388128,-0.000538389839554987,False,0.024,6.0,0.0
2025-09-10,0.0038725835543750088,0.01785630976891229,17856.309768912288,-0.0038725835543750088,False,0.024,6.0,0.0
2025-09-11,0.006775442646025698,0.017547513297662364,17547.513297662364,-0.006775442646025698,False,0.024,6.0,0.0
2025-09-12,0.00023262911813637372,0.018222676895176065,18222.676895176064,-0.00023262911813637372,False,0.024,6.0,0.0
2025-09-15,0.0067783889032190904,0.01746610318179388,17466.10318179388,-0.0067783889032190904,False,0.024,6.0,0.0
2025-09-16,0.0018601194720225813,0.018118457290937934,18118.457290937935,-0.0018601194720225813,False,0.024,6.0,0.0
2025-09-17,-0.0018323903557408096,0.018486154558676533,18486.154558676535,0.0018323903557408096,False,0.024,6.0,0.0
2025-09-18,-0.0006154887287144196,0.01814383698461214,18143.83698461214,0.0006154887287144196,False,0.024,6.0,0.0
2025-09-19,0.003632942261710803,0.018308861574989795,18308.861574989794,-0.003632942261710803,False,0.024,6.0,0.0
2025-09-22,0.005853547301239882,0.018115315014997264,18115.315014997264,-0.005853547301239882,False,0.024,6.0,0.0
2025-09-23,-8.925504992307603e-05,0.018142247993746054,18142.247993746056,8.925504992307603e-05,False,0.024,6.0,0.0
2025-09-24,-0.004587796179749271,0.01775236575258515,17752.36575258515,0.004587796179749271,False,0.024,6.0,0.0
2025-09-25,-0.0021190854386156756,0.018251612373973727,18251.612373973727,0.0021190854386156756,False,0.024,6.0,0.0
2025-09-26,0.002563968468431899,0.017212261313227447,17212.261313227445,-0.002563968468431899,False,0.024,6.0,0.0
2025-09-29,0.00825112167890576,0.017853849390403086,17853.849390403087,-0.00825112167890576,False,0.024,6.0,0.0
2025-09-30,0.0032186810724716963,0.018058045111919423,18058.045111919422,-0.0032186810724716963,False,0.024,6.0,0.0
2025-10-01,0.004045483609547951,0.017489422420015888,17489.422420015886,-0.004045483609547951,False,0.024,6.0,0.0
2025-10-02,0.0018674418451496422,0.017204557388322533,17204.557388322533,-0.0018674418451496422,False,0.024,6.0,0.0
2025-10-03,0.0009738126780977078,0.017353892587099545,17353.892587099544,-0.0009738126780977078,False,0.024,6.0,0.0
2025-10-06,0.005321739862457742,0.01759666577873763,17596.66577873763,-0.005321739862457742,False,0.024,6.0,0.0
2025-10-07,-0.0011542534848662856,0.017667582316611707,17667.582316611708,0.0011542534848662856,False,0.024,6.0,0.0
2025-10-08,0.008531320196265924,0.017626369709829743,17626.36970982974,-0.008531320196265924,False,0.024,6.0,0.0
2025-10-09,-0.006724272117444997,0.01710658694935593,17106.58694935593,0.006724272117444997,False,0.024,6.0,0.0
2025-10-10,-0.014479386934555484,0.017227221255708153,17227.221255708155,0.014479386934555484,False,0.024,6.0,0.0
2025-10-13,0.017877364838333267,0.01793647795010524,17936.47795010524,-0.017877364838333267,False,0.024,6.0,0.0
2025-10-14,-0.0013039708111445946,0.018208559450282588,18208.559450282588,0.0013039708111445946,False,0.024,6.0,0.0
2025-10-15,0.008610357983404305,0.01858051801253193,18580.51801253193,-0.008610357983404305,False,0.024,6.0,0.0
2025-10-16,0.005375049881837591,0.018337094659637256,18337.094659637256,-0.005375049881837591,False,0.024,6.0,0.0
2025-10-17,-0.0016582355456780996,0.018441794588414138,18441.794588414137,0.0016582355456780996,False,0.024,6.0,0.0
2025-10-20,0.015379851600504769,0.01873605859402839,18736.05859402839,-0.015379851600504769,False,0.024,6.0,0.0
2025-10-21,-0.01414740546598834,0.01783494528740886,17834.94528740886,0.01414740546598834,False,0.024,6.0,0.0
2025-10-22,-0.0029990859099217953,0.01846153788661175,18461.53788661175,0.0029990859099217953,False,0.024,6.0,0.0
2025-10-23,0.004068366706447658,0.01856951942026004,18569.519420260043,-0.004068366706447658,False,0.024,6.0,0.0
2025-10-24,0.004502353123933057,0.018909034911445546,18909.034911445546,-0.004502353123933057,False,0.024,6.0,0.0
2025-10-27,0.003245473875892691,0.017685667151049203,17685.6671510492,-0.003245473875892691,False,0.024,6.0,0.0
2025-10-28,0.0010871595861960072,0.01890523887107978,18905.23887107978,-0.0010871595861960072,False,0.024,6.0,0.0
2025-10-29,-0.0006328661640893519,0.018177645009936412,18177.645009936412,0.0006328661640893519,False,0.024,6.0,0.0
2025-10-30,-0.004563702241102518,0.017479890428717722,17479.89042871772,0.004563702241102518,False,0.024,6.0,0.0
2025-10-31,-0.000530664891148347,0.01789752664118621,17897.52664118621,0.000530664891148347,False,0.024,6.0,0.0
2025-11-03,0.002456539718211537,0.018473977495420745,18473.977495420746,-0.002456539718211537,False,0.024,6.0,0.0
2025-11-04,-0.013153790778820685,0.018374996452198134,18374.996452198135,0.013153790778820685,False,0.024,6.0,0.0
2025-11-05,0.003922188137707461,0.01876608792996026,18766.08792996026,-0.003922188137707461,False,0.024,6.0,0.0
2025-11-06,-0.005800544736049851,0.018005024411967614,18005.024411967614,0.005800544736049851,False,0.024,6.0,0.0
2025-11-07,-0.00021857091515737885,0.0183242636179155,18324.2636179155,0.00021857091515737885,False,0.024,6.0,0.0
2025-11-10,0.016488940381261207,0.016906211448485718,16906.21144848572,-0.016488940381261207,False,0.024,6.0,0.0
2025-11-11,0.0018445777046378399,0.018283917783132465,18283.917783132467,-0.0018445777046378399,False,0.024,6.0,0.0
2025-11-12,0.0035675283557233596,0.018218243414457897,18218.2434144579,-0.0035675283557233596,False,0.024,6.0,0.0
2025-11-13,-0.012999874308596173,0.017860832041047235,17860.832041047233,0.012999874308596173,False,0.024,6.0,0.0
2025-11-14,-0.004523106445405767,0.017939615317707172,17939.615317707172,0.004523106445405767,False,0.024,6.0,0.0
2025-11-17,-0.007734447941528888,0.018128546681210344,18128.546681210344,0.007734447941528888,False,0.024,6.0,0.0
2025-11-18,-0.0037232980426344935,0.018199473193119754,18199.473193119753,0.0037232980426344935,False,0.024,6.0,0.0
2025-11-19,0.0011850923161091707,0.01777202562904853,17772.02562904853,-0.0011850923161091707,False,0.024,6.0,0.0
2025-11-20,-0.009802209672225715,0.017954264239339088,17954.26423933909,0.009802209672225715,False,0.024,6.0,0.0
2025-11-21,0.003752800219628716,0.018219052470108188,18219.05247010819,-0.003752800219628716,False,0.024,6.0,0.0
2025-11-24,0.014476105816990437,0.018293282353797555,18293.282353797556,-0.014476105816990437,False,0.024,6.0,0.0
2025-11-25,0.004270006934950188,0.018695984424825982,18695.984424825983,-0.004270006934950188,False,0.024,6.0,0.0
2025-11-26,0.007082533498545951,0.01905900302869034,19059.00302869034,-0.007082533498545951,False,0.024,6.0,0.0
2025-11-28,0.004544150511299772,0.01880671963378272,18806.71963378272,-0.004544150511299772,False,0.024,6.0,0.0
2025-12-01,-0.0032577292839935934,0.018609822979837893,18609.822979837892,0.0032577292839935934,False,0.024,6.0,0.0
2025-12-02,0.0008115009770764736,0.018348947973438553,18348.947973438553,-0.0008115009770764736,False,0.024,6.0,0.0
2025-12-03,0.0017057302078608008,0.01791695119337686,17916.95119337686,-0.0017057302078608008,False,0.024,6.0,0.0
2025-12-04,-0.0010252653320590444,0.018054069866746753,18054.069866746755,0.0010252653320590444,False,0.024,6.0,0.0
2025-12-05,0.0014224499697849337,0.018328370268436454,18328.370268436454,-0.0014224499697849337,False,0.024,6.0,0.0
2025-12-08,-0.00260873344910153,0.018954950381848197,18954.950381848197,0.00260873344910153,False,0.024,6.0,0.0
2025-12-09,0.0009767926381031523,0.018817642676933862,18817.64267693386,-0.0009767926381031523,False,0.024,6.0,0.0
2025-12-10,0.00600770226279117,0.018828200634823572,18828.200634823574,-0.00600770226279117,False,0.024,6.0,0.0
2025-12-11,0.0007576612957165275,0.017587574456052354,17587.574456052353,-0.0007576612957165275,False,0.024,6.0,0.0
2025-12-12,-0.009115164865058811,0.018789818577421784,18789.818577421785,0.009115164865058811,False,0.024,6.0,0.0
2025-12-15,-0.0015765477766908286,0.01730317454726074,17303.17454726074,0.0015765477766908286,False,0.024,6.0,0.0
2025-12-16,-0.00027040165046705584,0.019093291390504006,19093.291390504008,0.00027040165046705584,False,0.024,6.0,0.0
2025-12-17,-0.005807030730493357,0.018501639416132497,18501.639416132497,0.005807030730493357,False,0.024,6.0,0.0
2025-12-18,0.00728575757332024,0.01836638592647867,18366.38592647867,-0.00728575757332024,False,0.02,5.0,0.0
2025-12-19,0.005853983401127817,0.01787955432403475,17879.55432403475,-0.005853983401127817,False,0.02,5.0,0.0
2025-12-22,0.007466607113157409,0.01796443122211632,17964.43122211632,-0.007466607113157409,False,0.02,5.0,0.0
2025-12-23,0.0059326518639100986,0.018044620933964913,18044.620933964914,-0.0059326518639100986,False,0.02,5.0,0.0
2025-12-24,0.0020783083903339384,0.01746315562867067,17463.15562867067,-0.0020783083903339384,False,0.02,5.0,0.0
2025-12-26,0.0030399600126250538,0.018042576937611625,18042.576937611626,-0.0030399600126250538,False,0.02,5.0,0.0
2025-12-29,-0.010145266169510149,0.01821434747599346,18214.347475993458,0.010145266169510149,False,0.02,5.0,0.0
2025-12-30,-0.00023448035983510975,0.018226442819581433,18226.442819581433,0.00023448035983510975,False,0.02,5.0,0.0
2025-12-31,-0.00664148667682436,0.01739233426876608,17392.33426876608,0.00664148667682436,False,0.02,5.0,0.0
