Date,Portfolio_Return,Parametric_VaR,Parametric_VaR_Dollar,Realized_Loss,Exception,Rolling_Exception_Rate,Rolling_Exception_Count,Exception_Severity
2015-12-31,-0.004131080123779941,0.01493674930056788,14936.74930056788,0.004131080123779941,False,,,0.0
2016-01-04,-0.008221152828364975,0.014938539228394988,14938.539228394988,0.008221152828364975,False,,,0.0
2016-01-05,0.0001952698259715557,0.015021194889642198,15021.194889642198,-0.0001952698259715557,False,,,0.0
2016-01-06,-0.0026848425475338275,0.015005474791515405,15005.474791515406,0.0026848425475338275,False,,,0.0
2016-01-07,-0.014047069470360852,0.015009139632914158,15009.139632914159,0.014047069470360852,False,,,0.0
2016-01-08,-0.005970742930071715,0.015207482284681752,15207.482284681751,0.005970742930071715,False,,,0.0
2016-01-11,-0.003222124682802985,0.015245351867426284,15245.351867426285,0.003222124682802985,False,,,0.0
2016-01-12,0.006212993637021791,0.015265944439813037,15265.944439813036,-0.006212993637021791,False,,,0.0
2016-01-13,-0.011033269489743971,0.01525979365701102,15259.79365701102,0.011033269489743971,False,,,0.0
2016-01-14,0.005021919427847155,0.015389683720857496,15389.683720857496,-0.005021919427847155,False,,,0.0
2016-01-15,-0.01322272088261478,0.015381327010592718,15381.327010592719,0.01322272088261478,False,,,0.0
2016-01-19,0.002841750336439186,0.015541569782523896,15541.569782523897,-0.002841750336439186,False,,,0.0
2016-01-20,-0.0027600130401348676,0.015539395813114708,15539.395813114708,0.0027600130401348676,False,,,0.0
2016-01-21,0.0009677301531877401,0.015499220419661269,15499.22041966127,-0.0009677301531877401,False,,,0.0
2016-01-22,0.015042467186383201,0.015492715927120851,15492.715927120851,-0.015042467186383201,False,,,0.0
2016-01-25,-0.006258674511345786,0.015592824509223198,15592.8245092232,0.006258674511345786,False,,,0.0
2016-01-26,0.009818670875383616,0.015592349864574584,15592.349864574584,-0.009818670875383616,False,,,0.0
2016-01-27,-0.007145560504359084,0.015600851129737924,15600.851129737925,0.007145560504359084,False,,,0.0
2016-01-28,0.005171376516050353,0.01565330247363682,15653.302473636822,-0.005171376516050353,False,,,0.0
2016-01-29,0.018001222998230395,0.015646929174972464,15646.929174972463,-0.018001222998230395,False,,,0.0
2016-02-01,1.2915390062295859e-05,0.015809590755404532,15809.590755404532,-1.2915390062295859e-05,False,,,0.0
2016-02-02,-0.010621850708470548,0.015814055770410177,15814.055770410178,0.010621850708470548,False,,,0.0
2016-02-03,0.00639283572039786,0.01592793954551327,15927.939545513269,-0.00639283572039786,False,,,0.0
2016-02-04,0.00520616397377045,0.015937968339497573,15937.968339497573,-0.00520616397377045,False,,,0.0
2016-02-05,-0.00966215075728234,0.015753148641694283,15753.148641694283,0.00966215075728234,False,,,0.0
2016-02-08,-0.0014894926511116455,0.01584794164561432,15847.941645614319,0.0014894926511116455,False,,,0.0
2016-02-09,-0.0036067597978725724,0.015859309475993795,15859.309475993796,0.0036067597978725724,False,,,0.0
2016-02-10,0.004729924446251777,0.0158672137781244,15867.2137781244,-0.004729924446251777,False,,,0.0
2016-02-11,0.0032038399806512356,0.015847421838863292,15847.421838863293,-0.0032038399806512356,False,,,0.0
2016-02-12,0.006141871498339845,0.01584652259381769,15846.522593817692,-0.006141871498339845,False,,,0.0
2016-02-16,0.004138469193716898,0.01580027628270835,15800.276282708348,-0.004138469193716898,False,,,0.0
2016-02-17,0.011741329441419236,0.01580163596603354,15801.635966033538,-0.011741329441419236,False,,,0.0
2016-02-18,0.0030458105579937557,0.015843965484448896,15843.965484448896,-0.0030458105579937557,False,,,0.0
2016-02-19,-0.001455644848936322,0.015843777615449826,15843.777615449826,0.001455644848936322,False,,,0.0
2016-02-22,0.0074414749764482035,0.015852982256813735,15852.982256813735,-0.0074414749764482035,False,,,0.0
2016-02-23,-0.006272050094253978,0.015861376048409568,15861.376048409567,0.006272050094253978,False,,,0.0
2016-02-24,0.0026333477477191282,0.015913833543977452,15913.833543977453,-0.0026333477477191282,False,,,0.0
2016-02-25,0.006296441030657852,0.01590306404845504,15903.06404845504,-0.006296441030657852,False,,,0.0
2016-02-26,-0.005990255871355422,0.01590741341481279,15907.41341481279,0.005990255871355422,False,,,0.0
2016-02-29,0.0018501382022021232,0.015945785108585464,15945.785108585464,-0.0018501382022021232,False,,,0.0
2016-03-01,0.013256453503023692,0.015911694811642077,15911.694811642077,-0.013256453503023692,False,,,0.0
2016-03-02,0.006020158881572125,0.015952361792952063,15952.361792952064,-0.006020158881572125,False,,,0.0
2016-03-03,0.0068522534047204655,0.015953121420344166,15953.121420344167,-0.0068522534047204655,False,,,0.0
2016-03-04,0.003106867354490683,0.015663337280716092,15663.337280716092,-0.003106867354490683,False,,,0.0
2016-03-07,-0.0004420971626366344,0.015663327337335234,15663.327337335233,0.0004420971626366344,False,,,0.0
2016-03-08,-0.005973549279983704,0.015559531651861221,15559.531651861222,0.005973549279983704,False,,,0.0
2016-03-09,0.0006421747134625954,0.015609244123638054,15609.244123638055,-0.0006421747134625954,False,,,0.0
2016-03-10,0.0025543673582562264,0.015610044772675432,15610.044772675432,-0.0025543673582562264,False,,,0.0
2016-03-11,0.005453196533469673,0.015568279033808417,15568.279033808418,-0.005453196533469673,False,,,0.0
2016-03-14,-0.0030766804480578005,0.015542963139057724,15542.963139057723,0.0030766804480578005,False,,,0.0
2016-03-15,-0.0029140349859502644,0.015567757945606957,15567.757945606958,0.0029140349859502644,False,,,0.0
2016-03-16,0.01199651863857003,0.015448832132896056,15448.832132896056,-0.01199651863857003,False,,,0.0
2016-03-17,0.005628889563921002,0.015463604971457582,15463.604971457582,-0.005628889563921002,False,,,0.0
2016-03-18,0.0020328144106734223,0.015438942461074804,15438.942461074805,-0.0020328144106734223,False,,,0.0
2016-03-21,-0.0014589999441838144,0.015436622165589761,15436.62216558976,0.0014589999441838144,False,,,0.0
2016-03-22,0.0005771527230983065,0.015448070795763477,15448.070795763477,-0.0005771527230983065,False,,,0.0
2016-03-23,-0.00863702804340749,0.015294259820594947,15294.259820594947,0.00863702804340749,False,,,0.0
2016-03-24,-0.0009140684184052673,0.015345898270002038,15345.898270002039,0.0009140684184052673,False,,,0.0
2016-03-28,0.0012245607821396388,0.015355442160457578,15355.442160457578,-0.0012245607821396388,False,,,0.0
2016-03-29,0.0136123598116074,0.01535279211382682,15352.79211382682,-0.0136123598116074,False,,,0.0
2016-03-30,-0.0009867621192318102,0.015401042952606421,15401.042952606422,0.0009867621192318102,False,,,0.0
2016-03-31,0.0013880203215449916,0.015400813408822081,15400.813408822081,-0.0013880203215449916,False,,,0.0
2016-04-01,0.002217744277018552,0.015400358422362839,15400.358422362839,-0.002217744277018552,False,,,0.0
2016-04-04,-0.005021606972323612,0.015389156448471374,15389.156448471374,0.005021606972323612,False,,,0.0
2016-04-05,-0.0030509694935764164,0.015421243276675291,15421.243276675292,0.0030509694935764164,False,,,0.0
2016-04-06,0.005214142062102622,0.015440658565234182,15440.658565234182,-0.005214142062102622,False,,,0.0
2016-04-07,-0.003943680757814927,0.01543979557650845,15439.79557650845,0.003943680757814927,False,,,0.0
2016-04-08,0.0022991553717671915,0.01546946552861312,15469.46552861312,-0.0022991553717671915,False,,,0.0
2016-04-11,0.003817425519099027,0.015439713793636178,15439.713793636178,-0.003817425519099027,False,,,0.0
2016-04-12,0.005267346494318771,0.01543787184989667,15437.87184989667,-0.005267346494318771,False,,,0.0
2016-04-13,0.006701052174759625,0.015438396259491434,15438.396259491434,-0.006701052174759625,False,,,0.0
2016-04-14,-0.004699744271818829,0.01544138492264396,15441.38492264396,0.004699744271818829,False,,,0.0
2016-04-15,0.0012200256075264094,0.015430841867245209,15430.841867245208,-0.0012200256075264094,False,,,0.0
2016-04-18,0.0022277490755110876,0.015431133488495608,15431.133488495609,-0.0022277490755110876,False,,,0.0
2016-04-19,0.004961323175082045,0.015430936928389892,15430.936928389892,-0.004961323175082045,False,,,0.0
2016-04-20,-0.0037746313981257273,0.015420497774276818,15420.497774276819,0.0037746313981257273,False,,,0.0
2016-04-21,-0.0034849606962935823,0.015448082856504284,15448.082856504285,0.0034849606962935823,False,,,0.0
2016-04-22,-0.007302371254620033,0.015475980208414307,15475.980208414307,0.007302371254620033,False,,,0.0
2016-04-25,-0.0018673754723615768,0.015547388736214477,15547.388736214478,0.0018673754723615768,False,,,0.0
2016-04-26,0.0013682214304481246,0.015555137827893832,15555.137827893832,-0.0013682214304481246,False,,,0.0
2016-04-27,0.0025870368506450752,0.015467986605634748,15467.98660563475,-0.0025870368506450752,False,,,0.0
2016-04-28,-0.001690076425352127,0.015325839826968737,15325.839826968737,0.001690076425352127,False,,,0.0
2016-04-29,0.0014008188644283773,0.01534033189272178,15340.33189272178,-0.0014008188644283773,False,,,0.0
2016-05-02,0.00028126304540878624,0.015341259530247803,15341.259530247804,-0.00028126304540878624,False,,,0.0
2016-05-03,-0.0071871683685947865,0.01527109749474605,15271.09749474605,0.0071871683685947865,False,,,0.0
2016-05-04,-0.005765107564427008,0.015255931737880762,15255.931737880763,0.005765107564427008,False,,,0.0
2016-05-05,0.0009507584865560804,0.015308475168637675,15308.475168637675,-0.0009507584865560804,False,,,0.0
2016-05-06,0.0030671189820421717,0.01528185637311953,15281.85637311953,-0.0030671189820421717,False,,,0.0
2016-05-09,-0.0053042816762921335,0.015177843693597414,15177.843693597413,0.0053042816762921335,False,,,0.0
2016-05-10,0.009614038031518347,0.015219493354576064,15219.493354576063,-0.009614038031518347,False,,,0.0
2016-05-11,-0.0011473495378628185,0.015252405724465375,15252.405724465374,0.0011473495378628185,False,,,0.0
2016-05-12,-0.0038560093267803633,0.015239623614656514,15239.623614656513,0.0038560093267803633,False,,,0.0
2016-05-13,-0.0032238610767188146,0.015261699302744076,15261.699302744077,0.0032238610767188146,False,,,0.0
2016-05-16,0.005316849167460269,0.015255464630008748,15255.464630008748,-0.005316849167460269,False,,,0.0
2016-05-17,-0.004268960541929112,0.01522233647131542,15222.33647131542,0.004268960541929112,False,,,0.0
2016-05-18,-0.007505812619066933,0.015254140061034384,15254.140061034384,0.007505812619066933,False,,,0.0
2016-05-19,-0.0031140676175087207,0.015329119796080997,15329.119796080997,0.0031140676175087207,False,,,0.0
2016-05-20,0.005360170172821444,0.015347766207828246,15347.766207828246,-0.005360170172821444,False,,,0.0
2016-05-23,-0.0010304664135158514,0.01528308530478574,15283.08530478574,0.0010304664135158514,False,,,0.0
2016-05-24,0.004294167264807581,0.015287570831909635,15287.570831909636,-0.004294167264807581,False,,,0.0
2016-05-25,0.0038962192280722397,0.015260865266809356,15260.865266809356,-0.0038962192280722397,False,,,0.0
2016-05-26,0.0023337000472744896,0.01523096045939766,15230.96045939766,-0.0023337000472744896,False,,,0.0
2016-05-27,-9.908934262057298e-05,0.015214442887597962,15214.442887597963,9.908934262057298e-05,False,,,0.0
2016-05-31,0.0014812383384755104,0.015203695677542508,15203.695677542508,-0.0014812383384755104,False,,,0.0
2016-06-01,0.0009117295625844957,0.015166144180883242,15166.144180883242,-0.0009117295625844957,False,,,0.0
2016-06-02,0.003632722840325142,0.015124186224612533,15124.186224612533,-0.003632722840325142,False,,,0.0
2016-06-03,0.009916216867876183,0.015077686798501971,15077.68679850197,-0.009916216867876183,False,,,0.0
2016-06-06,0.002450972807008967,0.015087813688338007,15087.813688338007,-0.002450972807008967,False,,,0.0
2016-06-07,0.0019317012584157743,0.015065062560114854,15065.062560114855,-0.0019317012584157743,False,,,0.0
2016-06-08,0.006477817431785082,0.015047771081255561,15047.771081255562,-0.006477817431785082,False,,,0.0
2016-06-09,-0.0004962993974763517,0.01505654000270349,15056.54000270349,0.0004962993974763517,False,,,0.0
2016-06-10,-0.007444984928276832,0.01503769064599462,15037.69064599462,0.007444984928276832,False,,,0.0
2016-06-13,-0.003647684754931957,0.015090671528225737,15090.671528225737,0.003647684754931957,False,,,0.0
2016-06-14,-0.0009944465208448828,0.015121725189728806,15121.725189728806,0.0009944465208448828,False,,,0.0
2016-06-15,0.0035228155415969243,0.015131207116612184,15131.207116612184,-0.0035228155415969243,False,,,0.0
2016-06-16,-0.0006598164690472256,0.015109700711322676,15109.700711322675,0.0006598164690472256,False,,,0.0
2016-06-17,-0.001226676030965179,0.01510561717569078,15105.617175690779,0.001226676030965179,False,,,0.0
2016-06-20,0.002760585934784854,0.015105430969490954,15105.430969490953,-0.002760585934784854,False,,,0.0
2016-06-21,-0.0020332756911483063,0.0150983060940842,15098.306094084199,0.0020332756911483063,False,,,0.0
2016-06-22,0.00012688163882728086,0.015093257781608548,15093.257781608547,-0.00012688163882728086,False,,,0.0
2016-06-23,0.006695518025636704,0.015076537040587644,15076.537040587644,-0.006695518025636704,False,,,0.0
2016-06-24,-0.012382681868364843,0.015037970032598522,15037.970032598523,0.012382681868364843,False,,,0.0
2016-06-27,-0.0040518345796281665,0.015132632047189936,15132.632047189936,0.0040518345796281665,False,,,0.0
2016-06-28,0.012154764362373572,0.015166041508151776,15166.041508151775,-0.012154764362373572,False,,,0.0
2016-06-29,0.011306161426210881,0.015217559139809782,15217.559139809782,-0.011306161426210881,False,,,0.0
2016-06-30,0.00878016898853944,0.015262775603263862,15262.77560326386,-0.00878016898853944,False,,,0.0
2016-07-01,0.009190206545526181,0.015264295801400396,15264.295801400396,-0.009190206545526181,False,,,0.0
2016-07-05,-0.00277132028446001,0.015273299279706198,15273.299279706198,0.00277132028446001,False,,,0.0
2016-07-06,0.003804945149403083,0.015149403130507597,15149.403130507597,-0.003804945149403083,False,,,0.0
2016-07-07,-0.0008310901990065123,0.01514506429330419,15145.064293304189,0.0008310901990065123,False,,,0.0
2016-07-08,0.013070274912392323,0.01514222699426158,15142.226994261579,-0.013070274912392323,False,,,0.0
2016-07-11,0.00012114539621104198,0.015206531540757995,15206.531540757995,-0.00012114539621104198,False,,,0.0
2016-07-12,-0.0013222495570249348,0.015213084533458076,15213.084533458077,0.0013222495570249348,False,,,0.0
2016-07-13,0.003345451268093713,0.015214777242256072,15214.777242256072,-0.003345451268093713,False,,,0.0
2016-07-14,0.0009246478352308962,0.015201333071605408,15201.333071605408,-0.0009246478352308962,False,,,0.0
2016-07-15,-0.003526253873227403,0.015203703955448683,15203.703955448682,0.003526253873227403,False,,,0.0
2016-07-18,0.0037819635912915038,0.015165787094378722,15165.787094378722,-0.0037819635912915038,False,,,0.0
2016-07-19,-0.0015909484328191948,0.015156900948168751,15156.900948168752,0.0015909484328191948,False,,,0.0
2016-07-20,0.0002246502474383185,0.015122054343619984,15122.054343619984,-0.0002246502474383185,False,,,0.0
2016-07-21,0.0016234218077236793,0.015107510323364846,15107.510323364846,-0.0016234218077236793,False,,,0.0
2016-07-22,0.0020376441446016583,0.015067722649800296,15067.722649800295,-0.0020376441446016583,False,,,0.0
2016-07-25,-0.004064285725282768,0.015002289176174766,15002.289176174765,0.004064285725282768,False,,,0.0
2016-07-26,0.0030556620260238534,0.01503782217111386,15037.82217111386,-0.0030556620260238534,False,,,0.0
2016-07-27,0.007557799677683286,0.015037741243027194,15037.741243027194,-0.007557799677683286,False,,,0.0
2016-07-28,3.729184228906669e-05,0.0150368812778953,15036.881277895302,-3.729184228906669e-05,False,,,0.0
2016-07-29,0.0055472935618654075,0.015043379789765733,15043.379789765733,-0.0055472935618654075,False,,,0.0
2016-08-01,-0.0012899086921658086,0.0150084665185706,15008.4665185706,0.0012899086921658086,False,,,0.0
2016-08-02,-0.004675163474475209,0.015008800019755898,15008.800019755898,0.004675163474475209,False,,,0.0
2016-08-03,0.0010784190952890739,0.015045927567626842,15045.927567626843,-0.0010784190952890739,False,,,0.0
2016-08-04,0.0037381871741075656,0.015012697775915584,15012.697775915583,-0.0037381871741075656,False,,,0.0
2016-08-05,0.00022326000863348534,0.015012210109853765,15012.210109853764,-0.00022326000863348534,False,,,0.0
2016-08-08,0.0012825171571750672,0.015005002082045507,15005.002082045508,-0.0012825171571750672,False,,,0.0
2016-08-09,0.004721255178231544,0.014964469738629865,14964.469738629865,-0.004721255178231544,False,,,0.0
2016-08-10,0.0007569517982833897,0.014955880572664216,14955.880572664217,-0.0007569517982833897,False,,,0.0
2016-08-11,0.0012021877762972144,0.0149304435935245,14930.4435935245,-0.0012021877762972144,False,,,0.0
2016-08-12,0.0004800622897557893,0.014931918547596503,14931.918547596504,-0.0004800622897557893,False,,,0.0
2016-08-15,0.0023171876979721567,0.014936419107591834,14936.419107591833,-0.0023171876979721567,False,,,0.0
2016-08-16,-0.002581495301562376,0.014883597295554635,14883.597295554635,0.002581495301562376,False,,,0.0
2016-08-17,0.0007080426454335153,0.014896797344804197,14896.797344804198,-0.0007080426454335153,False,,,0.0
2016-08-18,0.003634150538591019,0.014820629110569871,14820.629110569871,-0.003634150538591019,False,,,0.0
2016-08-19,-0.004267296177207092,0.014460849876121942,14460.849876121942,0.004267296177207092,False,,,0.0
2016-08-22,-0.0011253313004612187,0.013871081705181617,13871.081705181618,0.0011253313004612187,False,,,0.0
2016-08-23,0.00013519539113766586,0.013816921754147391,13816.921754147392,-0.00013519539113766586,False,,,0.0
2016-08-24,-0.004468953907520734,0.013668434818563798,13668.4348185638,0.004468953907520734,False,,,0.0
2016-08-25,-0.0012339927050292632,0.013521842126449194,13521.842126449194,0.0012339927050292632,False,,,0.0
2016-08-26,-0.003260434133374335,0.013527991226371699,13527.9912263717,0.003260434133374335,False,,,0.0
2016-08-29,0.005853182201022289,0.013507689157737634,13507.689157737634,-0.005853182201022289,False,,,0.0
2016-08-30,-0.00430096815199219,0.013169376426567616,13169.376426567616,0.00430096815199219,False,,,0.0
2016-08-31,-0.003107857391670011,0.013181751879916263,13181.751879916263,0.003107857391670011,False,,,0.0
2016-09-01,0.0030954696452111024,0.013202041281713742,13202.041281713742,-0.0030954696452111024,False,,,0.0
2016-09-02,0.0052245545976835174,0.01306084570107038,13060.84570107038,-0.0052245545976835174,False,,,0.0
2016-09-06,0.010966524953193524,0.012968673157920373,12968.673157920373,-0.010966524953193524,False,,,0.0
2016-09-07,-0.0013545277894384312,0.012925148863131248,12925.148863131248,0.0013545277894384312,False,,,0.0
2016-09-08,-0.005720415705474613,0.012940412134026923,12940.412134026923,0.005720415705474613,False,,,0.0
2016-09-09,-0.02116998742497609,0.013003198002106964,13003.198002106965,0.02116998742497609,True,,,0.008166789422869126
2016-09-12,0.007670018769734766,0.013452840237778376,13452.840237778375,-0.007670018769734766,False,,,0.0
2016-09-13,-0.01329417774743691,0.013468135415137385,13468.135415137385,0.01329417774743691,False,,,0.0
2016-09-14,0.002471894297720345,0.013643518447735353,13643.518447735352,-0.002471894297720345,False,,,0.0
2016-09-15,0.006389381221432622,0.013643562657159198,13643.562657159198,-0.006389381221432622,False,,,0.0
2016-09-16,-0.0011072642083821192,0.013597816696525832,13597.816696525832,0.0011072642083821192,False,,,0.0
2016-09-19,0.0005192534792275663,0.013580791699997654,13580.791699997653,-0.0005192534792275663,False,,,0.0
2016-09-20,0.0013862524671354405,0.0134919735598771,13491.9735598771,-0.0013862524671354405,False,,,0.0
2016-09-21,0.014344910882275075,0.013468861115528159,13468.861115528158,-0.014344910882275075,False,,,0.0
2016-09-22,0.006339343321836921,0.013564219009898877,13564.219009898878,-0.006339343321836921,False,,,0.0
2016-09-23,-0.005007471610037162,0.013517327351001557,13517.327351001557,0.005007471610037162,False,,,0.0
2016-09-26,-0.005101765519345846,0.013338033205933937,13338.033205933938,0.005101765519345846,False,,,0.0
2016-09-27,0.006086171300193266,0.013382941304555777,13382.941304555778,-0.006086171300193266,False,,,0.0
2016-09-28,0.0020739183712509715,0.013338653273251466,13338.653273251466,-0.0020739183712509715,False,,,0.0
2016-09-29,-0.00646886672830982,0.01333971784343378,13339.71784343378,0.00646886672830982,False,,,0.0
2016-09-30,0.0013914730535738772,0.01325747697429231,13257.47697429231,-0.0013914730535738772,False,,,0.0
2016-10-03,-0.00054809344440907,0.01324374448760139,13243.74448760139,0.00054809344440907,False,,,0.0
2016-10-04,-0.012832041802340077,0.013250339132474231,13250.339132474232,0.012832041802340077,False,,,0.0
2016-10-05,0.0032449714588595802,0.013434786866533575,13434.786866533575,-0.0032449714588595802,False,,,0.0
2016-10-06,-0.002772349060548285,0.013434079976196308,13434.079976196308,0.002772349060548285,False,,,0.0
2016-10-07,-0.001754022404778999,0.013455595596023355,13455.595596023355,0.001754022404778999,False,,,0.0
2016-10-10,0.004005406402556534,0.013471422261760593,13471.422261760592,-0.004005406402556534,False,,,0.0
2016-10-11,-0.011463327678499623,0.01342853230086563,13428.532300865629,0.011463327678499623,False,,,0.0
2016-10-12,0.0002297634010735683,0.013586521772405701,13586.5217724057,-0.0002297634010735683,False,,,0.0
2016-10-13,-0.0019107597867562998,0.013560429804613106,13560.429804613106,0.0019107597867562998,False,,,0.0
2016-10-14,-0.0032502028230939175,0.01357427499916024,13574.27499916024,0.0032502028230939175,False,,,0.0
2016-10-17,0.00035535376685995605,0.013583659577307701,13583.6595773077,-0.00035535376685995605,False,,,0.0
2016-10-18,0.00844772755707166,0.013574907848020557,13574.907848020557,-0.00844772755707166,False,,,0.0
2016-10-19,0.003055009015207233,0.01354760739873307,13547.607398733071,-0.003055009015207233,False,,,0.0
2016-10-20,-0.0015945990684794523,0.01348556317522456,13485.563175224559,0.0015945990684794523,False,,,0.0
2016-10-21,0.0012374750463066465,0.013488744211180232,13488.744211180232,-0.0012374750463066465,False,,,0.0
2016-10-24,0.002788235080153023,0.013479151470443637,13479.151470443638,-0.002788235080153023,False,,,0.0
2016-10-25,0.0009432928352560267,0.01346527509163301,13465.275091633011,-0.0009432928352560267,False,,,0.0
2016-10-26,-0.006349313674375013,0.013457598391236458,13457.598391236457,0.006349313674375013,False,,,0.0
2016-10-27,-0.004971591806275289,0.013441355997937405,13441.355997937404,0.004971591806275289,False,,,0.0
2016-10-28,-0.0021575545868194324,0.013480079994785336,13480.079994785336,0.0021575545868194324,False,,,0.0
2016-10-31,0.002777505757368992,0.013490438368686101,13490.438368686102,-0.002777505757368992,False,,,0.0
2016-11-01,-0.0032578940693404504,0.013480535502742282,13480.535502742281,0.0032578940693404504,False,,,0.0
2016-11-02,-0.0028412626614488404,0.013474484772920086,13474.484772920086,0.0028412626614488404,False,,,0.0
2016-11-03,-0.0038945734344687957,0.013484752763453537,13484.752763453538,0.0038945734344687957,False,,,0.0
2016-11-04,-0.0010234906357599496,0.01341699717884033,13416.997178840329,0.0010234906357599496,False,,,0.0
2016-11-07,0.011097128231936338,0.013307051300515804,13307.051300515803,-0.011097128231936338,False,,,0.0
2016-11-08,0.001849954472875859,0.013349100093800085,13349.100093800085,-0.001849954472875859,False,,,0.0
2016-11-09,-0.01208712088796251,0.013332751590619564,13332.751590619564,0.01208712088796251,False,,,0.0
2016-11-10,-0.014345658078965994,0.013452513841976215,13452.513841976215,0.014345658078965994,True,,,0.0008931442369897787
2016-11-11,-0.009729656450180292,0.013586443840508637,13586.443840508637,0.009729656450180292,False,,,0.0
2016-11-14,-0.006197849742037765,0.013673125998064768,13673.125998064768,0.006197849742037765,False,,,0.0
2016-11-15,0.011086960123003697,0.013711066115650128,13711.066115650128,-0.011086960123003697,False,,,0.0
2016-11-16,0.0003609157079766499,0.013726402754584758,13726.402754584758,-0.0003609157079766499,False,,,0.0
2016-11-17,-0.0012000293200178814,0.013726727189765378,13726.727189765377,0.0012000293200178814,False,,,0.0
2016-11-18,-0.004449324242066211,0.013739431430223171,13739.43143022317,0.004449324242066211,False,,,0.0
2016-11-21,0.006799324002424002,0.01374766951637283,13747.669516372831,-0.006799324002424002,False,,,0.0
2016-11-22,0.0038972777142226352,0.01375956420316697,13759.56420316697,-0.0038972777142226352,False,,,0.0
2016-11-23,-0.007581874457720628,0.0137429202179157,13742.9202179157,0.007581874457720628,False,,,0.0
2016-11-25,0.001522304205496461,0.013760536460104804,13760.536460104804,-0.001522304205496461,False,,,0.0
2016-11-28,0.0029875638744543353,0.013759431243109925,13759.431243109926,-0.0029875638744543353,False,,,0.0
2016-11-29,0.0012710824410453458,0.013731877464834692,13731.877464834692,-0.0012710824410453458,False,,,0.0
2016-11-30,-0.008486577545623408,0.013629525213288737,13629.525213288738,0.008486577545623408,False,,,0.0
2016-12-01,-0.00904424884063606,0.013588013987828574,13588.013987828574,0.00904424884063606,False,,,0.0
2016-12-02,0.0032679880150081166,0.01355960566078082,13559.60566078082,-0.0032679880150081166,False,,,0.0
2016-12-05,0.003121576356164879,0.013497876037018002,13497.876037018003,-0.003121576356164879,False,,,0.0
2016-12-06,0.00183892756186097,0.013470184878921921,13470.18487892192,-0.00183892756186097,False,,,0.0
2016-12-07,0.010946178619842907,0.013397008941256911,13397.00894125691,-0.010946178619842907,False,,,0.0
2016-12-08,-0.0010951014871241284,0.013442493755165874,13442.493755165875,0.0010951014871241284,False,,,0.0
2016-12-09,-0.0028535682020090604,0.01332666166652501,13326.661666525011,0.0028535682020090604,False,,,0.0
2016-12-12,-0.0013249390770052828,0.013348858660825073,13348.858660825073,0.0013249390770052828,False,,,0.0
2016-12-13,0.006128888556419332,0.013360578907837215,13360.578907837215,-0.006128888556419332,False,,,0.0
2016-12-14,-0.013179427939217602,0.013305347559897115,13305.347559897114,0.013179427939217602,False,,,0.0
2016-12-15,-0.00024810286893963676,0.01336429800738532,13364.29800738532,0.00024810286893963676,False,,,0.0
2016-12-16,-0.0011757854728455142,0.013335724598527889,13335.72459852789,0.0011757854728455142,False,,,0.0
2016-12-19,0.0030399150551218223,0.013330916657125026,13330.916657125026,-0.0030399150551218223,False,,,0.0
2016-12-20,-0.00024494569244131186,0.013330681092854055,13330.681092854054,0.00024494569244131186,False,,,0.0
2016-12-21,-0.0005432318139351856,0.01333535990240247,13335.35990240247,0.0005432318139351856,False,,,0.0
2016-12-22,-0.004127239392170279,0.013342933788339433,13342.933788339433,0.004127239392170279,False,,,0.0
2016-12-23,0.002639304774214813,0.013355454018116285,13355.454018116285,-0.002639304774214813,False,,,0.0
2016-12-27,0.0029264868771507802,0.013354973865379417,13354.973865379417,-0.0029264868771507802,False,0.008,2.0,0.0
2016-12-28,0.00031583259683771726,0.013260677520084654,13260.677520084655,-0.00031583259683771726,False,0.008,2.0,0.0
2016-12-29,0.006293972930303893,0.013226901125935739,13226.90112593574,-0.006293972930303893,False,0.008,2.0,0.0
2016-12-30,-0.0051344801431341125,0.013137642772575025,13137.642772575024,0.0051344801431341125,False,0.008,2.0,0.0
2017-01-03,0.008144013189811217,0.013183446065079705,13183.446065079705,-0.008144013189811217,False,0.008,2.0,0.0
2017-01-04,0.005276507035852784,0.013180364082149306,13180.364082149306,-0.005276507035852784,False,0.008,2.0,0.0
2017-01-05,0.00939138270915676,0.012952486920042115,12952.486920042114,-0.00939138270915676,False,0.008,2.0,0.0
2017-01-06,-0.0016727222294986132,0.012920132022170723,12920.132022170723,0.0016727222294986132,False,0.008,2.0,0.0
2017-01-09,0.003080807238016803,0.012906397789477275,12906.397789477276,-0.003080807238016803,False,0.008,2.0,0.0
2017-01-10,0.0023317609300528733,0.012898306146227572,12898.306146227571,-0.0023317609300528733,False,0.008,2.0,0.0
2017-01-11,0.004776551019017594,0.01273784017709861,12737.840177098611,-0.004776551019017594,False,0.008,2.0,0.0
2017-01-12,0.00034479814478696193,0.012737109862377784,12737.109862377783,-0.00034479814478696193,False,0.008,2.0,0.0
2017-01-13,0.0005551683073909297,0.012525544272379776,12525.544272379777,-0.0005551683073909297,False,0.008,2.0,0.0
2017-01-17,0.0035511234325027894,0.012530789249009272,12530.789249009273,-0.0035511234325027894,False,0.008,2.0,0.0
2017-01-18,-0.00449536963533359,0.012502679862288873,12502.679862288873,0.00449536963533359,False,0.008,2.0,0.0
2017-01-19,-0.0029877864112090482,0.012546453871593487,12546.453871593487,0.0029877864112090482,False,0.008,2.0,0.0
2017-01-20,0.0016476647438482981,0.012457327397454488,12457.327397454488,-0.0016476647438482981,False,0.008,2.0,0.0
2017-01-23,0.005894565005404084,0.012387305627696575,12387.305627696574,-0.005894565005404084,False,0.008,2.0,0.0
2017-01-24,0.0016041673490423403,0.012355426154579068,12355.426154579067,-0.0016041673490423403,False,0.008,2.0,0.0
2017-01-25,0.001790912371451925,0.012270536021944486,12270.536021944486,-0.001790912371451925,False,0.008,2.0,0.0
2017-01-26,-0.0020339312282431133,0.012267844422828465,12267.844422828464,0.0020339312282431133,False,0.008,2.0,0.0
2017-01-27,0.001356080805932747,0.012095735452149429,12095.735452149429,-0.001356080805932747,False,0.008,2.0,0.0
2017-01-30,-0.0036218471540945484,0.012090674309957713,12090.674309957712,0.0036218471540945484,False,0.008,2.0,0.0
2017-01-31,0.004122017968323677,0.011969816586504055,11969.816586504056,-0.004122017968323677,False,0.008,2.0,0.0
2017-02-01,-0.0002755068012997964,0.011960474857495271,11960.474857495272,0.0002755068012997964,False,0.008,2.0,0.0
2017-02-02,0.0018400888432231978,0.011964276181696543,11964.276181696543,-0.0018400888432231978,False,0.008,2.0,0.0
2017-02-03,0.003595799558402169,0.01182837698184447,11828.37698184447,-0.003595799558402169,False,0.008,2.0,0.0
2017-02-06,0.0033182099995971996,0.011812018211521058,11812.018211521057,-0.0033182099995971996,False,0.008,2.0,0.0
2017-02-07,0.0007933581859288497,0.011774944066537795,11774.944066537795,-0.0007933581859288497,False,0.008,2.0,0.0
2017-02-08,0.005784838916112945,0.011776032569652433,11776.032569652434,-0.005784838916112945,False,0.008,2.0,0.0
2017-02-09,-0.0010141898326064824,0.011783160891977913,11783.160891977912,0.0010141898326064824,False,0.008,2.0,0.0
2017-02-10,0.003712012402065823,0.011787465817258575,11787.465817258575,-0.003712012402065823,False,0.008,2.0,0.0
2017-02-13,0.0008571700089506028,0.011786691459494455,11786.691459494456,-0.0008571700089506028,False,0.008,2.0,0.0
2017-02-14,0.0004562051891392026,0.011720694638953444,11720.694638953444,-0.0004562051891392026,False,0.008,2.0,0.0
2017-02-15,0.003810970390682345,0.011725589816996097,11725.589816996096,-0.003810970390682345,False,0.008,2.0,0.0
2017-02-16,0.0012097918209093008,0.011710240740741782,11710.240740741783,-0.0012097918209093008,False,0.008,2.0,0.0
2017-02-17,0.0008614507260182427,0.011693605832174613,11693.605832174613,-0.0008614507260182427,False,0.008,2.0,0.0
2017-02-21,0.004134981483553868,0.011623600232239214,11623.600232239214,-0.004134981483553868,False,0.008,2.0,0.0
2017-02-22,0.0011221979506975234,0.01162508827674487,11625.088276744871,-0.0011221979506975234,False,0.008,2.0,0.0
2017-02-23,0.0017815310717350207,0.011616871930207643,11616.871930207642,-0.0017815310717350207,False,0.008,2.0,0.0
2017-02-24,0.0017745540969271282,0.011548512974903323,11548.512974903324,-0.0017745540969271282,False,0.008,2.0,0.0
2017-02-27,-0.0022146535779385525,0.011548650566939928,11548.650566939928,0.0022146535779385525,False,0.008,2.0,0.0
2017-02-28,-0.002155656012709839,0.011472473376311987,11472.473376311988,0.002155656012709839,False,0.008,2.0,0.0
2017-03-01,0.004453492942063431,0.01148419799314726,11484.19799314726,-0.004453492942063431,False,0.008,2.0,0.0
2017-03-02,-0.008995008396763815,0.01147133316805546,11471.33316805546,0.008995008396763815,False,0.008,2.0,0.0
2017-03-03,0.0024251096685925515,0.011594493634213833,11594.493634213834,-0.0024251096685925515,False,0.008,2.0,0.0
2017-03-06,-0.0032334311139385675,0.01158584063082386,11585.840630823861,0.0032334311139385675,False,0.008,2.0,0.0
2017-03-07,-0.0029413580403863772,0.011549812017991677,11549.812017991677,0.0029413580403863772,False,0.008,2.0,0.0
2017-03-08,-0.0042257381361665795,0.01157455772836337,11574.55772836337,0.0042257381361665795,False,0.008,2.0,0.0
2017-03-09,-0.0037987331904226983,0.011617257423710482,11617.257423710482,0.0037987331904226983,False,0.008,2.0,0.0
2017-03-10,0.004914741714532633,0.011647199756413753,11647.199756413753,-0.004914741714532633,False,0.008,2.0,0.0
2017-03-13,0.001997368517825948,0.011622697779292509,11622.697779292508,-0.001997368517825948,False,0.008,2.0,0.0
2017-03-14,-0.002512782248799095,0.011595195210380525,11595.195210380525,0.002512782248799095,False,0.008,2.0,0.0
2017-03-15,0.014359699443646125,0.011539119211792685,11539.119211792684,-0.014359699443646125,False,0.008,2.0,0.0
2017-03-16,0.0005042610037461428,0.011656034127282645,11656.034127282644,-0.0005042610037461428,False,0.008,2.0,0.0
2017-03-17,0.0009258552762763995,0.011659788516705823,11659.788516705823,-0.0009258552762763995,False,0.008,2.0,0.0
2017-03-20,0.00404120882974044,0.011647330041601987,11647.330041601987,-0.00404120882974044,False,0.008,2.0,0.0
2017-03-21,-0.0043905152402283765,0.011645228053830127,11645.228053830127,0.0043905152402283765,False,0.008,2.0,0.0
2017-03-22,0.004076529448295218,0.011574980403193965,11574.980403193964,-0.004076529448295218,False,0.008,2.0,0.0
2017-03-23,-0.0012191323339009854,0.011565141739509384,11565.141739509383,0.0012191323339009854,False,0.008,2.0,0.0
2017-03-24,0.0018069038398862646,0.011576950752421957,11576.950752421957,-0.0018069038398862646,False,0.008,2.0,0.0
2017-03-27,0.0016007734062100988,0.01146807784692321,11468.07784692321,-0.0016007734062100988,False,0.008,2.0,0.0
2017-03-28,0.0010785951743546242,0.011457208316778012,11457.208316778011,-0.0010785951743546242,False,0.008,2.0,0.0
2017-03-29,0.0031464350744597525,0.011457986284723306,11457.986284723305,-0.0031464350744597525,False,0.008,2.0,0.0
2017-03-30,-0.0031401893705099273,0.011458110464726745,11458.110464726746,0.0031401893705099273,False,0.008,2.0,0.0
2017-03-31,-0.001009489744643255,0.011435057526781266,11435.057526781266,0.001009489744643255,False,0.008,2.0,0.0
2017-04-03,0.0037268240636242345,0.011417666867025382,11417.666867025382,-0.0037268240636242345,False,0.008,2.0,0.0
2017-04-04,-8.641322533551323e-05,0.011412615322793179,11412.615322793179,8.641322533551323e-05,False,0.008,2.0,0.0
2017-04-05,-0.001403640486460689,0.011379786903561931,11379.786903561931,0.001403640486460689,False,0.008,2.0,0.0
2017-04-06,-0.0007182579097171125,0.011394559830283903,11394.559830283903,0.0007182579097171125,False,0.008,2.0,0.0
2017-04-07,-0.001003623355774863,0.011403332467597402,11403.332467597402,0.001003623355774863,False,0.008,2.0,0.0
2017-04-10,0.0003098419256923669,0.011408475913495258,11408.475913495258,-0.0003098419256923669,False,0.008,2.0,0.0
2017-04-11,0.0032324197044423246,0.011397175192950628,11397.175192950628,-0.0032324197044423246,False,0.008,2.0,0.0
2017-04-12,0.0017531108359136072,0.011349086775095895,11349.086775095895,-0.0017531108359136072,False,0.008,2.0,0.0
2017-04-13,-0.0013902381269244482,0.011348027366898456,11348.027366898456,0.0013902381269244482,False,0.008,2.0,0.0
2017-04-17,0.004320655978442445,0.01136232398700859,11362.32398700859,-0.004320655978442445,False,0.008,2.0,0.0
2017-04-18,0.0001353970734101037,0.011359839778344307,11359.839778344307,-0.0001353970734101037,False,0.008,2.0,0.0
2017-04-19,-0.004142544939469617,0.011328193277347189,11328.193277347189,0.004142544939469617,False,0.008,2.0,0.0
2017-04-20,0.005378303806332707,0.011335954628796016,11335.954628796017,-0.005378303806332707,False,0.008,2.0,0.0
2017-04-21,-0.0001086395218217407,0.011252692635506779,11252.692635506779,0.0001086395218217407,False,0.008,2.0,0.0
2017-04-24,0.005119438016040423,0.011240958238580876,11240.958238580875,-0.005119438016040423,False,0.008,2.0,0.0
2017-04-25,-6.673549121667377e-05,0.011245338223838,11245.338223838,6.673549121667377e-05,False,0.008,2.0,0.0
2017-04-26,0.0009317245052031798,0.011252028654626076,11252.028654626076,-0.0009317245052031798,False,0.008,2.0,0.0
2017-04-27,0.0003082384589990995,0.011237441692454369,11237.44169245437,-0.0003082384589990995,False,0.008,2.0,0.0
2017-04-28,0.0012913365841252134,0.011241024262954324,11241.024262954325,-0.0012913365841252134,False,0.008,2.0,0.0
2017-05-01,-5.257803314393517e-05,0.01123758458421821,11237.58458421821,5.257803314393517e-05,False,0.008,2.0,0.0
2017-05-02,0.0028410972181257548,0.011154576695012849,11154.576695012849,-0.0028410972181257548,False,0.008,2.0,0.0
2017-05-03,-0.004873995492557759,0.0110883879576244,11088.3879576244,0.004873995492557759,False,0.008,2.0,0.0
2017-05-04,-0.0049275963798017805,0.011138687174814406,11138.687174814406,0.0049275963798017805,False,0.008,2.0,0.0
2017-05-05,0.0037312558393436837,0.011191862436258134,11191.862436258134,-0.0037312558393436837,False,0.008,2.0,0.0
2017-05-08,-0.0011795686554342045,0.011134150250704166,11134.150250704166,0.0011795686554342045,False,0.008,2.0,0.0
2017-05-09,0.0018355813676011134,0.011102007511035697,11102.007511035697,-0.0018355813676011134,False,0.008,2.0,0.0
2017-05-10,0.0015526003288906633,0.011089344100318057,11089.344100318058,-0.0015526003288906633,False,0.008,2.0,0.0
2017-05-11,0.0006647005077358382,0.011051002527303042,11051.002527303042,-0.0006647005077358382,False,0.008,2.0,0.0
2017-05-12,0.0030197397178379328,0.011022348972005573,11022.348972005573,-0.0030197397178379328,False,0.008,2.0,0.0
2017-05-15,0.0037643443614476355,0.011015713712129274,11015.713712129274,-0.0037643443614476355,False,0.008,2.0,0.0
2017-05-16,0.0024575174675976587,0.010971801970322098,10971.801970322098,-0.0024575174675976587,False,0.008,2.0,0.0
2017-05-17,-0.0054895298014159275,0.010873776290397335,10873.776290397334,0.0054895298014159275,False,0.008,2.0,0.0
2017-05-18,-0.0021739313296695872,0.01090524274495834,10905.242744958341,0.0021739313296695872,False,0.008,2.0,0.0
2017-05-19,0.007878129212049424,0.01092057266858835,10920.57266858835,-0.007878129212049424,False,0.008,2.0,0.0
2017-05-22,0.003180839117198176,0.01093323589121863,10933.23589121863,-0.003180839117198176,False,0.008,2.0,0.0
2017-05-23,-0.0017750985939156251,0.010931037412991906,10931.037412991906,0.0017750985939156251,False,0.008,2.0,0.0
2017-05-24,0.00407782886183834,0.01094836676618325,10948.36676618325,-0.00407782886183834,False,0.008,2.0,0.0
2017-05-25,0.0034724590863576487,0.01095013294692431,10950.13294692431,-0.0034724590863576487,False,0.008,2.0,0.0
2017-05-26,0.00314976164855576,0.010943420630444126,10943.420630444127,-0.00314976164855576,False,0.008,2.0,0.0
2017-05-30,-0.0007337471147262465,0.010942229840943469,10942.22984094347,0.0007337471147262465,False,0.008,2.0,0.0
2017-05-31,-0.0003629946374182236,0.010950317867608876,10950.317867608877,0.0003629946374182236,False,0.008,2.0,0.0
2017-06-01,0.004254828236328612,0.01095821736887743,10958.21736887743,-0.004254828236328612,False,0.008,2.0,0.0
2017-06-02,0.007803164797412655,0.0109107313044365,10910.7313044365,-0.007803164797412655,False,0.008,2.0,0.0
2017-06-05,-0.0014730985291681266,0.010935829551382573,10935.829551382572,0.0014730985291681266,False,0.008,2.0,0.0
2017-06-06,0.002001980834099881,0.010951493731746264,10951.493731746265,-0.002001980834099881,False,0.008,2.0,0.0
2017-06-07,-0.001097608832022101,0.01093795740619937,10937.95740619937,0.001097608832022101,False,0.008,2.0,0.0
2017-06-08,-0.00032768220631216314,0.010941865456899085,10941.865456899084,0.00032768220631216314,False,0.008,2.0,0.0
2017-06-09,-0.008960765080553258,0.010853581858143438,10853.581858143438,0.008960765080553258,False,0.008,2.0,0.0
2017-06-12,-0.002533170125023166,0.01094391854563942,10943.918545639419,0.002533170125023166,False,0.008,2.0,0.0
2017-06-13,0.003799081091306045,0.01095674121114081,10956.74121114081,-0.003799081091306045,False,0.008,2.0,0.0
2017-06-14,0.000820953664205537,0.010957278532759704,10957.278532759703,-0.000820953664205537,False,0.008,2.0,0.0
2017-06-15,-0.00449172420801105,0.010950109783971124,10950.109783971124,0.00449172420801105,False,0.008,2.0,0.0
2017-06-16,-5.3860317963594435e-05,0.010984051366014573,10984.051366014573,5.3860317963594435e-05,False,0.008,2.0,0.0
2017-06-19,0.005188650726834943,0.010990817095711517,10990.817095711516,-0.005188650726834943,False,0.008,2.0,0.0
2017-06-20,-0.0037566583262903077,0.010976392228633162,10976.392228633162,0.0037566583262903077,False,0.008,2.0,0.0
2017-06-21,0.003354212235450138,0.01100907179616847,11009.07179616847,-0.003354212235450138,False,0.008,2.0,0.0
2017-06-22,0.00198925309605289,0.01099395587483323,10993.95587483323,-0.00198925309605289,False,0.008,2.0,0.0
2017-06-23,0.0028362405341373132,0.010779754028236381,10779.75402823638,-0.0028362405341373132,False,0.008,2.0,0.0
2017-06-26,8.415950748592571e-05,0.01073658029485917,10736.58029485917,-8.415950748592571e-05,False,0.008,2.0,0.0
2017-06-27,-0.008953928563454783,0.010655438124056718,10655.438124056718,0.008953928563454783,False,0.008,2.0,0.0
2017-06-28,0.005708628829424001,0.010709842768979714,10709.842768979714,-0.005708628829424001,False,0.008,2.0,0.0
2017-06-29,-0.01042071302807961,0.010681462319290158,10681.462319290158,0.01042071302807961,False,0.008,2.0,0.0
2017-06-30,0.0003981252770957288,0.010799017364568833,10799.017364568832,-0.0003981252770957288,False,0.008,2.0,0.0
2017-07-03,-0.004522504855147136,0.010776703969979479,10776.703969979479,0.004522504855147136,False,0.008,2.0,0.0
2017-07-05,0.002834831514119696,0.01082173980176011,10821.73980176011,-0.002834831514119696,False,0.008,2.0,0.0
2017-07-06,-0.00777935678083599,0.010811688394215892,10811.688394215893,0.00777935678083599,False,0.008,2.0,0.0
2017-07-07,0.0006016280603216019,0.010800411645678992,10800.411645678992,-0.0006016280603216019,False,0.008,2.0,0.0
2017-07-10,0.004040907443911568,0.010798566373113013,10798.566373113013,-0.004040907443911568,False,0.008,2.0,0.0
2017-07-11,0.0026533042942117114,0.010788339863545177,10788.339863545178,-0.0026533042942117114,False,0.008,2.0,0.0
2017-07-12,0.009836410324233436,0.010787447907214611,10787.447907214611,-0.009836410324233436,False,0.008,2.0,0.0
2017-07-13,0.00014053957794304403,0.01083990166182965,10839.90166182965,-0.00014053957794304403,False,0.008,2.0,0.0
2017-07-14,0.006909791331196625,0.010810708657064728,10810.708657064728,-0.006909791331196625,False,0.008,2.0,0.0
2017-07-17,0.0005948323809896294,0.010828548594196637,10828.548594196636,-0.0005948323809896294,False,0.008,2.0,0.0
2017-07-18,0.005188527657022091,0.010816133068055643,10816.133068055644,-0.005188527657022091,False,0.008,2.0,0.0
2017-07-19,0.003946851321262868,0.010818680400018188,10818.680400018187,-0.003946851321262868,False,0.008,2.0,0.0
2017-07-20,0.0009719497391409871,0.010820145271717119,10820.14527171712,-0.0009719497391409871,False,0.008,2.0,0.0
2017-07-21,0.0021736853611556087,0.010822123675905482,10822.123675905483,-0.0021736853611556087,False,0.008,2.0,0.0
2017-07-24,0.0007672852906087435,0.010780796795843756,10780.796795843757,-0.0007672852906087435,False,0.008,2.0,0.0
2017-07-25,-0.0037852686533285554,0.010783310752620264,10783.310752620264,0.0037852686533285554,False,0.008,2.0,0.0
2017-07-26,0.004246755810755243,0.010795668292520209,10795.66829252021,-0.004246755810755243,False,0.008,2.0,0.0
2017-07-27,-0.0036686102570436365,0.010793304334928942,10793.304334928942,0.0036686102570436365,False,0.008,2.0,0.0
2017-07-28,0.0021952348403937675,0.010819869963941131,10819.869963941132,-0.0021952348403937675,False,0.008,2.0,0.0
2017-07-31,-0.0003914266784719622,0.010806601861783031,10806.60186178303,0.0003914266784719622,False,0.008,2.0,0.0
2017-08-01,0.00273893724255907,0.010765242406835386,10765.242406835387,-0.00273893724255907,False,0.008,2.0,0.0
2017-08-02,0.0005201212677325096,0.010763547369996886,10763.547369996886,-0.0005201212677325096,False,0.008,2.0,0.0
2017-08-03,0.0003998345358545929,0.010765426195063798,10765.426195063797,-0.0003998345358545929,False,0.008,2.0,0.0
2017-08-04,-0.0017996867836991726,0.010764699149160225,10764.699149160226,0.0017996867836991726,False,0.008,2.0,0.0
2017-08-07,0.0029940866590155717,0.010780784002783745,10780.784002783745,-0.0029940866590155717,False,0.008,2.0,0.0
2017-08-08,-0.0009268014330982899,0.010775888311747151,10775.888311747152,0.0009268014330982899,False,0.008,2.0,0.0
2017-08-09,0.0014320305900848984,0.010784051797409754,10784.051797409755,-0.0014320305900848984,False,0.008,2.0,0.0
2017-08-10,-0.00866168199811268,0.010783568009705745,10783.568009705745,0.00866168199811268,False,0.008,2.0,0.0
2017-08-11,0.003323994039797684,0.01089875076361897,10898.750763618971,-0.003323994039797684,False,0.008,2.0,0.0
2017-08-14,0.004163277261767395,0.010899618709267337,10899.618709267337,-0.004163277261767395,False,0.008,2.0,0.0
2017-08-15,-0.002039565896740503,0.01087868896244484,10878.68896244484,0.002039565896740503,False,0.008,2.0,0.0
2017-08-16,0.0049751941455078,0.010895009871434443,10895.009871434442,-0.0049751941455078,False,0.008,2.0,0.0
2017-08-17,-0.007248056590972762,0.010899952887885459,10899.952887885458,0.007248056590972762,False,0.008,2.0,0.0
2017-08-18,0.0008972419627402141,0.010946922082113132,10946.922082113131,-0.0008972419627402141,False,0.008,2.0,0.0
2017-08-21,0.0018763469778665834,0.010937107591530725,10937.107591530725,-0.0018763469778665834,False,0.008,2.0,0.0
2017-08-22,0.005707676246464245,0.01093239354803174,10932.39354803174,-0.005707676246464245,False,0.008,2.0,0.0
2017-08-23,0.0016314529793497456,0.01089678812998137,10896.78812998137,-0.0016314529793497456,False,0.008,2.0,0.0
2017-08-24,-0.0017839852837356009,0.010884295130596919,10884.29513059692,0.0017839852837356009,False,0.008,2.0,0.0
2017-08-25,0.0027182188978550625,0.01087008641730774,10870.086417307739,-0.0027182188978550625,False,0.008,2.0,0.0
2017-08-28,0.0029675594600264694,0.010859047646118785,10859.047646118785,-0.0029675594600264694,False,0.008,2.0,0.0
2017-08-29,0.0008693965042590124,0.01081498886713813,10814.98886713813,-0.0008693965042590124,False,0.008,2.0,0.0
2017-08-30,0.0034517252446116366,0.010787211734427078,10787.211734427077,-0.0034517252446116366,False,0.008,2.0,0.0
2017-08-31,0.006602734195740423,0.010787749350837924,10787.749350837925,-0.006602734195740423,False,0.008,2.0,0.0
2017-09-01,0.00033316953311322026,0.010796858634877348,10796.858634877348,-0.00033316953311322026,False,0.008,2.0,0.0
2017-09-05,-0.0004512786991364592,0.01073117450056545,10731.17450056545,0.0004512786991364592,False,0.008,2.0,0.0
2017-09-06,0.0003454702712002212,0.010725269663252,10725.269663252,-0.0003454702712002212,False,0.008,2.0,0.0
2017-09-07,0.006044757276508305,0.010664234806186319,10664.23480618632,-0.006044757276508305,False,0.004,1.0,0.0
2017-09-08,-0.0039780499881228336,0.01011782571737822,10117.82571737822,0.0039780499881228336,False,0.004,1.0,0.0
2017-09-11,0.0019391875006917086,0.010132544850923126,10132.544850923126,-0.0019391875006917086,False,0.004,1.0,0.0
2017-09-12,0.0004693180487222558,0.009876717835722935,9876.717835722935,-0.0004693180487222558,False,0.004,1.0,0.0
2017-09-13,-0.002976737349161973,0.009880845003977137,9880.845003977138,0.002976737349161973,False,0.004,1.0,0.0
2017-09-14,0.0009915191095404509,0.009895068340378028,9895.068340378028,-0.0009915191095404509,False,0.004,1.0,0.0
2017-09-15,0.0012278148303938032,0.009884208393262137,9884.208393262137,-0.0012278148303938032,False,0.004,1.0,0.0
2017-09-18,-0.0021497080948050364,0.009881913843821215,9881.913843821216,0.0021497080948050364,False,0.004,1.0,0.0
2017-09-19,0.0009074715694617374,0.009902603108303081,9902.603108303081,-0.0009074715694617374,False,0.004,1.0,0.0
2017-09-20,-0.0029231646482787976,0.00975338698328766,9753.38698328766,0.0029231646482787976,False,0.004,1.0,0.0
2017-09-21,-0.0033925675616692796,0.00976505880109264,9765.05880109264,0.0033925675616692796,False,0.004,1.0,0.0
2017-09-22,0.0001920483228336378,0.009742681096477237,9742.681096477238,-0.0001920483228336378,False,0.004,1.0,0.0
2017-09-25,-0.002563481731416317,0.009688847991256742,9688.847991256742,0.002563481731416317,False,0.004,1.0,0.0
2017-09-26,-0.002493894293209298,0.009698432011284293,9698.432011284292,0.002493894293209298,False,0.004,1.0,0.0
2017-09-27,-0.0030358600459291954,0.009722597938911738,9722.597938911738,0.0030358600459291954,False,0.004,1.0,0.0
2017-09-28,-0.00018022068702638896,0.009670835453016061,9670.835453016061,0.00018022068702638896,False,0.004,1.0,0.0
2017-09-29,0.0038645958701234223,0.009676394338049083,9676.394338049084,-0.0038645958701234223,False,0.004,1.0,0.0
2017-10-02,-0.0006074525810139342,0.009670756831561322,9670.756831561323,0.0006074525810139342,False,0.004,1.0,0.0
2017-10-03,0.004314566262316921,0.009431533127020832,9431.533127020832,-0.004314566262316921,False,0.004,1.0,0.0
2017-10-04,0.0009641452358231329,0.009435065824132624,9435.065824132624,-0.0009641452358231329,False,0.004,1.0,0.0
2017-10-05,0.0028089084491879305,0.009408864789368313,9408.864789368314,-0.0028089084491879305,False,0.004,1.0,0.0
2017-10-06,-0.0005782978276530181,0.009391059854188281,9391.059854188281,0.0005782978276530181,False,0.004,1.0,0.0
2017-10-09,0.0015741863694721972,0.009396981295624772,9396.981295624772,-0.0015741863694721972,False,0.004,1.0,0.0
2017-10-10,0.0034972713238203834,0.009187279351933699,9187.2793519337,-0.0034972713238203834,False,0.004,1.0,0.0
2017-10-11,0.002846410007613276,0.009183936958402245,9183.936958402244,-0.002846410007613276,False,0.004,1.0,0.0
2017-10-12,0.00026550485398051376,0.009164050916932039,9164.05091693204,-0.00026550485398051376,False,0.004,1.0,0.0
2017-10-13,0.005785773365715219,0.009133804519251769,9133.80451925177,-0.005785773365715219,False,0.004,1.0,0.0
2017-10-16,-0.0006902374840793701,0.009142287243620017,9142.287243620018,0.0006902374840793701,False,0.004,1.0,0.0
2017-10-17,-0.0017447507914395866,0.009111219388597509,9111.219388597508,0.0017447507914395866,False,0.004,1.0,0.0
2017-10-18,-0.0016432963506606947,0.009129258054274569,9129.258054274569,0.0016432963506606947,False,0.004,1.0,0.0
2017-10-19,-0.0009122342468100842,0.00912968898089443,9129.68898089443,0.0009122342468100842,False,0.004,1.0,0.0
2017-10-20,-0.001088392329943244,0.009140080103026265,9140.080103026265,0.001088392329943244,False,0.004,1.0,0.0
2017-10-23,-0.0030146087044568893,0.009152723903338862,9152.723903338861,0.0030146087044568893,False,0.004,1.0,0.0
2017-10-24,-0.0013218693227220468,0.009182263278105363,9182.263278105363,0.0013218693227220468,False,0.004,1.0,0.0
2017-10-25,-0.0031056112769538347,0.009112999268671772,9112.999268671772,0.0031056112769538347,False,0.004,1.0,0.0
2017-10-26,-0.004081761486150248,0.0090863126419854,9086.3126419854,0.004081761486150248,False,0.004,1.0,0.0
2017-10-27,0.012632931686513783,0.009109839863380206,9109.839863380206,-0.012632931686513783,False,0.004,1.0,0.0
2017-10-30,0.0007429777337369937,0.009228593714464332,9228.593714464332,-0.0007429777337369937,False,0.004,1.0,0.0
2017-10-31,0.002244220142124087,0.009196380855407629,9196.38085540763,-0.002244220142124087,False,0.004,1.0,0.0
2017-11-01,0.0028556648608882634,0.009166056704700788,9166.056704700788,-0.0028556648608882634,False,0.004,1.0,0.0
2017-11-02,0.0009681626304406389,0.009122107234766504,9122.107234766503,-0.0009681626304406389,False,0.004,1.0,0.0
2017-11-03,0.0011627133927972764,0.009111242594258202,9111.242594258201,-0.0011627133927972764,False,0.004,1.0,0.0
2017-11-06,0.005688296769849099,0.00902779924938953,9027.799249389529,-0.005688296769849099,False,0.004,1.0,0.0
2017-11-07,-0.001185224940453944,0.009039930254563839,9039.930254563838,0.001185224940453944,False,0.004,1.0,0.0
2017-11-08,0.0023417523664456268,0.008816216553103703,8816.216553103703,-0.0023417523664456268,False,0.0,0.0,0.0
2017-11-09,-0.0027615003715661056,0.008489785553565653,8489.785553565653,0.0027615003715661056,False,0.0,0.0,0.0
2017-11-10,-0.005588761727288038,0.008346436671329597,8346.436671329597,0.005588761727288038,False,0.0,0.0,0.0
2017-11-13,0.0007171585286968708,0.008334328275318575,8334.328275318576,-0.0007171585286968708,False,0.0,0.0,0.0
2017-11-14,-0.0007714593430462103,0.008246342664895271,8246.342664895272,0.0007714593430462103,False,0.0,0.0,0.0
2017-11-15,-0.0010608997250728613,0.008253364112165023,8253.364112165023,0.0010608997250728613,False,0.0,0.0,0.0
2017-11-16,0.006664331918779799,0.008252189593368568,8252.189593368568,-0.006664331918779799,False,0.0,0.0,0.0
2017-11-17,0.0035239065801502714,0.008218144170226623,8218.144170226622,-0.0035239065801502714,False,0.0,0.0,0.0
2017-11-20,-0.0013917193514354721,0.008196030988020284,8196.030988020284,0.0013917193514354721,False,0.0,0.0,0.0
2017-11-21,0.007120170801390691,0.008210324445797623,8210.324445797623,-0.007120170801390691,False,0.0,0.0,0.0
2017-11-22,0.0030610500535347197,0.008116708049184853,8116.708049184853,-0.0030610500535347197,False,0.0,0.0,0.0
2017-11-24,-0.00028017132364941414,0.008116273723486661,8116.273723486662,0.00028017132364941414,False,0.0,0.0,0.0
2017-11-27,-0.0025738827902263453,0.008124664079850859,8124.664079850859,0.0025738827902263453,False,0.0,0.0,0.0
2017-11-28,0.0042661781137342866,0.008153248337602401,8153.248337602401,-0.0042661781137342866,False,0.0,0.0,0.0
2017-11-29,-0.010001511708582966,0.008012026582245212,8012.026582245212,0.010001511708582966,True,0.004,1.0,0.0019894851263377537
2017-11-30,-0.0009701885254327805,0.008040191549993008,8040.191549993008,0.0009701885254327805,False,0.004,1.0,0.0
2017-12-01,0.0011144256157957556,0.008053345736758864,8053.3457367588635,-0.0011144256157957556,False,0.004,1.0,0.0
2017-12-04,-0.0027334019289043223,0.008054722749661177,8054.722749661177,0.0027334019289043223,False,0.004,1.0,0.0
2017-12-05,-0.0011430461410727902,0.0080865888681498,8086.588868149801,0.0011430461410727902,False,0.004,1.0,0.0
2017-12-06,-0.001484469197235083,0.008009892953990565,8009.892953990565,0.001484469197235083,False,0.004,1.0,0.0
2017-12-07,-0.002315828371415085,0.008013383945609997,8013.383945609997,0.002315828371415085,False,0.004,1.0,0.0
2017-12-08,0.004306808886031343,0.008006824560197853,8006.824560197852,-0.004306808886031343,False,0.004,1.0,0.0
2017-12-11,0.0019514756236721942,0.007995218520472502,7995.218520472502,-0.0019514756236721942,False,0.004,1.0,0.0
2017-12-12,-0.0011012137868992246,0.007977250374237108,7977.250374237108,0.0011012137868992246,False,0.004,1.0,0.0
2017-12-13,0.0059916595160574675,0.007687637752749824,7687.637752749824,-0.0059916595160574675,False,0.004,1.0,0.0
2017-12-14,-0.0019780998311224925,0.0076963879197123755,7696.387919712375,0.0019780998311224925,False,0.004,1.0,0.0
2017-12-15,0.005541811494214688,0.007704443128670498,7704.443128670498,-0.005541811494214688,False,0.004,1.0,0.0
2017-12-18,0.0042974201321292595,0.007716892923392186,7716.892923392186,-0.0042974201321292595,False,0.004,1.0,0.0
2017-12-19,-0.00545428397184351,0.00771297908052148,7712.97908052148,0.00545428397184351,False,0.004,1.0,0.0
2017-12-20,-0.0017386810439876444,0.007780041826982765,7780.041826982765,0.0017386810439876444,False,0.004,1.0,0.0
2017-12-21,0.003195825309758638,0.007747888260094803,7747.888260094803,-0.003195825309758638,False,0.004,1.0,0.0
2017-12-22,0.0027308924759323894,0.007748663381273028,7748.663381273028,-0.0027308924759323894,False,0.004,1.0,0.0
2017-12-26,0.00047423416541254605,0.007748435647341444,7748.435647341444,-0.00047423416541254605,False,0.004,1.0,0.0
2017-12-27,0.004000065491466831,0.007747639748827451,7747.6397488274515,-0.004000065491466831,False,0.004,1.0,0.0
2017-12-28,0.0028691035134236435,0.007731379508395727,7731.379508395727,-0.0028691035134236435,False,0.004,1.0,0.0
2017-12-29,0.0005643936703531913,0.007659712023092944,7659.712023092944,-0.0005643936703531913,False,0.004,1.0,0.0
2018-01-02,0.008980724056155288,0.007620821694626795,7620.821694626795,-0.008980724056155288,False,0.004,1.0,0.0
2018-01-03,0.005553633438327333,0.007666379059936032,7666.379059936032,-0.005553633438327333,False,0.004,1.0,0.0
2018-01-04,0.0031769381262424234,0.007615756937928631,7615.756937928631,-0.0031769381262424234,False,0.004,1.0,0.0
2018-01-05,0.004287544839775137,0.0075957591283514255,7595.759128351426,-0.004287544839775137,False,0.004,1.0,0.0
2018-01-08,0.000984776878129945,0.007599889671677177,7599.889671677177,-0.000984776878129945,False,0.004,1.0,0.0
2018-01-09,-0.003460854189406226,0.007602331684747854,7602.3316847478545,0.003460854189406226,False,0.004,1.0,0.0
2018-01-10,-0.0017984630033586638,0.007638148004506778,7638.148004506777,0.0017984630033586638,False,0.004,1.0,0.0
2018-01-11,0.005538721202819019,0.0076550136276999,7655.0136276999,-0.005538721202819019,False,0.004,1.0,0.0
2018-01-12,0.007451664677719316,0.00766421485093843,7664.21485093843,-0.007451664677719316,False,0.004,1.0,0.0
2018-01-16,-0.000856510543773559,0.0076956878055254065,7695.6878055254065,0.000856510543773559,False,0.004,1.0,0.0
2018-01-17,0.004808482040133045,0.0076486272166712286,7648.627216671229,-0.004808482040133045,False,0.004,1.0,0.0
2018-01-18,-0.0023617330329964493,0.007618986298398073,7618.986298398073,0.0023617330329964493,False,0.004,1.0,0.0
2018-01-19,0.0030151340287601913,0.007647341534927924,7647.341534927924,-0.0030151340287601913,False,0.004,1.0,0.0
2018-01-22,0.005475264338412878,0.00763204322047384,7632.04322047384,-0.005475264338412878,False,0.004,1.0,0.0
2018-01-23,0.004879606198580122,0.0076434963069106215,7643.496306910622,-0.004879606198580122,False,0.004,1.0,0.0
2018-01-24,0.0016643450692896303,0.0076508488124074105,7650.84881240741,-0.0016643450692896303,False,0.004,1.0,0.0
2018-01-25,0.00020329919513721877,0.00762620326752407,7626.203267524071,-0.00020329919513721877,False,0.004,1.0,0.0
2018-01-26,0.007559589520688427,0.0076310559784414,7631.0559784414,-0.007559589520688427,False,0.004,1.0,0.0
2018-01-29,-0.00784701408394326,0.007617394721926732,7617.394721926732,0.00784701408394326,True,0.008,2.0,0.00022961936201652735
2018-01-30,-0.008464319547138244,0.007748587852158655,7748.587852158655,0.008464319547138244,True,0.012,3.0,0.0007157316949795893
2018-01-31,0.0051897099181915434,0.00788843309891433,7888.43309891433,-0.0051897099181915434,False,0.012,3.0,0.0
2018-02-01,-0.006871859967154138,0.007897442565706923,7897.442565706923,0.006871859967154138,False,0.012,3.0,0.0
2018-02-02,-0.017947573947090834,0.008002998949406169,8002.998949406169,0.017947573947090834,True,0.016,4.0,0.009944574997684665
2018-02-05,-0.020866710610198826,0.00850212432202354,8502.12432202354,0.020866710610198826,True,0.02,5.0,0.012364586288175286
2018-02-06,0.012405711085272353,0.009120403389416252,9120.403389416251,-0.012405711085272353,False,0.02,5.0,0.0
2018-02-07,-0.012816750496456785,0.00921805696798711,9218.05696798711,0.012816750496456785,True,0.024,6.0,0.003598693528469676
2018-02-08,-0.022785146829569603,0.009459408186413634,9459.408186413633,0.022785146829569603,True,0.028,7.0,0.01332573864315597
2018-02-09,0.008053746539910001,0.010127009353104559,10127.009353104559,-0.008053746539910001,False,0.028,7.0,0.0
2018-02-12,0.011474635942644175,0.010156143522678301,10156.143522678301,-0.011474635942644175,False,0.028,7.0,0.0
2018-02-13,0.00508430843962957,0.010232863497965828,10232.863497965829,-0.00508430843962957,False,0.028,7.0,0.0
2018-02-14,0.012645525115174383,0.010237695415407333,10237.695415407334,-0.012645525115174383,False,0.028,7.0,0.0
2018-02-15,0.01128525909734308,0.010336509872754094,10336.509872754094,-0.01128525909734308,False,0.028,7.0,0.0
2018-02-16,-0.0010486085950356385,0.01040657236941765,10406.57236941765,0.0010486085950356385,False,0.028,7.0,0.0
2018-02-20,-0.007161851689923049,0.010418226486785392,10418.226486785392,0.007161851689923049,False,0.028,7.0,0.0
2018-02-21,-0.00509979954572537,0.01051053594176593,10510.535941765931,0.00509979954572537,False,0.028,7.0,0.0
2018-02-22,0.001975982356188277,0.010568331272187323,10568.331272187323,-0.001975982356188277,False,0.028,7.0,0.0
2018-02-23,0.012362618490619948,0.010568033844907962,10568.033844907963,-0.012362618490619948,False,0.028,7.0,0.0
2018-02-26,0.00738424930171755,0.010635853027413527,10635.853027413526,-0.00738424930171755,False,0.028,7.0,0.0
2018-02-27,-0.013168361685555841,0.01063359906282704,10633.59906282704,0.013168361685555841,True,0.032,8.0,0.002534762622728802
2018-02-28,-0.005119701368055463,0.010872135685146962,10872.13568514696,0.005119701368055463,False,0.032,8.0,0.0
2018-03-01,-0.005631158813989258,0.010800201257661526,10800.201257661527,0.005631158813989258,False,0.032,8.0,0.0
2018-03-02,0.0031501936966032763,0.010866247343782623,10866.247343782623,-0.0031501936966032763,False,0.032,8.0,0.0
2018-03-05,0.0039436742802349,0.0108329002852579,10832.9002852579,-0.0039436742802349,False,0.032,8.0,0.0
2018-03-06,0.005563725324012303,0.010803678435833276,10803.678435833277,-0.005563725324012303,False,0.032,8.0,0.0
2018-03-07,-0.0009052835035519459,0.010764628945032747,10764.628945032746,0.0009052835035519459,False,0.032,8.0,0.0
2018-03-08,0.0027850569768970604,0.010736339324924437,10736.339324924438,-0.0027850569768970604,False,0.032,8.0,0.0
2018-03-09,0.010513120568807755,0.010732055325632657,10732.055325632657,-0.010513120568807755,False,0.032,8.0,0.0
2018-03-12,0.002447444701023116,0.010787646133920078,10787.646133920078,-0.002447444701023116,False,0.032,8.0,0.0
2018-03-13,-0.004425704250055129,0.010760659993994214,10760.659993994213,0.004425704250055129,False,0.032,8.0,0.0
2018-03-14,0.0008969610576766708,0.010683378044572766,10683.378044572766,-0.0008969610576766708,False,0.032,8.0,0.0
2018-03-15,-0.002392750482742434,0.010681833768894604,10681.833768894605,0.002392750482742434,False,0.032,8.0,0.0
2018-03-16,-0.002019360098503875,0.010703958350751348,10703.958350751347,0.002019360098503875,False,0.032,8.0,0.0
2018-03-19,-0.0093283077312335,0.01072390612389915,10723.906123899149,0.0093283077312335,False,0.032,8.0,0.0
2018-03-20,0.0015160781240258993,0.010814132887342509,10814.13288734251,-0.0015160781240258993,False,0.032,8.0,0.0
2018-03-21,0.003633529856926665,0.010813688043304185,10813.688043304184,-0.003633529856926665,False,0.032,8.0,0.0
2018-03-22,-0.015410015194432436,0.010799810712527442,10799.810712527442,0.015410015194432436,True,0.036,9.0,0.004610204481904995
2018-03-23,-0.011148594349622055,0.011108202526286736,11108.202526286736,0.011148594349622055,True,0.04,10.0,4.039182333531906e-05
2018-03-26,0.019671384006421832,0.011284453082420778,11284.453082420778,-0.019671384006421832,False,0.04,10.0,0.0
2018-03-27,-0.012603362116942553,0.011542850202923576,11542.850202923575,0.012603362116942553,True,0.044,11.0,0.001060511914018977
2018-03-28,-0.006133497304886061,0.011753832747060022,11753.832747060022,0.006133497304886061,False,0.044,11.0,0.0
2018-03-29,0.011473482687136816,0.011793045904976259,11793.04590497626,-0.011473482687136816,False,0.044,11.0,0.0
2018-04-02,-0.010959312428999767,0.01184663798594375,11846.637985943751,0.010959312428999767,False,0.044,11.0,0.0
2018-04-03,0.0037456946330622462,0.012011404770678462,12011.404770678462,-0.0037456946330622462,False,0.044,11.0,0.0
2018-04-04,0.005201407124193925,0.01200495650566631,12004.95650566631,-0.005201407124193925,False,0.044,11.0,0.0
2018-04-05,0.0006992406912543546,0.011994381852012462,11994.381852012462,-0.0006992406912543546,False,0.044,11.0,0.0
2018-04-06,-0.01025172285128786,0.011987376499650997,11987.376499650996,0.01025172285128786,False,0.044,11.0,0.0
2018-04-09,0.003613390553785401,0.012122616369009484,12122.616369009484,-0.003613390553785401,False,0.044,11.0,0.0
2018-04-10,0.011607216018172542,0.012117681175464372,12117.681175464371,-0.011607216018172542,False,0.044,11.0,0.0
2018-04-11,0.0001489579326801271,0.012183101674734373,12183.101674734373,-0.0001489579326801271,False,0.044,11.0,0.0
2018-04-12,0.00017932477966426936,0.0121883997401086,12188.3997401086,-0.00017932477966426936,False,0.044,11.0,0.0
2018-04-13,-0.0018449454493999486,0.012179044016239197,12179.044016239197,0.0018449454493999486,False,0.044,11.0,0.0
2018-04-16,0.0037696685879255567,0.012196285793077632,12196.285793077632,-0.0037696685879255567,False,0.044,11.0,0.0
2018-04-17,0.007598454806403243,0.012190591339339562,12190.591339339562,-0.007598454806403243,False,0.044,11.0,0.0
2018-04-18,0.0008322587730601464,0.012167043356800654,12167.043356800654,-0.0008322587730601464,False,0.044,11.0,0.0
2018-04-19,-0.006131579976523827,0.012165591826718183,12165.591826718184,0.006131579976523827,False,0.044,11.0,0.0
2018-04-20,-0.010330508087939182,0.012227392663197672,12227.392663197672,0.010330508087939182,False,0.044,11.0,0.0
2018-04-23,-0.0036878430560930878,0.012370856058953779,12370.85605895378,0.0036878430560930878,False,0.044,11.0,0.0
2018-04-24,-0.007809837296406963,0.012399717510730239,12399.71751073024,0.007809837296406963,False,0.044,11.0,0.0
2018-04-25,-0.003447757505592431,0.012491945504430427,12491.945504430427,0.003447757505592431,False,0.044,11.0,0.0
2018-04-26,0.009836061884055768,0.012519544457714674,12519.544457714674,-0.009836061884055768,False,0.044,11.0,0.0
2018-04-27,0.003936895088567872,0.012558856137667386,12558.856137667386,-0.003936895088567872,False,0.044,11.0,0.0
2018-04-30,-0.0054931420630574875,0.0125528003438173,12552.8003438173,0.0054931420630574875,False,0.044,11.0,0.0
2018-05-01,-0.0004712581575445629,0.012610793936454479,12610.793936454478,0.0004712581575445629,False,0.044,11.0,0.0
2018-05-02,-0.004424333568388406,0.012570327038577182,12570.327038577183,0.004424333568388406,False,0.044,11.0,0.0
2018-05-03,0.0010180070801307118,0.012564006974212626,12564.006974212627,-0.0010180070801307118,False,0.044,11.0,0.0
2018-05-04,0.008014110204250892,0.012566113667202276,12566.113667202277,-0.008014110204250892,False,0.044,11.0,0.0
2018-05-07,0.0009044243543162358,0.012574726029263935,12574.726029263935,-0.0009044243543162358,False,0.044,11.0,0.0
2018-05-08,0.0007687719614889011,0.012577061974217214,12577.061974217215,-0.0007687719614889011,False,0.044,11.0,0.0
2018-05-09,0.002887087713262404,0.01257929701087723,12579.29701087723,-0.002887087713262404,False,0.044,11.0,0.0
2018-05-10,0.011091868350292257,0.012575225863636727,12575.225863636728,-0.011091868350292257,False,0.044,11.0,0.0
2018-05-11,0.0003014923169255557,0.01263082600735826,12630.826007358259,-0.0003014923169255557,False,0.044,11.0,0.0
2018-05-14,-0.0011820125450948016,0.012635916903755665,12635.916903755664,0.0011820125450948016,False,0.044,11.0,0.0
2018-05-15,-0.01322798288011391,0.012649582468504056,12649.582468504057,0.01322798288011391,True,0.048,12.0,0.0005784004116098536
2018-05-16,0.004097619548530651,0.012805783793045434,12805.783793045433,-0.004097619548530651,False,0.048,12.0,0.0
2018-05-17,-0.004886199961844784,0.012785816587685513,12785.816587685513,0.004886199961844784,False,0.048,12.0,0.0
2018-05-18,-0.0014097327945384206,0.01281499465160485,12814.99465160485,0.0014097327945384206,False,0.048,12.0,0.0
2018-05-21,0.004058660842854866,0.012829819543056757,12829.819543056758,-0.004058660842854866,False,0.048,12.0,0.0
2018-05-22,-0.0005481997745076851,0.012813409223665672,12813.409223665672,0.0005481997745076851,False,0.048,12.0,0.0
2018-05-23,0.003817127521573327,0.012821708075470617,12821.708075470617,-0.003817127521573327,False,0.048,12.0,0.0
2018-05-24,0.001763644433683198,0.012822158984252563,12822.158984252563,-0.001763644433683198,False,0.048,12.0,0.0
2018-05-25,0.0011757527774213907,0.0128230449096749,12823.0449096749,-0.0011757527774213907,False,0.048,12.0,0.0
2018-05-29,-0.0034881319885102353,0.012814809367708603,12814.809367708604,0.0034881319885102353,False,0.048,12.0,0.0
2018-05-30,0.004639499810920822,0.012839290440993419,12839.290440993418,-0.004639499810920822,False,0.048,12.0,0.0
2018-05-31,-0.002209096297095403,0.012840304500996564,12840.304500996564,0.002209096297095403,False,0.048,12.0,0.0
2018-06-01,0.0058570334863209395,0.012840652883960175,12840.652883960176,-0.0058570334863209395,False,0.048,12.0,0.0
2018-06-04,0.0031431663719222683,0.01283318806324506,12833.188063245061,-0.0031431663719222683,False,0.048,12.0,0.0
2018-06-05,0.0004799772088281307,0.012832704415333596,12832.704415333596,-0.0004799772088281307,False,0.048,12.0,0.0
2018-06-06,0.004346890527480053,0.01282455355863484,12824.55355863484,-0.004346890527480053,False,0.048,12.0,0.0
2018-06-07,-0.0028633244874317846,0.012818105075819581,12818.105075819582,0.0028633244874317846,False,0.048,12.0,0.0
2018-06-08,-0.0001411616029728613,0.012730034186403387,12730.034186403387,0.0001411616029728613,False,0.048,12.0,0.0
2018-06-11,0.0007943189408385678,0.012713404078350374,12713.404078350373,-0.0007943189408385678,False,0.048,12.0,0.0
2018-06-12,0.00017732947666240223,0.012716268634491105,12716.268634491105,-0.00017732947666240223,False,0.048,12.0,0.0
2018-06-13,-0.0014893639713419394,0.012718784359723125,12718.784359723124,0.0014893639713419394,False,0.048,12.0,0.0
2018-06-14,0.003146019622369067,0.012689712524542205,12689.712524542205,-0.003146019622369067,False,0.048,12.0,0.0
2018-06-15,-0.005656563116366464,0.01268265319392352,12682.65319392352,0.005656563116366464,False,0.048,12.0,0.0
2018-06-18,-0.003520691701971312,0.012738210921016957,12738.210921016956,0.003520691701971312,False,0.048,12.0,0.0
2018-06-19,-0.002888822012342174,0.012735683768323468,12735.683768323468,0.002888822012342174,False,0.048,12.0,0.0
2018-06-20,-1.9232804668378527e-05,0.012762509044855406,12762.509044855406,1.9232804668378527e-05,False,0.048,12.0,0.0
2018-06-21,-0.005102310731812798,0.012768589193206654,12768.589193206653,0.005102310731812798,False,0.048,12.0,0.0
2018-06-22,0.002457642769921442,0.012820113343578063,12820.113343578063,-0.002457642769921442,False,0.048,12.0,0.0
2018-06-25,-0.010215188710317237,0.012814164874501583,12814.164874501583,0.010215188710317237,False,0.048,12.0,0.0
2018-06-26,-0.00029435823975296763,0.012839886078594763,12839.886078594762,0.00029435823975296763,False,0.048,12.0,0.0
2018-06-27,-0.007478417675532588,0.012840612774629145,12840.612774629146,0.007478417675532588,False,0.048,12.0,0.0
2018-06-28,0.004006686071710042,0.01278366587233913,12783.66587233913,-0.004006686071710042,False,0.048,12.0,0.0
2018-06-29,0.003863549485703688,0.012780229751795375,12780.229751795376,-0.003863549485703688,False,0.048,12.0,0.0
2018-07-02,-0.0023797837781200926,0.012736796138027322,12736.796138027323,0.0023797837781200926,False,0.048,12.0,0.0
2018-07-03,0.00021633289650764274,0.012759055607133807,12759.055607133807,-0.00021633289650764274,False,0.048,12.0,0.0
2018-07-05,0.004849668888989456,0.012671707388601312,12671.707388601311,-0.004849668888989456,False,0.048,12.0,0.0
2018-07-06,0.007893344868231168,0.012670976436861076,12670.976436861076,-0.007893344868231168,False,0.048,12.0,0.0
2018-07-09,0.0063947002268120124,0.012690872592757684,12690.872592757683,-0.0063947002268120124,False,0.048,12.0,0.0
2018-07-10,2.8125862418892914e-05,0.012701096605645468,12701.096605645467,-2.8125862418892914e-05,False,0.048,12.0,0.0
2018-07-11,-0.007777655989639443,0.012667344514393528,12667.344514393528,0.007777655989639443,False,0.048,12.0,0.0
2018-07-12,0.00880580414827703,0.012754425218881395,12754.425218881395,-0.00880580414827703,False,0.048,12.0,0.0
2018-07-13,8.770802383490936e-05,0.0127702307836222,12770.2307836222,-8.770802383490936e-05,False,0.048,12.0,0.0
2018-07-16,-0.002685607226543696,0.012772303853319318,12772.303853319318,0.002685607226543696,False,0.048,12.0,0.0
2018-07-17,0.0009562605503325995,0.012792438230131405,12792.438230131405,-0.0009562605503325995,False,0.048,12.0,0.0
2018-07-18,-0.0009359438573036006,0.012794041996632206,12794.041996632206,0.0009359438573036006,False,0.048,12.0,0.0
2018-07-19,-0.0038080897071641525,0.012802709001785125,12802.709001785124,0.0038080897071641525,False,0.048,12.0,0.0
2018-07-20,0.0014291769070511769,0.012837981922123855,12837.981922123854,-0.0014291769070511769,False,0.048,12.0,0.0
2018-07-23,-0.00373912667483487,0.012836185497768323,12836.185497768323,0.00373912667483487,False,0.048,12.0,0.0
2018-07-24,0.005518198773335881,0.012835689680931336,12835.689680931337,-0.005518198773335881,False,0.048,12.0,0.0
2018-07-25,0.008535379485007646,0.012840175092912765,12840.175092912765,-0.008535379485007646,False,0.048,12.0,0.0
2018-07-26,-0.007667722144908718,0.012833247201882548,12833.247201882548,0.007667722144908718,False,0.048,12.0,0.0
2018-07-27,-0.002896968466457728,0.012922781303935052,12922.781303935051,0.002896968466457728,False,0.048,12.0,0.0
2018-07-30,-0.005181319847974164,0.0129409126838317,12940.9126838317,0.005181319847974164,False,0.048,12.0,0.0
2018-07-31,0.0052719236969718695,0.012992445693115279,12992.445693115278,-0.0052719236969718695,False,0.048,12.0,0.0
2018-08-01,-0.004452944346791466,0.012993574836161655,12993.574836161655,0.004452944346791466,False,0.048,12.0,0.0
2018-08-02,0.00036682167512625,0.013031440824160741,13031.440824160742,-0.00036682167512625,False,0.048,12.0,0.0
2018-08-03,0.004712933723123625,0.01301918956666995,13019.18956666995,-0.004712933723123625,False,0.048,12.0,0.0
2018-08-06,-0.0005368670355697215,0.013022259639619366,13022.259639619366,0.0005368670355697215,False,0.048,12.0,0.0
2018-08-07,0.00285601224514036,0.01302003758911099,13020.03758911099,-0.00285601224514036,False,0.048,12.0,0.0
2018-08-08,0.000648076749078741,0.013018590590995038,13018.590590995038,-0.000648076749078741,False,0.048,12.0,0.0
2018-08-09,0.0004062204635441047,0.012915305329168365,12915.305329168365,-0.0004062204635441047,False,0.048,12.0,0.0
2018-08-10,-0.005762949205480772,0.012919723050386751,12919.723050386752,0.005762949205480772,False,0.048,12.0,0.0
2018-08-13,-0.007689322307052927,0.01297766813085099,12977.668130850989,0.007689322307052927,False,0.048,12.0,0.0
2018-08-14,0.0034998924050118068,0.013047852382796635,13047.852382796635,-0.0034998924050118068,False,0.048,12.0,0.0
2018-08-15,-0.011856367121098655,0.013044220892296616,13044.220892296615,0.011856367121098655,False,0.048,12.0,0.0
2018-08-16,0.003351115197800048,0.013136278766361436,13136.278766361436,-0.003351115197800048,False,0.048,12.0,0.0
2018-08-17,0.004957712024000349,0.013133884361711043,13133.884361711043,-0.004957712024000349,False,0.048,12.0,0.0
2018-08-20,0.003488269020156576,0.013137272538771482,13137.272538771482,-0.003488269020156576,False,0.048,12.0,0.0
2018-08-21,0.0036631546374135127,0.013130589439789115,13130.589439789115,-0.0036631546374135127,False,0.048,12.0,0.0
2018-08-22,0.0034743030370060876,0.013130285985904286,13130.285985904286,-0.0034743030370060876,False,0.048,12.0,0.0
2018-08-23,-0.0053649444500411874,0.013114007474274476,13114.007474274476,0.0053649444500411874,False,0.048,12.0,0.0
2018-08-24,0.01065991308536245,0.01316734785740665,13167.34785740665,-0.01065991308536245,False,0.048,12.0,0.0
2018-08-27,0.006085291660858272,0.013217644343669396,13217.644343669395,-0.006085291660858272,False,0.048,12.0,0.0
2018-08-28,-0.0031268900677722923,0.013223352689325592,13223.352689325593,0.0031268900677722923,False,0.048,12.0,0.0
2018-08-29,0.0057953183897638825,0.013251161579244749,13251.161579244748,-0.0057953183897638825,False,0.048,12.0,0.0
2018-08-30,-0.006929433547299291,0.013246730597494332,13246.730597494332,0.006929433547299291,False,0.048,12.0,0.0
2018-08-31,0.0005981246788466121,0.013317367307445743,13317.367307445742,-0.0005981246788466121,False,0.048,12.0,0.0
2018-09-04,-0.007271381085653017,0.013312855206873038,13312.855206873039,0.007271381085653017,False,0.048,12.0,0.0
2018-09-05,-0.0058457195731479675,0.0133884946656683,13388.4946656683,0.0058457195731479675,False,0.048,12.0,0.0
2018-09-06,-0.001074919350610215,0.01343812340531527,13438.123405315271,0.001074919350610215,False,0.048,12.0,0.0
2018-09-07,-0.0044083376387600735,0.013413920597075784,13413.920597075785,0.0044083376387600735,False,0.048,12.0,0.0
2018-09-10,-0.000354861046986632,0.013453678453523299,13453.678453523298,0.000354861046986632,False,0.048,12.0,0.0
2018-09-11,0.0012395462825761203,0.013457122454442968,13457.122454442968,-0.0012395462825761203,False,0.048,12.0,0.0
2018-09-12,0.0026274692778596176,0.013433229389743097,13433.229389743097,-0.0026274692778596176,False,0.048,12.0,0.0
2018-09-13,0.005605933592633216,0.01343091942018318,13430.91942018318,-0.005605933592633216,False,0.048,12.0,0.0
2018-09-14,-0.0029992868042750813,0.013435861590718932,13435.861590718932,0.0029992868042750813,False,0.048,12.0,0.0
2018-09-17,-0.004706653687050189,0.013443023399513672,13443.023399513671,0.004706653687050189,False,0.048,12.0,0.0
2018-09-18,0.0022722990822400925,0.013484183779124487,13484.183779124487,-0.0022722990822400925,False,0.048,12.0,0.0
2018-09-19,0.002405581544755786,0.013459117249058787,13459.117249058787,-0.002405581544755786,False,0.048,12.0,0.0
2018-09-20,0.007651755593293875,0.013429387684119777,13429.387684119778,-0.007651755593293875,False,0.048,12.0,0.0
2018-09-21,-0.0017971763141214848,0.013443174482477074,13443.174482477074,0.0017971763141214848,False,0.048,12.0,0.0
2018-09-24,-0.0029227394513220875,0.013437144536003524,13437.144536003525,0.0029227394513220875,False,0.048,12.0,0.0
2018-09-25,0.0009936522519267356,0.013440878847768428,13440.878847768428,-0.0009936522519267356,False,0.048,12.0,0.0
2018-09-26,0.00031202971753991894,0.013416530214750377,13416.530214750377,-0.00031202971753991894,False,0.048,12.0,0.0
2018-09-27,0.0015955065359438694,0.013414397858131543,13414.397858131542,-0.0015955065359438694,False,0.048,12.0,0.0
2018-09-28,-0.0006246166610137439,0.01341461432137988,13414.614321379879,0.0006246166610137439,False,0.048,12.0,0.0
2018-10-01,-0.0006547131381815731,0.013414707050249398,13414.707050249399,0.0006547131381815731,False,0.048,12.0,0.0
2018-10-02,0.0004487643261484874,0.013422160186108926,13422.160186108926,-0.0004487643261484874,False,0.048,12.0,0.0
2018-10-03,-0.005590781478322816,0.013423844261737766,13423.844261737766,0.005590781478322816,False,0.048,12.0,0.0
2018-10-04,-0.011703252060591529,0.013479049473620705,13479.049473620706,0.011703252060591529,False,0.048,12.0,0.0
2018-10-05,-0.005451706721326555,0.013634891705811962,13634.891705811962,0.005451706721326555,False,0.048,12.0,0.0
2018-10-08,-0.0038141011287013307,0.01368611615875569,13686.11615875569,0.0038141011287013307,False,0.048,12.0,0.0
2018-10-09,0.0017529873698771683,0.01371860763851931,13718.60763851931,-0.0017529873698771683,False,0.048,12.0,0.0
2018-10-10,-0.02111457776845569,0.013719212757868509,13719.212757868509,0.02111457776845569,True,0.052,13.0,0.007395365010587181
2018-10-11,-0.0013392746474657935,0.014152851576871904,14152.851576871904,0.0013392746474657935,False,0.052,13.0,0.0
2018-10-12,0.01257358747430084,0.014157095159331426,14157.095159331426,-0.01257358747430084,False,0.052,13.0,0.0
2018-10-15,-0.004429608048332567,0.014224240328012899,14224.240328012898,0.004429608048332567,False,0.052,13.0,0.0
2018-10-16,0.015318912428253251,0.014247758094745147,14247.758094745146,-0.015318912428253251,False,0.052,13.0,0.0
2018-10-17,-0.003535937093258191,0.01435363472778842,14353.63472778842,0.003535937093258191,False,0.052,13.0,0.0
2018-10-18,-0.012623209110210932,0.014373279156575347,14373.279156575347,0.012623209110210932,False,0.052,13.0,0.0
2018-10-19,0.0013063934161355651,0.014538927976072952,14538.927976072951,-0.0013063934161355651,False,0.052,13.0,0.0
2018-10-22,0.0015178380503957148,0.014515800100359938,14515.800100359938,-0.0015178380503957148,False,0.052,13.0,0.0
2018-10-23,-0.002139297666483353,0.014504570381738026,14504.570381738025,0.002139297666483353,False,0.052,13.0,0.0
2018-10-24,-0.01969410468809638,0.01449681820146782,14496.81820146782,0.01969410468809638,True,0.056,14.0,0.005197286486628559
2018-10-25,0.013081191826925888,0.014834524549193,14834.524549193,-0.013081191826925888,False,0.056,14.0,0.0
2018-10-26,-0.009119342189258495,0.014841154667801384,14841.154667801384,0.009119342189258495,False,0.056,14.0,0.0
2018-10-29,-0.009929555342089127,0.014940857272392749,14940.857272392748,0.009929555342089127,False,0.056,14.0,0.0
2018-10-30,0.008283796081375394,0.015056716066157595,15056.716066157594,-0.008283796081375394,False,0.056,14.0,0.0
2018-10-31,0.006866888917086555,0.015079268684534127,15079.268684534127,-0.006866888917086555,False,0.056,14.0,0.0
2018-11-01,0.014672378515856187,0.015089380584242898,15089.3805842429,-0.014672378515856187,False,0.056,14.0,0.0
2018-11-02,-0.005470064387914243,0.015188887502466603,15188.887502466603,0.005470064387914243,False,0.056,14.0,0.0
2018-11-05,0.0014520761603920463,0.015231865630773861,15231.86563077386,-0.0014520761603920463,False,0.056,14.0,0.0
2018-11-06,0.0017472288825487682,0.015221863463441298,15221.863463441297,-0.0017472288825487682,False,0.056,14.0,0.0
2018-11-07,0.014573823474045988,0.015222498634985425,15222.498634985424,-0.014573823474045988,False,0.056,14.0,0.0
2018-11-08,-0.007276089799774478,0.015298098106542837,15298.098106542837,0.007276089799774478,False,0.056,14.0,0.0
2018-11-09,-0.009775672557257753,0.015320335301711223,15320.335301711222,0.009775672557257753,False,0.056,14.0,0.0
2018-11-12,-0.0127296516876527,0.015429830176036906,15429.830176036905,0.0127296516876527,False,0.056,14.0,0.0
2018-11-13,0.002035406426955366,0.015590666782415325,15590.666782415325,-0.002035406426955366,False,0.056,14.0,0.0
2018-11-14,9.242500105974807e-05,0.015580518866358728,15580.518866358727,-9.242500105974807e-05,False,0.056,14.0,0.0
2018-11-15,0.010183178074222045,0.01557541735363552,15575.41735363552,-0.010183178074222045,False,0.056,14.0,0.0
2018-11-16,0.002848608562319033,0.015612882160344364,15612.882160344365,-0.002848608562319033,False,0.056,14.0,0.0
2018-11-19,-0.011923346334325392,0.015600314582122927,15600.314582122926,0.011923346334325392,False,0.056,14.0,0.0
2018-11-20,-0.011522759139344085,0.015738927039973937,15738.927039973938,0.011522759139344085,False,0.056,14.0,0.0
2018-11-21,0.006158997861382765,0.015880435219037987,15880.435219037987,-0.006158997861382765,False,0.056,14.0,0.0
2018-11-23,-0.005066854209679672,0.01588192994446351,15881.92994446351,0.005066854209679672,False,0.056,14.0,0.0
2018-11-26,0.009641439889378534,0.01590461278317506,15904.612783175062,-0.009641439889378534,False,0.056,14.0,0.0
2018-11-27,0.001773160447446376,0.015935356887941333,15935.356887941332,-0.001773160447446376,False,0.052,13.0,0.0
2018-11-28,0.015604974091423607,0.01582291288838673,15822.91288838673,-0.015604974091423607,False,0.052,13.0,0.0
2018-11-29,-0.0014144553367941848,0.01592346176938297,15923.46176938297,0.0014144553367941848,False,0.052,13.0,0.0
2018-11-30,0.002878547968579359,0.01593411106151727,15934.111061517271,-0.002878547968579359,False,0.052,13.0,0.0
2018-12-03,0.013110421427596552,0.015912135474469995,15912.135474469995,-0.013110421427596552,False,0.052,13.0,0.0
2018-12-04,-0.01383077427678412,0.015970057347938008,15970.057347938007,0.01383077427678412,False,0.052,13.0,0.0
2018-12-06,-8.210841907254638e-05,0.01614787356564015,16147.87356564015,8.210841907254638e-05,False,0.052,13.0,0.0
2018-12-07,-0.01299612435328199,0.0161352375227623,16135.2375227623,0.01299612435328199,False,0.052,13.0,0.0
2018-12-10,0.0005007873656711629,0.016305250373406407,16305.250373406407,-0.0005007873656711629,False,0.052,13.0,0.0
2018-12-11,0.001956770050819534,0.016308612696791455,16308.612696791455,-0.001956770050819534,False,0.052,13.0,0.0
2018-12-12,0.005570604185052819,0.016298251362753854,16298.251362753854,-0.005570604185052819,False,0.052,13.0,0.0
2018-12-13,-0.0009711820449066045,0.01629667032292666,16296.67032292666,0.0009711820449066045,False,0.052,13.0,0.0
2018-12-14,-0.011489958612886264,0.016290691078753052,16290.691078753052,0.011489958612886264,False,0.052,13.0,0.0
2018-12-17,-0.007764779019306944,0.016425083872992744,16425.083872992745,0.007764779019306944,False,0.052,13.0,0.0
2018-12-18,0.004069397141014996,0.016499306225355316,16499.306225355314,-0.004069397141014996,False,0.052,13.0,0.0
2018-12-19,-0.009804254430259297,0.016453956196903118,16453.956196903117,0.009804254430259297,False,0.052,13.0,0.0
2018-12-20,-0.002239228887115941,0.016546726904123014,16546.726904123014,0.002239228887115941,False,0.052,13.0,0.0
2018-12-21,-0.012594025175950563,0.01656399397125746,16563.99397125746,0.012594025175950563,False,0.052,13.0,0.0
2018-12-24,-0.00892933484323859,0.016721361621743806,16721.361621743807,0.00892933484323859,False,0.052,13.0,0.0
2018-12-26,0.02383304484141238,0.016808349359907576,16808.349359907577,-0.02383304484141238,False,0.052,13.0,0.0
2018-12-27,0.0036068712111896554,0.017092923414795645,17092.923414795645,-0.0036068712111896554,False,0.052,13.0,0.0
2018-12-28,0.004036868524145776,0.01709320395196541,17093.20395196541,-0.004036868524145776,False,0.052,13.0,0.0
2018-12-31,0.003594753989269384,0.01709030128758647,17090.30128758647,-0.003594753989269384,False,0.052,13.0,0.0
2019-01-02,0.0027093025144544485,0.0170671606710315,17067.1606710315,-0.0027093025144544485,False,0.052,13.0,0.0
2019-01-03,-0.01084362045095564,0.01706273409874901,17062.73409874901,0.01084362045095564,False,0.052,13.0,0.0
2019-01-04,0.017773471525938445,0.017183988685323986,17183.988685323984,-0.017773471525938445,False,0.052,13.0,0.0
2019-01-07,0.00451375983803204,0.017323605139130942,17323.60513913094,-0.00451375983803204,False,0.052,13.0,0.0
2019-01-08,0.0033750578557948828,0.017322620287669642,17322.62028766964,-0.0033750578557948828,False,0.052,13.0,0.0
2019-01-09,0.0070915116748904395,0.017296326605966823,17296.326605966824,-0.0070915116748904395,False,0.052,13.0,0.0
2019-01-10,0.00024068463092195028,0.017292056519841774,17292.056519841775,-0.00024068463092195028,False,0.052,13.0,0.0
2019-01-11,-0.0005058883304124295,0.01729302435455919,17293.02435455919,0.0005058883304124295,False,0.052,13.0,0.0
2019-01-14,-0.004925088552967517,0.017288274995355613,17288.274995355612,0.004925088552967517,False,0.052,13.0,0.0
2019-01-15,0.006509565879421176,0.017318565809787478,17318.565809787477,-0.006509565879421176,False,0.052,13.0,0.0
2019-01-16,0.00374571326307045,0.017324357701084717,17324.35770108472,-0.00374571326307045,False,0.052,13.0,0.0
2019-01-17,0.00375682378220914,0.01730656179512794,17306.561795127942,-0.00375682378220914,False,0.052,13.0,0.0
2019-01-18,0.0027757923090727,0.017306918998109325,17306.918998109326,-0.0027757923090727,False,0.052,13.0,0.0
2019-01-22,-0.008108294461445632,0.01730307140944298,17303.07140944298,0.008108294461445632,False,0.052,13.0,0.0
2019-01-23,0.0023720495516814876,0.0173785161418654,17378.516141865402,-0.0023720495516814876,False,0.052,13.0,0.0
2019-01-24,0.0043407696357122385,0.01737768293529905,17377.68293529905,-0.0043407696357122385,False,0.052,13.0,0.0
2019-01-25,0.008688517712440324,0.017374085025613613,17374.085025613615,-0.008688517712440324,False,0.052,13.0,0.0
2019-01-28,-0.005574731365478591,0.01738144039231357,17381.44039231357,0.005574731365478591,False,0.048,12.0,0.0
2019-01-29,0.0003139092925961373,0.017353592865165492,17353.592865165494,-0.0003139092925961373,False,0.044,11.0,0.0
2019-01-30,0.013601329528412998,0.017274953197258438,17274.953197258437,-0.013601329528412998,False,0.044,11.0,0.0
2019-01-31,0.008251081377219372,0.017342643328722696,17342.643328722697,-0.008251081377219372,False,0.044,11.0,0.0
2019-02-01,-0.003934639084921977,0.017296838482987294,17296.838482987296,0.003934639084921977,False,0.04,10.0,0.0
2019-02-04,0.0024585856221959416,0.01704687698315635,17046.87698315635,-0.0024585856221959416,False,0.036,9.0,0.0
2019-02-05,0.006792699434946403,0.016676131765055845,16676.131765055845,-0.006792699434946403,False,0.036,9.0,0.0
2019-02-06,-0.004830243325269578,0.016629268326612285,16629.268326612284,0.004830243325269578,False,0.032,8.0,0.0
2019-02-07,-0.004792312860566095,0.016504421949371264,16504.421949371263,0.004792312860566095,False,0.028,7.0,0.0
2019-02-08,0.0011178877486189176,0.016101162061590565,16101.162061590565,-0.0011178877486189176,False,0.028,7.0,0.0
2019-02-11,-0.002509907997617011,0.016087936437416142,16087.936437416141,0.002509907997617011,False,0.028,7.0,0.0
2019-02-12,0.007106923042093462,0.016062113140341602,16062.113140341602,-0.007106923042093462,False,0.028,7.0,0.0
2019-02-13,-0.0021742811775466555,0.016070323701956334,16070.323701956335,0.0021742811775466555,False,0.028,7.0,0.0
2019-02-14,0.0024404134932447087,0.01602651185756738,16026.511857567379,-0.0024404134932447087,False,0.028,7.0,0.0
2019-02-15,0.004240767102345689,0.015979928165319793,15979.928165319794,-0.004240767102345689,False,0.028,7.0,0.0
2019-02-19,0.005862843010015784,0.015970092939133353,15970.092939133352,-0.005862843010015784,False,0.028,7.0,0.0
2019-02-20,0.0005800837173259189,0.015905484345290585,15905.484345290586,-0.0005800837173259189,False,0.028,7.0,0.0
2019-02-21,-0.005913675870454283,0.01586457465950482,15864.574659504822,0.005913675870454283,False,0.028,7.0,0.0
2019-02-22,0.006839448228792255,0.01591822743021703,15918.227430217028,-0.006839448228792255,False,0.028,7.0,0.0
2019-02-25,0.002432121787785891,0.015868569429066937,15868.569429066938,-0.002432121787785891,False,0.028,7.0,0.0
2019-02-26,0.0006999657010214877,0.015855450356455622,15855.450356455622,-0.0006999657010214877,False,0.024,6.0,0.0
2019-02-27,-0.005601927672607809,0.0156801070963348,15680.1070963348,0.005601927672607809,False,0.024,6.0,0.0
2019-02-28,-0.005241829862996906,0.015685656786577917,15685.656786577916,0.005241829862996906,False,0.024,6.0,0.0
2019-03-01,-0.0023819102747499213,0.015681135756578233,15681.135756578233,0.0023819102747499213,False,0.024,6.0,0.0
2019-03-04,0.0006317498530386434,0.015700919620651038,15700.919620651039,-0.0006317498530386434,False,0.024,6.0,0.0
2019-03-05,0.0025325190322687875,0.015703988686535577,15703.988686535577,-0.0025325190322687875,False,0.024,6.0,0.0
2019-03-06,-0.002909146471323254,0.015699371897290145,15699.371897290144,0.002909146471323254,False,0.024,6.0,0.0
2019-03-07,-0.006692730604329201,0.0157127641456298,15712.7641456298,0.006692730604329201,False,0.024,6.0,0.0
2019-03-08,0.0008976619768008565,0.015776390431876897,15776.390431876896,-0.0008976619768008565,False,0.024,6.0,0.0
2019-03-11,0.00923716649065085,0.01573873280093598,15738.732800935979,-0.00923716649065085,False,0.024,6.0,0.0
2019-03-12,0.005503602526857642,0.01576669786010594,15766.697860105942,-0.005503602526857642,False,0.024,6.0,0.0
2019-03-13,0.00408263322905913,0.01573432442478494,15734.324424784942,-0.00408263322905913,False,0.024,6.0,0.0
2019-03-14,-0.005298411312685158,0.01573239070831295,15732.390708312949,0.005298411312685158,False,0.024,6.0,0.0
2019-03-15,0.008002442141861498,0.015759526771965054,15759.526771965055,-0.008002442141861498,False,0.024,6.0,0.0
2019-03-18,0.003428748899412271,0.015760066332889622,15760.066332889623,-0.003428748899412271,False,0.024,6.0,0.0
2019-03-19,0.0009228930752080313,0.01565569470121274,15655.694701212738,-0.0009228930752080313,False,0.024,6.0,0.0
2019-03-20,0.0039010755615794816,0.01565716349780018,15657.163497800182,-0.0039010755615794816,False,0.024,6.0,0.0
2019-03-21,0.005295142780213391,0.015657440704945333,15657.440704945333,-0.005295142780213391,False,0.02,5.0,0.0
2019-03-22,-0.010522858237995526,0.015425176935110994,15425.176935110994,0.010522858237995526,False,0.016,4.0,0.0
2019-03-25,0.001792980368155006,0.01541306540672366,15413.06540672366,-0.001792980368155006,False,0.016,4.0,0.0
2019-03-26,0.0018970247416272956,0.015219267301905062,15219.267301905062,-0.0018970247416272956,False,0.012,3.0,0.0
2019-03-27,-0.0036923702341942204,0.015047700143365886,15047.700143365886,0.0036923702341942204,False,0.012,3.0,0.0
2019-03-28,0.00041323426807293723,0.015020150630124417,15020.150630124417,-0.00041323426807293723,False,0.012,3.0,0.0
2019-03-29,0.004837791043087747,0.014972952451454326,14972.952451454326,-0.004837791043087747,False,0.012,3.0,0.0
2019-04-01,0.004702133401268039,0.014835953604360597,14835.953604360597,-0.004702133401268039,False,0.012,3.0,0.0
2019-04-02,0.0013245442575412047,0.01483766254800174,14837.66254800174,-0.0013245442575412047,False,0.012,3.0,0.0
2019-04-03,0.0008150358232878574,0.014836075244136576,14836.075244136577,-0.0008150358232878574,False,0.012,3.0,0.0
2019-04-04,0.0027634362872487107,0.014835704843628564,14835.704843628564,-0.0027634362872487107,False,0.012,3.0,0.0
2019-04-05,0.0035910565508111116,0.014708722550004995,14708.722550004995,-0.0035910565508111116,False,0.012,3.0,0.0
2019-04-08,0.0008210076116179854,0.014708703302479881,14708.703302479882,-0.0008210076116179854,False,0.012,3.0,0.0
2019-04-09,-0.00045668627889858813,0.014657853600904129,14657.853600904129,0.00045668627889858813,False,0.012,3.0,0.0
2019-04-10,0.0038043316874401874,0.0146605988043997,14660.5988043997,-0.0038043316874401874,False,0.012,3.0,0.0
2019-04-11,-0.006418990711936744,0.014655501625871207,14655.501625871208,0.006418990711936744,False,0.012,3.0,0.0
2019-04-12,0.0020496956263358797,0.014702811407378004,14702.811407378003,-0.0020496956263358797,False,0.012,3.0,0.0
2019-04-15,-0.0010077766705906433,0.014702900588909355,14702.900588909355,0.0010077766705906433,False,0.012,3.0,0.0
2019-04-16,-0.0007297246971820659,0.014698187490943905,14698.187490943905,0.0007297246971820659,False,0.012,3.0,0.0
2019-04-17,0.0004926335373109048,0.014704686417780393,14704.686417780393,-0.0004926335373109048,False,0.012,3.0,0.0
2019-04-18,0.0017123950492832886,0.01464919010706534,14649.19010706534,-0.0017123950492832886,False,0.012,3.0,0.0
2019-04-22,-0.0015238460313217184,0.014521087172615658,14521.087172615658,0.0015238460313217184,False,0.012,3.0,0.0
2019-04-23,0.0048036267958669,0.014503365653545847,14503.365653545847,-0.0048036267958669,False,0.012,3.0,0.0
2019-04-24,-0.0015644219015158445,0.014419971412355691,14419.971412355691,0.0015644219015158445,False,0.012,3.0,0.0
2019-04-25,0.0002891148241446651,0.014404640788537157,14404.640788537157,-0.0002891148241446651,False,0.012,3.0,0.0
2019-04-26,0.0038954301300349052,0.014375185927961453,14375.185927961453,-0.0038954301300349052,False,0.012,3.0,0.0
2019-04-29,-0.0010539243652738285,0.014375126726427552,14375.126726427552,0.0010539243652738285,False,0.012,3.0,0.0
2019-04-30,7.088160803036888e-06,0.014333992395031104,14333.992395031104,-7.088160803036888e-06,False,0.012,3.0,0.0
2019-05-01,-0.004144526721568398,0.014331714883746894,14331.714883746894,0.004144526721568398,False,0.012,3.0,0.0
2019-05-02,-0.002557447552508308,0.014328695374830648,14328.695374830648,0.002557447552508308,False,0.012,3.0,0.0
2019-05-03,0.009278562671114888,0.014348550831397413,14348.550831397413,-0.009278562671114888,False,0.012,3.0,0.0
2019-05-06,-0.005348217278408529,0.014359234429238813,14359.234429238813,0.005348217278408529,False,0.012,3.0,0.0
2019-05-07,-0.00896653758955972,0.014407278657627373,14407.278657627374,0.00896653758955972,False,0.012,3.0,0.0
2019-05-08,-0.002424607071577345,0.014508561376907104,14508.561376907104,0.002424607071577345,False,0.012,3.0,0.0
2019-05-09,-0.0035425727931607475,0.014529547043400547,14529.547043400547,0.0035425727931607475,False,0.012,3.0,0.0
2019-05-10,0.0025590946585396734,0.014509711684639411,14509.711684639411,-0.0025590946585396734,False,0.012,3.0,0.0
2019-05-13,-0.01502280247110148,0.01450502809158838,14505.028091588381,0.01502280247110148,True,0.016,4.0,0.0005177743795131001
2019-05-14,0.005882137668884746,0.014728148966169212,14728.148966169212,-0.005882137668884746,False,0.012,3.0,0.0
2019-05-15,0.005499304952603134,0.014544935679829537,14544.935679829536,-0.005499304952603134,False,0.012,3.0,0.0
2019-05-16,0.0007879886861748008,0.014548932724805107,14548.932724805107,-0.0007879886861748008,False,0.012,3.0,0.0
2019-05-17,-0.0079141885248327,0.014507574859120846,14507.574859120847,0.0079141885248327,False,0.012,3.0,0.0
2019-05-20,-0.005971928657940229,0.01458004552164233,14580.04552164233,0.005971928657940229,False,0.012,3.0,0.0
2019-05-21,0.005652642102606521,0.01463639385223437,14636.393852234369,-0.005652642102606521,False,0.012,3.0,0.0
2019-05-22,-0.0015420454445358226,0.014633663231161923,14633.663231161923,0.0015420454445358226,False,0.012,3.0,0.0
2019-05-23,-0.00427996865670448,0.014647197854050305,14647.197854050306,0.00427996865670448,False,0.012,3.0,0.0
2019-05-24,0.0009399968256647462,0.0146835543459594,14683.5543459594,-0.0009399968256647462,False,0.012,3.0,0.0
2019-05-28,-0.0012464149064754793,0.014684165293781153,14684.165293781152,0.0012464149064754793,False,0.012,3.0,0.0
2019-05-29,-0.0010179377304039728,0.01466705215409783,14667.05215409783,0.0010179377304039728,False,0.012,3.0,0.0
2019-05-30,0.005554053207392774,0.014675412481707737,14675.412481707737,-0.005554053207392774,False,0.012,3.0,0.0
2019-05-31,3.7662200585097603e-06,0.014662309944709578,14662.309944709577,-3.7662200585097603e-06,False,0.012,3.0,0.0
2019-06-03,0.0011299297807097594,0.014661381859909143,14661.381859909143,-0.0011299297807097594,False,0.012,3.0,0.0
2019-06-04,0.008194441182598067,0.014663362091873022,14663.362091873023,-0.008194441182598067,False,0.012,3.0,0.0
2019-06-05,0.000996885893044386,0.014680589191957394,14680.589191957393,-0.000996885893044386,False,0.012,3.0,0.0
2019-06-06,0.004286186549620963,0.014681374452851104,14681.374452851105,-0.004286186549620963,False,0.012,3.0,0.0
2019-06-07,0.01028845714908284,0.014659023050646603,14659.023050646603,-0.01028845714908284,False,0.012,3.0,0.0
2019-06-10,0.0014641609180319653,0.014692542161913381,14692.542161913381,-0.0014641609180319653,False,0.012,3.0,0.0
2019-06-11,0.0023668400293843208,0.014690797942267459,14690.797942267458,-0.0023668400293843208,False,0.012,3.0,0.0
2019-06-12,-0.0024561758755291315,0.014685535053180175,14685.535053180176,0.0024561758755291315,False,0.012,3.0,0.0
2019-06-13,0.0035861300200166427,0.014692447682231713,14692.447682231714,-0.0035861300200166427,False,0.012,3.0,0.0
2019-06-14,-0.002845030991280551,0.01469273528310834,14692.73528310834,0.002845030991280551,False,0.012,3.0,0.0
2019-06-17,0.002293569850470112,0.014663243389283823,14663.243389283823,-0.002293569850470112,False,0.012,3.0,0.0
2019-06-18,0.011849897452188873,0.014633020301927892,14633.020301927892,-0.011849897452188873,False,0.012,3.0,0.0
2019-06-19,0.004370177539329179,0.014665126045464251,14665.12604546425,-0.004370177539329179,False,0.012,3.0,0.0
2019-06-20,0.012266685023079706,0.014659637378471223,14659.637378471223,-0.012266685023079706,False,0.012,3.0,0.0
2019-06-21,-0.0021101165050386728,0.014672090483106132,14672.090483106133,0.0021101165050386728,False,0.012,3.0,0.0
2019-06-24,0.003942475009973779,0.014691549612455168,14691.549612455168,-0.003942475009973779,False,0.012,3.0,0.0
2019-06-25,-0.00644776372007625,0.014562931092545679,14562.93109254568,0.00644776372007625,False,0.012,3.0,0.0
2019-06-26,-0.000489834276086376,0.014621111452427536,14621.111452427536,0.000489834276086376,False,0.012,3.0,0.0
2019-06-27,0.004093386574678949,0.014548785610214518,14548.785610214518,-0.004093386574678949,False,0.012,3.0,0.0
2019-06-28,0.0014140794074865683,0.014548898179694599,14548.8981796946,-0.0014140794074865683,False,0.012,3.0,0.0
2019-07-01,0.0025500190881468936,0.014550723301894093,14550.723301894093,-0.0025500190881468936,False,0.012,3.0,0.0
2019-07-02,0.006621335135852347,0.01452871108251198,14528.71108251198,-0.006621335135852347,False,0.012,3.0,0.0
2019-07-03,0.004490260483410324,0.014530930535783753,14530.930535783753,-0.004490260483410324,False,0.012,3.0,0.0
2019-07-05,-0.0069055120275447026,0.01453016079301677,14530.16079301677,0.0069055120275447026,False,0.012,3.0,0.0
2019-07-08,-0.004727648539682373,0.014587539797140876,14587.539797140877,0.004727648539682373,False,0.012,3.0,0.0
2019-07-09,0.0012667536889533926,0.014624339589327628,14624.339589327628,-0.0012667536889533926,False,0.012,3.0,0.0
2019-07-10,0.006697334548636036,0.014619942329028026,14619.942329028027,-0.006697334548636036,False,0.012,3.0,0.0
2019-07-11,-0.004408332894789902,0.014542906553248327,14542.906553248327,0.004408332894789902,False,0.012,3.0,0.0
2019-07-12,0.003670889538190681,0.014560602235885501,14560.6022358855,-0.003670889538190681,False,0.012,3.0,0.0
2019-07-15,0.0026058475891013178,0.014554244616615556,14554.244616615557,-0.0026058475891013178,False,0.012,3.0,0.0
2019-07-16,-0.004242132957227685,0.014529916061600761,14529.916061600761,0.004242132957227685,False,0.012,3.0,0.0
2019-07-17,0.002502519297740813,0.014565957705448739,14565.957705448738,-0.002502519297740813,False,0.012,3.0,0.0
2019-07-18,0.005014262230094158,0.014554288637271635,14554.288637271635,-0.005014262230094158,False,0.012,3.0,0.0
2019-07-19,-0.00701301714126923,0.014521718062126644,14521.718062126643,0.00701301714126923,False,0.012,3.0,0.0
2019-07-22,0.0024793605550299746,0.014594565480888447,14594.565480888448,-0.0024793605550299746,False,0.012,3.0,0.0
2019-07-23,0.0007501810468390379,0.014560501296820056,14560.501296820057,-0.0007501810468390379,False,0.012,3.0,0.0
2019-07-24,0.004555756075231222,0.014560556882330341,14560.556882330342,-0.004555756075231222,False,0.012,3.0,0.0
2019-07-25,-0.006989332974283792,0.0145407010484765,14540.7010484765,0.006989332974283792,False,0.012,3.0,0.0
2019-07-26,0.004623972596396131,0.014530373824902076,14530.373824902077,-0.004623972596396131,False,0.012,3.0,0.0
2019-07-29,-3.230350542025023e-05,0.014505562134912449,14505.562134912449,3.230350542025023e-05,False,0.012,3.0,0.0
2019-07-30,-0.0017471488641451986,0.014462308534542674,14462.308534542673,0.0017471488641451986,False,0.012,3.0,0.0
2019-07-31,-0.008427703245211405,0.014476457629354431,14476.45762935443,0.008427703245211405,False,0.012,3.0,0.0
2019-08-01,0.0021143521118340168,0.01453195047745812,14531.95047745812,-0.0021143521118340168,False,0.012,3.0,0.0
2019-08-02,-0.0053186016562347,0.014527157871775805,14527.157871775806,0.0053186016562347,False,0.012,3.0,0.0
2019-08-05,-0.014225947556186868,0.014576996387456131,14576.99638745613,0.014225947556186868,False,0.012,3.0,0.0
2019-08-06,0.011696602214474572,0.014784445745572599,14784.445745572599,-0.011696602214474572,False,0.012,3.0,0.0
2019-08-07,0.005217044486318657,0.014837709951208212,14837.709951208211,-0.005217044486318657,False,0.012,3.0,0.0
2019-08-08,0.012175046611706099,0.014836464868349632,14836.464868349633,-0.012175046611706099,False,0.012,3.0,0.0
2019-08-09,-0.006340713734024917,0.014888952845518062,14888.952845518063,0.006340713734024917,False,0.012,3.0,0.0
2019-08-12,-0.001027905413436914,0.014896555199361087,14896.555199361088,0.001027905413436914,False,0.012,3.0,0.0
2019-08-13,0.008154779526000657,0.014824773454811027,14824.773454811027,-0.008154779526000657,False,0.012,3.0,0.0
2019-08-14,-0.0117821895223559,0.014842009958968738,14842.009958968738,0.0117821895223559,False,0.012,3.0,0.0
2019-08-15,0.005195698333633913,0.014840420056086694,14840.420056086694,-0.005195698333633913,False,0.012,3.0,0.0
2019-08-16,0.00604778341647847,0.014843117097787305,14843.117097787306,-0.00604778341647847,False,0.012,3.0,0.0
2019-08-19,0.0012001853647343407,0.014846603852130021,14846.603852130022,-0.0012001853647343407,False,0.012,3.0,0.0
2019-08-20,0.0009487135902112254,0.01484955394952244,14849.55394952244,-0.0009487135902112254,False,0.012,3.0,0.0
2019-08-21,0.0033473249731206913,0.014853159751071408,14853.159751071407,-0.0033473249731206913,False,0.012,3.0,0.0
2019-08-22,-0.005133968520526367,0.014853127692203006,14853.127692203007,0.005133968520526367,False,0.012,3.0,0.0
2019-08-23,-0.007238676625947104,0.014850339633080559,14850.339633080559,0.007238676625947104,False,0.012,3.0,0.0
2019-08-26,0.0055273866252291805,0.014888183182412338,14888.183182412338,-0.0055273866252291805,False,0.012,3.0,0.0
2019-08-27,0.0041457879621844326,0.014886072707490004,14886.072707490004,-0.0041457879621844326,False,0.012,3.0,0.0
2019-08-28,0.002377631585583684,0.014858496035629035,14858.496035629036,-0.002377631585583684,False,0.012,3.0,0.0
2019-08-29,0.005653004980318776,0.014854043289360706,14854.043289360707,-0.005653004980318776,False,0.012,3.0,0.0
2019-08-30,0.000527917968079139,0.0147852334584042,14785.2334584042,-0.000527917968079139,False,0.012,3.0,0.0
2019-09-03,-0.001314027097186865,0.014785499383182906,14785.499383182907,0.001314027097186865,False,0.012,3.0,0.0
2019-09-04,0.01005972760314018,0.01472141752797598,14721.41752797598,-0.01005972760314018,False,0.012,3.0,0.0
2019-09-05,7.786729138634683e-05,0.014695077892179418,14695.077892179417,-7.786729138634683e-05,False,0.012,3.0,0.0
2019-09-06,0.0005514472977076857,0.014688813468782458,14688.813468782457,-0.0005514472977076857,False,0.012,3.0,0.0
2019-09-09,-0.0039864847424289085,0.014651620069389571,14651.620069389572,0.0039864847424289085,False,0.012,3.0,0.0
2019-09-10,-0.00569444793728402,0.014680127917038105,14680.127917038104,0.00569444793728402,False,0.012,3.0,0.0
2019-09-11,0.0055579965258890415,0.014734876334181928,14734.876334181929,-0.0055579965258890415,False,0.012,3.0,0.0
2019-09-12,0.002064277922553215,0.014738224997817934,14738.224997817933,-0.002064277922553215,False,0.012,3.0,0.0
2019-09-13,-0.005631855971384603,0.01473547321396991,14735.47321396991,0.005631855971384603,False,0.012,3.0,0.0
2019-09-16,0.001144716358129716,0.014764010934236578,14764.010934236578,-0.001144716358129716,False,0.012,3.0,0.0
2019-09-17,0.002947345841645488,0.014721696634515714,14721.696634515714,-0.002947345841645488,False,0.012,3.0,0.0
2019-09-18,-0.0011830328144756483,0.014721034644496419,14721.03464449642,0.0011830328144756483,False,0.012,3.0,0.0
2019-09-19,0.0009164346627844156,0.014734767688300848,14734.767688300848,-0.0009164346627844156,False,0.012,3.0,0.0
2019-09-20,0.002138010171417326,0.014724968232344659,14724.96823234466,-0.002138010171417326,False,0.012,3.0,0.0
2019-09-23,0.0013104976565599946,0.014707574569705388,14707.574569705388,-0.0013104976565599946,False,0.012,3.0,0.0
2019-09-24,-0.002870203630105017,0.01468284320288005,14682.84320288005,0.002870203630105017,False,0.012,3.0,0.0
2019-09-25,-0.003352078868929387,0.014706151983107268,14706.151983107267,0.003352078868929387,False,0.012,3.0,0.0
2019-09-26,2.8404631174838568e-05,0.014731223421339,14731.223421339,-2.8404631174838568e-05,False,0.012,3.0,0.0
2019-09-27,-0.006671964826202559,0.014736692159962662,14736.692159962662,0.006671964826202559,False,0.012,3.0,0.0
2019-09-30,0.0013482427466918968,0.014796219174372922,14796.219174372922,-0.0013482427466918968,False,0.012,3.0,0.0
2019-10-01,-0.0037326415029096172,0.014787963558390793,14787.963558390793,0.0037326415029096172,False,0.012,3.0,0.0
2019-10-02,-0.005676261862600374,0.014817038836797636,14817.038836797636,0.005676261862600374,False,0.012,3.0,0.0
2019-10-03,0.009146604820573502,0.0148181187832175,14818.1187832175,-0.009146604820573502,False,0.012,3.0,0.0
2019-10-04,0.008010901856191223,0.014682912675128272,14682.912675128273,-0.008010901856191223,False,0.012,3.0,0.0
2019-10-07,-0.006489645494417595,0.014643513052311116,14643.513052311117,0.006489645494417595,False,0.012,3.0,0.0
2019-10-08,-0.005241255147830315,0.014676017317420556,14676.017317420556,0.005241255147830315,False,0.012,3.0,0.0
2019-10-09,0.00444189000066666,0.014726704162741902,14726.704162741902,-0.00444189000066666,False,0.008,2.0,0.0
2019-10-10,0.0002432687180662806,0.014296476634113823,14296.476634113822,-0.0002432687180662806,False,0.008,2.0,0.0
2019-10-11,0.004280049075630155,0.01428744614337334,14287.44614337334,-0.004280049075630155,False,0.008,2.0,0.0
2019-10-14,0.0011459878024223436,0.014225833158327206,14225.833158327207,-0.0011459878024223436,False,0.008,2.0,0.0
2019-10-15,0.002492576051856288,0.014185153351846643,14185.153351846642,-0.002492576051856288,False,0.008,2.0,0.0
2019-10-16,0.0011445663084206803,0.014078980413426086,14078.980413426087,-0.0011445663084206803,False,0.008,2.0,0.0
2019-10-17,0.0016782781109750068,0.01404796377703464,14047.96377703464,-0.0016782781109750068,False,0.008,2.0,0.0
2019-10-18,-0.004053336660354279,0.013860929884965957,13860.929884965957,0.004053336660354279,False,0.008,2.0,0.0
2019-10-21,0.0024813330403570255,0.013898447590844182,13898.447590844182,-0.0024813330403570255,False,0.008,2.0,0.0
2019-10-22,-0.0003483774018405272,0.013896583108292136,13896.583108292136,0.0003483774018405272,False,0.008,2.0,0.0
2019-10-23,0.0016865859108064817,0.01388440599767515,13884.40599767515,-0.0016865859108064817,False,0.004,1.0,0.0
2019-10-24,0.0032942100920318575,0.01348570324126013,13485.70324126013,-0.0032942100920318575,False,0.004,1.0,0.0
2019-10-25,0.0033206301935063687,0.013412174402914945,13412.174402914945,-0.0033206301935063687,False,0.004,1.0,0.0
2019-10-28,0.000731847690098464,0.013293152389562465,13293.152389562465,-0.000731847690098464,False,0.004,1.0,0.0
2019-10-29,-0.0030560608592292704,0.013161864980322726,13161.864980322727,0.0030560608592292704,False,0.004,1.0,0.0
2019-10-30,0.0064969216096383954,0.013174128139926442,13174.128139926443,-0.0064969216096383954,False,0.004,1.0,0.0
2019-10-31,0.002672148972312294,0.013172159118183957,13172.159118183956,-0.002672148972312294,False,0.004,1.0,0.0
2019-11-01,0.006242219199529897,0.013069633885123529,13069.633885123529,-0.006242219199529897,False,0.004,1.0,0.0
2019-11-04,0.0008229738384080367,0.013017028389297455,13017.028389297455,-0.0008229738384080367,False,0.004,1.0,0.0
2019-11-05,-0.004451148067756705,0.013019128165100277,13019.128165100277,0.004451148067756705,False,0.004,1.0,0.0
2019-11-06,0.0010266407396240186,0.013064082614376585,13064.082614376586,-0.0010266407396240186,False,0.004,1.0,0.0
2019-11-07,-0.0038913250886655204,0.012964715697623967,12964.715697623968,0.0038913250886655204,False,0.004,1.0,0.0
2019-11-08,-0.0026376941450200865,0.012917447895116585,12917.447895116586,0.0026376941450200865,False,0.004,1.0,0.0
2019-11-11,-0.00241680212566362,0.012810086685801837,12810.086685801838,0.00241680212566362,False,0.004,1.0,0.0
2019-11-12,0.001166068892060568,0.012630648077866364,12630.648077866364,-0.001166068892060568,False,0.004,1.0,0.0
2019-11-13,0.0006807539910801408,0.012632879529012975,12632.879529012975,-0.0006807539910801408,False,0.004,1.0,0.0
2019-11-14,0.003179349299522261,0.012630207133420893,12630.207133420894,-0.003179349299522261,False,0.004,1.0,0.0
2019-11-15,0.0037833868584527643,0.012589930442232094,12589.930442232095,-0.0037833868584527643,False,0.004,1.0,0.0
2019-11-18,0.0009368113708638104,0.012590200044307139,12590.20004430714,-0.0009368113708638104,False,0.004,1.0,0.0
2019-11-19,0.0024234162956711324,0.012407354140143703,12407.354140143703,-0.0024234162956711324,False,0.004,1.0,0.0
2019-11-20,-0.0006537785971266749,0.012228283859947894,12228.283859947893,0.0006537785971266749,False,0.004,1.0,0.0
2019-11-21,-0.0035332599126435943,0.012233219368310521,12233.219368310522,0.0035332599126435943,False,0.004,1.0,0.0
2019-11-22,0.00045458182926130244,0.012214063882940504,12214.063882940505,-0.00045458182926130244,False,0.004,1.0,0.0
2019-11-25,0.005552336586453133,0.012184833923604997,12184.833923604998,-0.005552336586453133,False,0.004,1.0,0.0
2019-11-26,0.0023664111903410447,0.012188183555660516,12188.183555660517,-0.0023664111903410447,False,0.004,1.0,0.0
2019-11-27,0.000879778415201238,0.012056483029479363,12056.483029479363,-0.000879778415201238,False,0.004,1.0,0.0
2019-11-29,-0.003986383985887953,0.012043476841636067,12043.476841636068,0.003986383985887953,False,0.004,1.0,0.0
2019-12-02,-0.0065619045291166024,0.01208563187295308,12085.631872953081,0.0065619045291166024,False,0.004,1.0,0.0
2019-12-03,0.0021670069201512377,0.012076207445467273,12076.207445467273,-0.0021670069201512377,False,0.004,1.0,0.0
2019-12-04,0.0014893892673912168,0.011833505254033849,11833.50525403385,-0.0014893892673912168,False,0.004,1.0,0.0
2019-12-05,0.0007886103879337636,0.011827288360856844,11827.288360856845,-0.0007886103879337636,False,0.004,1.0,0.0
2019-12-06,0.002041574421245307,0.011607893648075622,11607.893648075622,-0.002041574421245307,False,0.004,1.0,0.0
2019-12-09,-0.0019499522229954993,0.011603172223977271,11603.172223977272,0.0019499522229954993,False,0.004,1.0,0.0
2019-12-10,0.0008910291554460104,0.011623829461730201,11623.829461730202,-0.0008910291554460104,False,0.004,1.0,0.0
2019-12-11,0.007503118149450749,0.01162183607131867,11621.83607131867,-0.007503118149450749,False,0.004,1.0,0.0
2019-12-12,0.0026995725506395738,0.011625830914347603,11625.830914347604,-0.0026995725506395738,False,0.004,1.0,0.0
2019-12-13,0.00389766065825512,0.011439582083578063,11439.582083578063,-0.00389766065825512,False,0.004,1.0,0.0
2019-12-16,0.0032662639945066686,0.011335719084084319,11335.71908408432,-0.0032662639945066686,False,0.004,1.0,0.0
2019-12-17,0.0016637578503376548,0.01133488466132062,11334.88466132062,-0.0016637578503376548,False,0.004,1.0,0.0
2019-12-18,-0.00037828283985756877,0.011187564092735297,11187.564092735298,0.00037828283985756877,False,0.004,1.0,0.0
2019-12-19,0.002997896066505445,0.01117274652468027,11172.746524680271,-0.002997896066505445,False,0.004,1.0,0.0
2019-12-20,0.002552127641677782,0.010948534559454742,10948.534559454742,-0.002552127641677782,False,0.004,1.0,0.0
2019-12-23,0.0014262889259626156,0.010814894567608507,10814.894567608508,-0.0014262889259626156,False,0.004,1.0,0.0
2019-12-24,0.0021204899737133466,0.010413446270878288,10413.446270878288,-0.0021204899737133466,False,0.004,1.0,0.0
2019-12-26,0.006319284350552402,0.010413823181752895,10413.823181752894,-0.006319284350552402,False,0.004,1.0,0.0
2019-12-27,0.0007324882954962364,0.010423364298317464,10423.364298317463,-0.0007324882954962364,False,0.004,1.0,0.0
2019-12-30,-0.004051541426053285,0.01042794550267077,10427.945502670771,0.004051541426053285,False,0.004,1.0,0.0
2019-12-31,-0.00027048355380041576,0.010475245430764574,10475.245430764575,0.00027048355380041576,False,0.004,1.0,0.0
2020-01-02,0.012993993564276175,0.010301501015430342,10301.501015430342,-0.012993993564276175,False,0.004,1.0,0.0
2020-01-03,-0.001325924995735206,0.010185859432585308,10185.859432585308,0.001325924995735206,False,0.004,1.0,0.0
2020-01-06,0.0025242065117834006,0.010201165755343118,10201.165755343118,-0.0025242065117834006,False,0.004,1.0,0.0
2020-01-07,-0.0009202568749773211,0.01020110992158973,10201.10992158973,0.0009202568749773211,False,0.004,1.0,0.0
2020-01-08,0.0009076161871354626,0.010198107074590491,10198.10707459049,-0.0009076161871354626,False,0.004,1.0,0.0
2020-01-09,0.003954424736730222,0.010195083903318847,10195.083903318848,-0.003954424736730222,False,0.004,1.0,0.0
2020-01-10,0.0029547506222352025,0.010184870824420971,10184.870824420972,-0.0029547506222352025,False,0.004,1.0,0.0
2020-01-13,0.004707047117681373,0.010124404997473408,10124.404997473408,-0.004707047117681373,False,0.004,1.0,0.0
2020-01-14,-0.0013649580970263473,0.01011483546348979,10114.835463489791,0.0013649580970263473,False,0.004,1.0,0.0
2020-01-15,0.0014630608786686985,0.010132125887353865,10132.125887353865,-0.0014630608786686985,False,0.004,1.0,0.0
2020-01-16,0.003905977908552516,0.010133382314442944,10133.382314442944,-0.003905977908552516,False,0.004,1.0,0.0
2020-01-17,0.0014027706999755864,0.010134401885605004,10134.401885605004,-0.0014027706999755864,False,0.004,1.0,0.0
2020-01-21,-0.003223313746844015,0.010016462762712973,10016.462762712972,0.003223313746844015,False,0.004,1.0,0.0
2020-01-22,0.0029657762511064775,0.010053490699266055,10053.490699266054,-0.0029657762511064775,False,0.004,1.0,0.0
2020-01-23,0.0006534684152187831,0.010051396658874034,10051.396658874035,-0.0006534684152187831,False,0.004,1.0,0.0
2020-01-24,-0.002276268257990366,0.01002240375181254,10022.40375181254,0.002276268257990366,False,0.004,1.0,0.0
2020-01-27,-0.009766741963983729,0.009977664009701312,9977.664009701311,0.009766741963983729,False,0.004,1.0,0.0
2020-01-28,0.0034881021319266296,0.010129883989293546,10129.883989293545,-0.0034881021319266296,False,0.004,1.0,0.0
2020-01-29,0.004166642876570337,0.01001354358102346,10013.54358102346,-0.004166642876570337,False,0.004,1.0,0.0
2020-01-30,-0.0015770882506917383,0.009984992572700142,9984.992572700143,0.0015770882506917383,False,0.004,1.0,0.0
2020-01-31,-0.007867018114406422,0.00995876883451031,9958.768834510309,0.007867018114406422,False,0.004,1.0,0.0
2020-02-03,0.005278543144016323,0.010072025698529614,10072.025698529615,-0.005278543144016323,False,0.004,1.0,0.0
2020-02-04,0.007497532098436621,0.010061876460835653,10061.876460835654,-0.007497532098436621,False,0.004,1.0,0.0
2020-02-05,0.00217272633286707,0.010027206344571224,10027.206344571225,-0.00217272633286707,False,0.004,1.0,0.0
2020-02-06,0.004560566765658169,0.009969965112664177,9969.965112664177,-0.004560566765658169,False,0.004,1.0,0.0
2020-02-07,-0.0016760578816713114,0.0099703327356442,9970.3327356442,0.0016760578816713114,False,0.004,1.0,0.0
2020-02-10,0.006085372405467338,0.009962112585718242,9962.112585718241,-0.006085372405467338,False,0.004,1.0,0.0
2020-02-11,0.00129937984889581,0.009954273723921242,9954.273723921242,-0.00129937984889581,False,0.004,1.0,0.0
2020-02-12,0.004777675470329501,0.009931579545952028,9931.579545952029,-0.004777675470329501,False,0.004,1.0,0.0
2020-02-13,-0.0011991332028525872,0.009935357028453141,9935.357028453142,0.0011991332028525872,False,0.004,1.0,0.0
2020-02-14,0.002694848771038716,0.00994944119750724,9949.44119750724,-0.002694848771038716,False,0.004,1.0,0.0
2020-02-18,0.002182550453092169,0.00993986044381895,9939.86044381895,-0.002182550453092169,False,0.004,1.0,0.0
2020-02-19,0.005483400442674679,0.009935330445071517,9935.330445071517,-0.005483400442674679,False,0.004,1.0,0.0
2020-02-20,-0.00341473141809725,0.009865664046060112,9865.664046060112,0.00341473141809725,False,0.004,1.0,0.0
2020-02-21,-0.0021767668823634563,0.009888313175246776,9888.313175246776,0.0021767668823634563,False,0.004,1.0,0.0
2020-02-24,-0.017047523128644396,0.009913044538249729,9913.04453824973,0.017047523128644396,True,0.008,2.0,0.007134478590394667
2020-02-25,-0.01559251728627682,0.010301115635844642,10301.115635844642,0.01559251728627682,True,0.012,3.0,0.005291401650432178
2020-02-26,0.0017063610298850397,0.010561455580050163,10561.455580050164,-0.0017063610298850397,False,0.012,3.0,0.0
2020-02-27,-0.021588045845373417,0.010500544329776403,10500.544329776403,0.021588045845373417,True,0.016,4.0,0.011087501515597014
2020-02-28,-0.004204257238585573,0.01103914686775747,11039.14686775747,0.004204257238585573,False,0.016,4.0,0.0
2020-03-02,0.022959393636125917,0.01108015509611192,11080.15509611192,-0.022959393636125917,False,0.016,4.0,0.0
2020-03-03,-0.004100576050227667,0.011448984267826035,11448.984267826034,0.004100576050227667,False,0.016,4.0,0.0
2020-03-04,0.018528906614185114,0.011462694911788604,11462.694911788603,-0.018528906614185114,False,0.016,4.0,0.0
2020-03-05,-0.007631933053780916,0.011593244431888848,11593.244431888848,0.007631933053780916,False,0.016,4.0,0.0
2020-03-06,-0.0002962226299140226,0.01168918373026754,11689.18373026754,0.0002962226299140226,False,0.016,4.0,0.0
2020-03-09,-0.037416743636723496,0.01166498726304454,11664.987263044539,0.037416743636723496,True,0.02,5.0,0.025751756373678956
2020-03-10,0.01693037713946317,0.013028969535695132,13028.969535695132,-0.01693037713946317,False,0.02,5.0,0.0
2020-03-11,-0.03584762557403836,0.013180438554159651,13180.438554159651,0.03584762557403836,True,0.024,6.0,0.022667187019878708
2020-03-12,-0.06423336084953389,0.014284916099820471,14284.916099820472,0.06423336084953389,True,0.028,7.0,0.04994844474971342
2020-03-13,0.03783153617619013,0.017340398894251173,17340.39889425117,-0.03783153617619013,False,0.028,7.0,0.0
2020-03-16,-0.06013699877194989,0.01805152474238818,18051.52474238818,0.06013699877194989,True,0.032,8.0,0.04208547402956171
2020-03-17,0.02912574253546312,0.0203354301111555,20335.4301111555,-0.02912574253546312,False,0.032,8.0,0.0
2020-03-18,-0.048749780413862444,0.020669884045595985,20669.884045595983,0.048749780413862444,True,0.036,9.0,0.02807989636826646
2020-03-19,0.004843301350388485,0.022080003403789305,22080.003403789306,-0.004843301350388485,False,0.036,9.0,0.0
2020-03-20,0.0030619434959375793,0.02197555386486228,21975.553864862282,-0.0030619434959375793,False,0.036,9.0,0.0
2020-03-23,0.0073254879105403735,0.0219734858606246,21973.4858606246,-0.0073254879105403735,False,0.036,9.0,0.0
2020-03-24,0.054619031364430234,0.021976262360976224,21976.262360976223,-0.054619031364430234,False,0.036,9.0,0.0
2020-03-25,0.005370335604434362,0.023153161329051077,23153.161329051076,-0.005370335604434362,False,0.036,9.0,0.0
2020-03-26,0.033331568082072806,0.023145264998826215,23145.264998826216,-0.033331568082072806,False,0.036,9.0,0.0
2020-03-27,-0.020158008053060256,0.023520620662132743,23520.620662132744,0.020158008053060256,False,0.036,9.0,0.0
2020-03-30,0.01630249220523368,0.02380212842354667,23802.12842354667,-0.01630249220523368,False,0.036,9.0,0.0
2020-03-31,-0.011324960021166031,0.023856170817182814,23856.170817182814,0.011324960021166031,False,0.036,9.0,0.0
2020-04-01,-0.021360894854082192,0.023965734444773647,23965.734444773647,0.021360894854082192,False,0.036,9.0,0.0
2020-04-02,0.019956016542700274,0.02426813225663773,24268.13225663773,-0.019956016542700274,False,0.036,9.0,0.0
2020-04-03,-0.008056395893544233,0.02436913161621827,24369.13161621827,0.008056395893544233,False,0.036,9.0,0.0
2020-04-06,0.04367865976382437,0.024435125850934904,24435.125850934903,-0.04367865976382437,False,0.036,9.0,0.0
2020-04-07,-0.002012615550655705,0.025070829084497634,25070.829084497633,0.002012615550655705,False,0.036,9.0,0.0
2020-04-08,0.009773460772464816,0.025091785634342702,25091.7856343427,-0.009773460772464816,False,0.036,9.0,0.0
2020-04-09,0.00818809525764286,0.025043937945092395,25043.937945092395,-0.00818809525764286,False,0.036,9.0,0.0
2020-04-13,0.0022196027597988226,0.02504354028366167,25043.54028366167,-0.0022196027597988226,False,0.036,9.0,0.0
2020-04-14,0.020697896795902993,0.025030884087217188,25030.88408721719,-0.020697896795902993,False,0.036,9.0,0.0
2020-04-15,-0.007402869998804373,0.02511631994507674,25116.31994507674,0.007402869998804373,False,0.036,9.0,0.0
2020-04-16,0.007788290868040094,0.025174874882248365,25174.874882248365,-0.007788290868040094,False,0.036,9.0,0.0
2020-04-17,0.005206473829482139,0.025171917751778943,25171.917751778943,-0.005206473829482139,False,0.036,9.0,0.0
2020-04-20,-0.0053956096076295266,0.025151973531001386,25151.973531001386,0.0053956096076295266,False,0.036,9.0,0.0
2020-04-21,-0.017830124794256875,0.025200517899133443,25200.517899133443,0.017830124794256875,False,0.036,9.0,0.0
2020-04-22,0.017722973291792933,0.025405724016279524,25405.724016279524,-0.017722973291792933,False,0.036,9.0,0.0
2020-04-23,0.001884578776398849,0.025459221541802704,25459.221541802704,-0.001884578776398849,False,0.036,9.0,0.0
2020-04-24,0.00527349041503613,0.025463397773794492,25463.39777379449,-0.00527349041503613,False,0.036,9.0,0.0
2020-04-27,0.0034887761835418647,0.02544609099474543,25446.09099474543,-0.0034887761835418647,False,0.036,9.0,0.0
2020-04-28,-0.0028900515891209897,0.02543545896042398,25435.45896042398,0.0028900515891209897,False,0.036,9.0,0.0
2020-04-29,0.018225818832555297,0.025426108205188733,25426.108205188735,-0.018225818832555297,False,0.036,9.0,0.0
2020-04-30,-0.012124266319873934,0.025466951552327904,25466.951552327904,0.012124266319873934,False,0.036,9.0,0.0
2020-05-01,-0.015189983967699062,0.025589656166005795,25589.656166005796,0.015189983967699062,False,0.036,9.0,0.0
2020-05-04,0.004795130999655251,0.025717597238213263,25717.597238213264,-0.004795130999655251,False,0.036,9.0,0.0
2020-05-05,0.004803707395611579,0.025631862827280052,25631.862827280052,-0.004803707395611579,False,0.036,9.0,0.0
2020-05-06,-0.006535448567870117,0.025606156911388726,25606.156911388727,0.006535448567870117,False,0.036,9.0,0.0
2020-05-07,0.01302062735860301,0.025632238357604423,25632.238357604423,-0.01302062735860301,False,0.036,9.0,0.0
2020-05-08,0.006460829991987094,0.02565184627815591,25651.84627815591,-0.006460829991987094,False,0.032,8.0,0.0
2020-05-11,-0.0022820435249331973,0.02547677554613782,25476.77554613782,0.0022820435249331973,False,0.032,8.0,0.0
2020-05-12,-0.006108023310400635,0.025502451757561634,25502.451757561634,0.006108023310400635,False,0.032,8.0,0.0
2020-05-13,-0.003100564123717309,0.025558795643103472,25558.795643103473,0.003100564123717309,False,0.032,8.0,0.0
2020-05-14,0.009160748801266294,0.025580311819957017,25580.311819957016,-0.009160748801266294,False,0.032,8.0,0.0
2020-05-15,9.454657644476521e-05,0.025510603704389373,25510.603704389374,-9.454657644476521e-05,False,0.032,8.0,0.0
2020-05-18,0.01174135986833291,0.02546771904088693,25467.71904088693,-0.01174135986833291,False,0.032,8.0,0.0
2020-05-19,-0.0014797509802753294,0.025483179312533827,25483.179312533826,0.0014797509802753294,False,0.032,8.0,0.0
2020-05-20,0.011103667427003394,0.025482810815856908,25482.81081585691,-0.011103667427003394,False,0.032,8.0,0.0
2020-05-21,-0.00825998962160963,0.025454007413510175,25454.007413510175,0.00825998962160963,False,0.032,8.0,0.0
2020-05-22,-0.0006830648138789195,0.025525039602486126,25525.039602486126,0.0006830648138789195,False,0.032,8.0,0.0
2020-05-26,0.0007911968978182138,0.025521951544650288,25521.95154465029,-0.0007911968978182138,False,0.032,8.0,0.0
2020-05-27,0.00470503541863756,0.02551329765349766,25513.29765349766,-0.00470503541863756,False,0.032,8.0,0.0
2020-05-28,-0.002087772496365847,0.025513688931040186,25513.688931040186,0.002087772496365847,False,0.032,8.0,0.0
2020-05-29,0.010172701706975928,0.025525288916253167,25525.28891625317,-0.010172701706975928,False,0.032,8.0,0.0
2020-06-01,0.005594239418796398,0.025524926475177345,25524.926475177344,-0.005594239418796398,False,0.032,8.0,0.0
2020-06-02,0.005741849572441349,0.025522400126809043,25522.400126809043,-0.005741849572441349,False,0.032,8.0,0.0
2020-06-03,0.0018677827811879328,0.025513215281142643,25513.215281142642,-0.0018677827811879328,False,0.032,8.0,0.0
2020-06-04,-0.005537364853573013,0.025518488863408482,25518.488863408482,0.005537364853573013,False,0.032,8.0,0.0
2020-06-05,0.008878605509379245,0.025561658204141722,25561.65820414172,-0.008878605509379245,False,0.032,8.0,0.0
2020-06-08,0.008124550637564098,0.025558617107398714,25558.617107398713,-0.008124550637564098,False,0.032,8.0,0.0
2020-06-09,0.0027974854800605796,0.025556464326567066,25556.464326567067,-0.0027974854800605796,False,0.032,8.0,0.0
2020-06-10,0.008582063736366675,0.025532454218416475,25532.454218416475,-0.008582063736366675,False,0.032,8.0,0.0
2020-06-11,-0.029541642033609542,0.02553384519692685,25533.84519692685,0.029541642033609542,True,0.036,9.0,0.004007796836682693
2020-06-12,0.006591954134514544,0.026012011126942833,26012.011126942834,-0.006591954134514544,False,0.036,9.0,0.0
2020-06-15,0.0022383738208309194,0.02600752836933269,26007.528369332693,-0.0022383738208309194,False,0.036,9.0,0.0
2020-06-16,0.005391712371078449,0.02599716333664378,25997.163336643778,-0.005391712371078449,False,0.036,9.0,0.0
2020-06-17,0.002933577847004521,0.025996489142842683,25996.48914284268,-0.002933577847004521,False,0.036,9.0,0.0
2020-06-18,0.002443009433429211,0.025981866941387845,25981.866941387845,-0.002443009433429211,False,0.036,9.0,0.0
2020-06-19,0.0011409752811164515,0.025961523294135765,25961.523294135764,-0.0011409752811164515,False,0.036,9.0,0.0
2020-06-22,0.007453579027340852,0.025968633984626108,25968.633984626107,-0.007453579027340852,False,0.036,9.0,0.0
2020-06-23,0.004870124910657925,0.025910035976222216,25910.035976222214,-0.004870124910657925,False,0.036,9.0,0.0
2020-06-24,-0.010423651023708725,0.025894633688780217,25894.633688780217,0.010423651023708725,False,0.036,9.0,0.0
2020-06-25,0.005348582309086348,0.025999352279890583,25999.352279890583,-0.005348582309086348,False,0.036,9.0,0.0
2020-06-26,-0.008863949811128058,0.025991969652191645,25991.969652191645,0.008863949811128058,False,0.036,9.0,0.0
2020-06-29,0.005501001373749649,0.02607382587818233,26073.82587818233,-0.005501001373749649,False,0.036,9.0,0.0
2020-06-30,0.005750987822259046,0.026073460217838962,26073.46021783896,-0.005750987822259046,False,0.036,9.0,0.0
2020-07-01,0.004701231921111737,0.026072909799899752,26072.909799899753,-0.004701231921111737,False,0.036,9.0,0.0
2020-07-02,0.00764882780959173,0.026009021242163706,26009.021242163704,-0.00764882780959173,False,0.036,9.0,0.0
2020-07-06,0.016990445265756014,0.02596614443083982,25966.14443083982,-0.016990445265756014,False,0.036,9.0,0.0
2020-07-07,-0.0027053515922460082,0.02600855886683716,26008.55886683716,0.0027053515922460082,False,0.036,9.0,0.0
2020-07-08,0.009793714197215442,0.02603760735996205,26037.60735996205,-0.009793714197215442,False,0.036,9.0,0.0
2020-07-09,0.0031896362373440516,0.026001613708690287,26001.613708690285,-0.0031896362373440516,False,0.036,9.0,0.0
2020-07-10,0.0005970951070730646,0.026002557615118497,26002.557615118498,-0.0005970951070730646,False,0.036,9.0,0.0
2020-07-13,-0.006277666907441271,0.0260094565983983,26009.4565983983,0.006277666907441271,False,0.036,9.0,0.0
2020-07-14,0.005507100174341329,0.026027714116002406,26027.714116002408,-0.005507100174341329,False,0.036,9.0,0.0
2020-07-15,0.0020920318323840227,0.0260232390037353,26023.2390037353,-0.0020920318323840227,False,0.036,9.0,0.0
2020-07-16,-0.00579183240465182,0.026028657594442492,26028.65759444249,0.00579183240465182,False,0.036,9.0,0.0
2020-07-17,0.0031688498295326275,0.026016579494720648,26016.57949472065,-0.0031688498295326275,False,0.036,9.0,0.0
2020-07-20,0.011318100216720285,0.026014895335316358,26014.895335316356,-0.011318100216720285,False,0.036,9.0,0.0
2020-07-21,0.002717932105992671,0.026016251063751463,26016.251063751464,-0.002717932105992671,False,0.036,9.0,0.0
2020-07-22,0.00461203588957515,0.02601959944030502,26019.59944030502,-0.00461203588957515,False,0.036,9.0,0.0
2020-07-23,-0.005117241361000668,0.025953128761235896,25953.128761235897,0.005117241361000668,False,0.036,9.0,0.0
2020-07-24,-0.0016684370517671134,0.02600156986997404,26001.56986997404,0.0016684370517671134,False,0.036,9.0,0.0
2020-07-27,0.01134174066858178,0.026010472511300127,26010.472511300126,-0.01134174066858178,False,0.036,9.0,0.0
2020-07-28,-0.002404943968043783,0.0259986114518981,25998.6114518981,0.002404943968043783,False,0.036,9.0,0.0
2020-07-29,0.009148338471210549,0.025943389011354567,25943.389011354568,-0.009148338471210549,False,0.036,9.0,0.0
2020-07-30,-0.0023654774652706934,0.025941376914649823,25941.376914649823,0.0023654774652706934,False,0.036,9.0,0.0
2020-07-31,0.005462098158854256,0.02591793899010023,25917.93899010023,-0.005462098158854256,False,0.036,9.0,0.0
2020-08-03,0.004697226577898528,0.025752239626530463,25752.239626530463,-0.004697226577898528,False,0.036,9.0,0.0
2020-08-04,0.010338167217877503,0.025740122419155076,25740.122419155075,-0.010338167217877503,False,0.036,9.0,0.0
2020-08-05,0.004019341494339867,0.02574727245821174,25747.27245821174,-0.004019341494339867,False,0.036,9.0,0.0
2020-08-06,0.008385053039599024,0.025733720013652067,25733.720013652066,-0.008385053039599024,False,0.036,9.0,0.0
2020-08-07,-0.010783310654121216,0.025673680244860556,25673.680244860556,0.010783310654121216,False,0.036,9.0,0.0
2020-08-10,-0.0013418511200270044,0.025768243302173525,25768.243302173527,0.0013418511200270044,False,0.036,9.0,0.0
2020-08-11,-0.019100867102198694,0.02578842507575071,25788.42507575071,0.019100867102198694,False,0.036,9.0,0.0
2020-08-12,0.007756452179406393,0.025915224583473107,25915.224583473107,-0.007756452179406393,False,0.036,9.0,0.0
2020-08-13,0.002095568547250616,0.02591619151314375,25916.191513143753,-0.002095568547250616,False,0.036,9.0,0.0
2020-08-14,-0.0022332691210855907,0.025922351036363925,25922.351036363925,0.0022332691210855907,False,0.036,9.0,0.0
2020-08-17,0.010330408662793644,0.025940360625532764,25940.360625532765,-0.010330408662793644,False,0.036,9.0,0.0
2020-08-18,0.005365891099846932,0.02593759671936248,25937.59671936248,-0.005365891099846932,False,0.036,9.0,0.0
2020-08-19,-0.012199652357639333,0.02593487467796008,25934.87467796008,0.012199652357639333,False,0.036,9.0,0.0
2020-08-20,0.005954068298233906,0.026018359822091316,26018.359822091315,-0.005954068298233906,False,0.036,9.0,0.0
2020-08-21,0.0026907276434257055,0.02594748933890133,25947.48933890133,-0.0026907276434257055,False,0.036,9.0,0.0
2020-08-24,0.004031888205177214,0.025951941384056473,25951.941384056474,-0.004031888205177214,False,0.036,9.0,0.0
2020-08-25,0.002995052804626286,0.025952121420575996,25952.121420575997,-0.002995052804626286,False,0.036,9.0,0.0
2020-08-26,0.008400204189201399,0.025950448744308074,25950.448744308076,-0.008400204189201399,False,0.036,9.0,0.0
2020-08-27,-0.007576571440690039,0.025952574828229782,25952.574828229783,0.007576571440690039,False,0.036,9.0,0.0
2020-08-28,0.008260653086920101,0.02601494349624359,26014.94349624359,-0.008260653086920101,False,0.036,9.0,0.0
2020-08-31,-0.0017469679376469927,0.025995034960136852,25995.03496013685,0.0017469679376469927,False,0.036,9.0,0.0
2020-09-01,0.011240293347402465,0.02601306471683123,26013.064716831228,-0.011240293347402465,False,0.036,9.0,0.0
2020-09-02,0.003534564962159248,0.026009484366087958,26009.48436608796,-0.003534564962159248,False,0.036,9.0,0.0
2020-09-03,-0.021882357774504913,0.025999801877440432,25999.801877440434,0.021882357774504913,False,0.036,9.0,0.0
2020-09-04,-0.007453730386466884,0.026271622962998755,26271.622962998754,0.007453730386466884,False,0.036,9.0,0.0
2020-09-08,-0.017706962469441014,0.026289309740936406,26289.309740936405,0.017706962469441014,False,0.036,9.0,0.0
2020-09-09,0.01421253568444807,0.026512689828756715,26512.689828756716,-0.01421253568444807,False,0.036,9.0,0.0
2020-09-10,-0.010299330405928718,0.02653305092494933,26533.05092494933,0.010299330405928718,False,0.036,9.0,0.0
2020-09-11,0.00106006312285023,0.02658466357535086,26584.66357535086,-0.00106006312285023,False,0.036,9.0,0.0
2020-09-14,0.010916152575359384,0.026584993104785667,26584.993104785666,-0.010916152575359384,False,0.036,9.0,0.0
2020-09-15,0.00498585131460545,0.02659049422719727,26590.494227197272,-0.00498585131460545,False,0.036,9.0,0.0
2020-09-16,-0.004279483180493093,0.026570148498531093,26570.148498531093,0.004279483180493093,False,0.036,9.0,0.0
2020-09-17,-0.0061691377688562156,0.026601955354891998,26601.955354891998,0.0061691377688562156,False,0.036,9.0,0.0
2020-09-18,-0.006774481588554116,0.026654805386044964,26654.80538604496,0.006774481588554116,False,0.036,9.0,0.0
2020-09-21,-0.006590782975063215,0.026710574163187287,26710.574163187288,0.006590782975063215,False,0.036,9.0,0.0
2020-09-22,0.003129077676422254,0.02674200493170239,26742.004931702388,-0.003129077676422254,False,0.036,9.0,0.0
2020-09-23,-0.017905063331909044,0.026710753579829834,26710.753579829834,0.017905063331909044,False,0.036,9.0,0.0
2020-09-24,0.002046042018059069,0.026920951392678947,26920.951392678948,-0.002046042018059069,False,0.036,9.0,0.0
2020-09-25,0.007499600863457534,0.02686421568743864,26864.215687438642,-0.007499600863457534,False,0.036,9.0,0.0
2020-09-28,0.011154193932463332,0.026856457750271137,26856.457750271136,-0.011154193932463332,False,0.036,9.0,0.0
2020-09-29,-0.00021196059388477477,0.026828859620041615,26828.859620041614,0.00021196059388477477,False,0.036,9.0,0.0
2020-09-30,0.0029946119563847963,0.026790137849624588,26790.13784962459,-0.0029946119563847963,False,0.036,9.0,0.0
2020-10-01,0.008432352865982961,0.02679037337719683,26790.37337719683,-0.008432352865982961,False,0.036,9.0,0.0
2020-10-02,-0.010743048236517639,0.026791070856732404,26791.070856732404,0.010743048236517639,False,0.036,9.0,0.0
2020-10-05,0.0075610782905806365,0.026840012352807634,26840.012352807633,-0.0075610782905806365,False,0.036,9.0,0.0
2020-10-06,-0.0073278626067999845,0.02679037998600318,26790.379986003183,0.0073278626067999845,False,0.036,9.0,0.0
2020-10-07,0.007586612231047441,0.026859954779187113,26859.954779187112,-0.007586612231047441,False,0.036,9.0,0.0
2020-10-08,0.006266986744615544,0.026847312965514052,26847.31296551405,-0.006266986744615544,False,0.036,9.0,0.0
2020-10-09,0.009799072221027761,0.026845967405424984,26845.967405424984,-0.009799072221027761,False,0.036,9.0,0.0
2020-10-12,0.0111999363026414,0.026841287642823605,26841.287642823605,-0.0111999363026414,False,0.036,9.0,0.0
2020-10-13,-0.003847792664851402,0.026845619519393835,26845.619519393833,0.003847792664851402,False,0.036,9.0,0.0
2020-10-14,-0.0031972585302020963,0.02687502350668872,26875.02350668872,0.0031972585302020963,False,0.036,9.0,0.0
2020-10-15,-0.002648878637743968,0.026901416661538384,26901.416661538384,0.002648878637743968,False,0.036,9.0,0.0
2020-10-16,-0.0017613281935389138,0.026890990751847706,26890.990751847705,0.0017613281935389138,False,0.036,9.0,0.0
2020-10-19,-0.007531382492575212,0.026910222356272866,26910.222356272865,0.007531382492575212,False,0.036,9.0,0.0
2020-10-20,0.0024931809312726872,0.02696666103082954,26966.66103082954,-0.0024931809312726872,False,0.036,9.0,0.0
2020-10-21,0.000848338970584539,0.02696411162398158,26964.111623981582,-0.000848338970584539,False,0.036,9.0,0.0
2020-10-22,-0.002992945261400193,0.026971871377751176,26971.871377751177,0.002992945261400193,False,0.036,9.0,0.0
2020-10-23,0.0032557444478127583,0.027001172234110526,27001.172234110527,-0.0032557444478127583,False,0.036,9.0,0.0
2020-10-26,-0.007525989200628747,0.026993061937014066,26993.061937014067,0.007525989200628747,False,0.036,9.0,0.0
2020-10-27,0.003615428272174692,0.027032698612352166,27032.698612352167,-0.003615428272174692,False,0.036,9.0,0.0
2020-10-28,-0.022683672745554495,0.027035067381856227,27035.067381856228,0.022683672745554495,False,0.036,9.0,0.0
2020-10-29,0.00476983411108074,0.0273505030219711,27350.5030219711,-0.00476983411108074,False,0.036,9.0,0.0
2020-10-30,-0.010474056350852013,0.027351112325986065,27351.112325986065,0.010474056350852013,False,0.036,9.0,0.0
2020-11-02,0.008675890886972893,0.027445472377961043,27445.472377961043,-0.008675890886972893,False,0.036,9.0,0.0
2020-11-03,0.007849188889622384,0.02740590630296869,27405.906302968688,-0.007849188889622384,False,0.036,9.0,0.0
2020-11-04,0.023912896350212234,0.02739732675933259,27397.32675933259,-0.023912896350212234,False,0.036,9.0,0.0
2020-11-05,0.017469873518814974,0.02747927707500818,27479.27707500818,-0.017469873518814974,False,0.036,9.0,0.0
2020-11-06,-0.001106705126795382,0.027496606567446284,27496.606567446284,0.001106705126795382,False,0.036,9.0,0.0
2020-11-09,-0.013253852800544766,0.027488535602305582,27488.535602305583,0.013253852800544766,False,0.036,9.0,0.0
2020-11-10,-0.006646433400888419,0.02762395421498705,27623.95421498705,0.006646433400888419,False,0.036,9.0,0.0
2020-11-11,0.0071157774446726,0.02767544379103419,27675.44379103419,-0.0071157774446726,False,0.036,9.0,0.0
2020-11-12,0.0002373461303749159,0.027672066899208217,27672.066899208217,-0.0002373461303749159,False,0.036,9.0,0.0
2020-11-13,0.008433904806430515,0.027683543272870217,27683.543272870218,-0.008433904806430515,False,0.036,9.0,0.0
2020-11-16,0.006048025863400009,0.027674425956935613,27674.425956935615,-0.006048025863400009,False,0.036,9.0,0.0
2020-11-17,-0.0013426322299031849,0.027668717734560026,27668.717734560025,0.0013426322299031849,False,0.036,9.0,0.0
2020-11-18,-0.0051459337787847625,0.027672535412156304,27672.535412156303,0.0051459337787847625,False,0.036,9.0,0.0
2020-11-19,0.0033892259366154146,0.02768554591673815,27685.54591673815,-0.0033892259366154146,False,0.036,9.0,0.0
2020-11-20,0.0007483229608399979,0.027675773256010075,27675.773256010074,-0.0007483229608399979,False,0.036,9.0,0.0
2020-11-23,-0.0031194866280231047,0.027687290345017584,27687.290345017584,0.0031194866280231047,False,0.036,9.0,0.0
2020-11-24,0.0036601048566730077,0.027715001750153595,27715.001750153595,-0.0036601048566730077,False,0.036,9.0,0.0
2020-11-25,-0.0009123874980548009,0.027706537869788363,27706.537869788364,0.0009123874980548009,False,0.036,9.0,0.0
2020-11-27,0.004207768967024239,0.027686172511622177,27686.17251162218,-0.004207768967024239,False,0.036,9.0,0.0
2020-11-30,-0.007297851751101759,0.027624960401495036,27624.960401495035,0.007297851751101759,False,0.036,9.0,0.0
2020-12-01,0.00995381700493303,0.027688722138399676,27688.722138399677,-0.00995381700493303,False,0.036,9.0,0.0
2020-12-02,0.0008765814373321578,0.02768479356389545,27684.79356389545,-0.0008765814373321578,False,0.036,9.0,0.0
2020-12-03,0.0057071478888030885,0.027684426279113175,27684.426279113177,-0.0057071478888030885,False,0.036,9.0,0.0
2020-12-04,0.001104488295992079,0.0276775298566642,27677.5298566642,-0.001104488295992079,False,0.036,9.0,0.0
2020-12-07,0.005508407145511463,0.027661830919892143,27661.830919892145,-0.005508407145511463,False,0.036,9.0,0.0
2020-12-08,0.0029834962885959995,0.027650687535803138,27650.68753580314,-0.0029834962885959995,False,0.036,9.0,0.0
2020-12-09,-0.012131548699033613,0.027654613166707368,27654.613166707368,0.012131548699033613,False,0.036,9.0,0.0
2020-12-10,0.004705736467333322,0.027778655929207353,27778.655929207354,-0.004705736467333322,False,0.036,9.0,0.0
2020-12-11,-0.0010073877183797153,0.027777415608220613,27777.415608220614,0.0010073877183797153,False,0.036,9.0,0.0
2020-12-14,-0.0021400668864840267,0.02779417986556692,27794.17986556692,0.0021400668864840267,False,0.036,9.0,0.0
2020-12-15,0.00913316651528997,0.02781297869587175,27812.978695871752,-0.00913316651528997,False,0.036,9.0,0.0
2020-12-16,0.0029361229192621744,0.027798993113726887,27798.993113726887,-0.0029361229192621744,False,0.036,9.0,0.0
2020-12-17,0.005301955308966356,0.027799150549818876,27799.150549818874,-0.005301955308966356,False,0.036,9.0,0.0
2020-12-18,-0.002576942202689248,0.027794120038289318,27794.12003828932,0.002576942202689248,False,0.036,9.0,0.0
2020-12-21,-0.0038725459358392557,0.02781501689166745,27815.01689166745,0.0038725459358392557,False,0.036,9.0,0.0
2020-12-22,-0.001934043416878262,0.027847565962271215,27847.565962271216,0.001934043416878262,False,0.036,9.0,0.0
2020-12-23,0.0011666441814680351,0.027873137444334124,27873.137444334123,-0.0011666441814680351,False,0.036,9.0,0.0
2020-12-24,0.0023753508739661868,0.02787139090970715,27871.39090970715,-0.0023753508739661868,False,0.036,9.0,0.0
2020-12-28,0.0036555521396333113,0.027836813999799703,27836.813999799702,-0.0036555521396333113,False,0.036,9.0,0.0
2020-12-29,0.0032556358790231115,0.027823116293927603,27823.116293927604,-0.0032556358790231115,False,0.036,9.0,0.0
2020-12-30,0.00492115026913531,0.027809762022124523,27809.762022124523,-0.00492115026913531,False,0.036,9.0,0.0
2020-12-31,0.0024270751202884132,0.027788555043414122,27788.555043414122,-0.0024270751202884132,False,0.036,9.0,0.0
2021-01-04,-5.869248715568683e-05,0.027788835974628858,27788.83597462886,5.869248715568683e-05,False,0.036,9.0,0.0
2021-01-05,0.006941034409014768,0.02778441494420329,27784.41494420329,-0.006941034409014768,False,0.036,9.0,0.0
2021-01-06,-0.010618786920691913,0.027773489264319877,27773.489264319876,0.010618786920691913,False,0.036,9.0,0.0
2021-01-07,0.0074739170768253205,0.027879441747721816,27879.441747721816,-0.0074739170768253205,False,0.036,9.0,0.0
2021-01-08,0.001514476027650069,0.027875753489031374,27875.753489031373,-0.001514476027650069,False,0.036,9.0,0.0
2021-01-11,-0.007665936811884188,0.0278834232949785,27883.4232949785,0.007665936811884188,False,0.036,9.0,0.0
2021-01-12,0.0028242295024680786,0.027934639215889658,27934.639215889656,-0.0028242295024680786,False,0.036,9.0,0.0
2021-01-13,0.0037203316034835733,0.027930406625697332,27930.40662569733,-0.0037203316034835733,False,0.036,9.0,0.0
2021-01-14,-0.0018796987102997155,0.027930751078734137,27930.751078734138,0.0018796987102997155,False,0.036,9.0,0.0
2021-01-15,-0.007560405759921519,0.027946828554903252,27946.82855490325,0.007560405759921519,False,0.036,9.0,0.0
2021-01-19,0.010140210595337696,0.027984825922352154,27984.825922352153,-0.010140210595337696,False,0.036,9.0,0.0
2021-01-20,0.014384656172620726,0.02798634980114985,27986.34980114985,-0.014384656172620726,False,0.036,9.0,0.0
2021-01-21,0.0006089872218568935,0.02799868720199937,27998.68720199937,-0.0006089872218568935,False,0.036,9.0,0.0
2021-01-22,-0.003951194252608215,0.027983137748294667,27983.137748294666,0.003951194252608215,False,0.036,9.0,0.0
2021-01-25,0.006476072231662578,0.027925446381964876,27925.446381964877,-0.006476072231662578,False,0.036,9.0,0.0
2021-01-26,-0.002348817989943819,0.02792229309710813,27922.29309710813,0.002348817989943819,False,0.036,9.0,0.0
2021-01-27,-0.016773651565747238,0.027949038184403086,27949.038184403085,0.016773651565747238,False,0.036,9.0,0.0
2021-01-28,0.0033832494291918818,0.028125605305648994,28125.605305648995,-0.0033832494291918818,False,0.036,9.0,0.0
2021-01-29,-0.014471085175481702,0.028053372870345115,28053.372870345116,0.014471085175481702,False,0.036,9.0,0.0
2021-02-01,0.01583780404764812,0.028214591664552743,28214.591664552743,-0.01583780404764812,False,0.036,9.0,0.0
2021-02-02,0.004961356923961757,0.028247743401019407,28247.74340101941,-0.004961356923961757,False,0.036,9.0,0.0
2021-02-03,-0.0017031959458551297,0.028241954424511537,28241.954424511536,0.0017031959458551297,False,0.036,9.0,0.0
2021-02-04,-0.00013030461589829133,0.02826488651367911,28264.88651367911,0.00013030461589829133,False,0.036,9.0,0.0
2021-02-05,0.0034868511402952325,0.028256557567819453,28256.557567819455,-0.0034868511402952325,False,0.036,9.0,0.0
2021-02-08,0.006032216635870747,0.02825955893327969,28259.55893327969,-0.006032216635870747,False,0.036,9.0,0.0
2021-02-09,0.002755755031574392,0.028250132982132446,28250.132982132447,-0.002755755031574392,False,0.036,9.0,0.0
2021-02-10,0.002222549789482264,0.028254016616874048,28254.016616874047,-0.002222549789482264,False,0.036,9.0,0.0
2021-02-11,0.0007260574059584805,0.02823915362074883,28239.15362074883,-0.0007260574059584805,False,0.036,9.0,0.0
2021-02-12,-0.0008124485419216176,0.028245954353652836,28245.954353652836,0.0008124485419216176,False,0.036,9.0,0.0
2021-02-16,-0.006145721353876099,0.02825856216204774,28258.56216204774,0.006145721353876099,False,0.036,9.0,0.0
2021-02-17,-0.0018450512595039608,0.028316051671367703,28316.051671367703,0.0018450512595039608,False,0.036,9.0,0.0
2021-02-18,-0.0053076972925525595,0.028305632334598322,28305.632334598322,0.0053076972925525595,False,0.036,9.0,0.0
2021-02-19,-0.001759540630526657,0.028328996285499966,28328.996285499965,0.001759540630526657,False,0.032,8.0,0.0
2021-02-22,-0.011125134411472004,0.02815006886187254,28150.06886187254,0.011125134411472004,False,0.028,7.0,0.0
2021-02-23,-0.0004942966790911996,0.02808435421695434,28084.35421695434,0.0004942966790911996,False,0.028,7.0,0.0
2021-02-24,0.0011149789064541337,0.028093776601009687,28093.776601009686,-0.0011149789064541337,False,0.024,6.0,0.0
2021-02-25,-0.02337875036800381,0.027811212257201023,27811.212257201023,0.02337875036800381,False,0.024,6.0,0.0
2021-02-26,-0.0010986515911898256,0.028101012186278366,28101.012186278367,0.0010986515911898256,False,0.024,6.0,0.0
2021-03-01,0.01323703704225323,0.028017210352151663,28017.210352151662,-0.01323703704225323,False,0.024,6.0,0.0
2021-03-02,-0.005622207517927547,0.02799522617613661,27995.22617613661,0.005622207517927547,False,0.024,6.0,0.0
2021-03-03,-0.013229370511473305,0.02799131474834643,27991.31474834643,0.013229370511473305,False,0.024,6.0,0.0
2021-03-04,-0.013664407218936825,0.028061250502391392,28061.25050239139,0.013664407218936825,False,0.024,6.0,0.0
2021-03-05,0.009385101807333207,0.028193016055839137,28193.016055839136,-0.009385101807333207,False,0.02,5.0,0.0
2021-03-08,-0.015674566149107186,0.027478026678363764,27478.026678363763,0.015674566149107186,False,0.02,5.0,0.0
2021-03-09,0.022160591682987674,0.027615596787702913,27615.596787702914,-0.022160591682987674,False,0.016,4.0,0.0
2021-03-10,0.0011977290222976,0.02703554542738917,27035.54542738917,-0.0011977290222976,False,0.012,3.0,0.0
2021-03-11,0.011323242337348806,0.025066555086395263,25066.555086395263,-0.011323242337348806,False,0.012,3.0,0.0
2021-03-12,-0.009200121134634021,0.024659599368807638,24659.599368807638,0.009200121134634021,False,0.008,2.0,0.0
2021-03-15,0.005866221469826627,0.022867843874216934,22867.843874216935,-0.005866221469826627,False,0.008,2.0,0.0
2021-03-16,0.0010765274700497598,0.022623703700914842,22623.70370091484,-0.0010765274700497598,False,0.004,1.0,0.0
2021-03-17,0.0016955317814546732,0.02125355832110222,21253.55832110222,-0.0016955317814546732,False,0.004,1.0,0.0
2021-03-18,-0.01589840476992759,0.021260963633153943,21260.963633153944,0.01589840476992759,False,0.004,1.0,0.0
2021-03-19,0.0048821021540507385,0.021479448036683123,21479.448036683123,-0.0048821021540507385,False,0.004,1.0,0.0
2021-03-22,0.006703076626807137,0.021478454882175674,21478.454882175673,-0.006703076626807137,False,0.004,1.0,0.0
2021-03-23,-0.005921871967543303,0.02029784740695366,20297.84740695366,0.005921871967543303,False,0.004,1.0,0.0
2021-03-24,-0.0071966888717983415,0.0203602127344355,20360.2127344355,0.0071966888717983415,False,0.004,1.0,0.0
2021-03-25,-0.0005963046528294936,0.020029324025848106,20029.324025848106,0.0005963046528294936,False,0.004,1.0,0.0
2021-03-26,0.011292072753665928,0.019718518409715086,19718.518409715085,-0.011292072753665928,False,0.004,1.0,0.0
2021-03-29,-0.005623888751818473,0.019672225775605623,19672.225775605624,0.005623888751818473,False,0.004,1.0,0.0
2021-03-30,-0.0032649640577896207,0.01959213352614735,19592.13352614735,0.0032649640577896207,False,0.004,1.0,0.0
2021-03-31,0.006806438875069754,0.019262307109998596,19262.307109998597,-0.006806438875069754,False,0.004,1.0,0.0
2021-04-01,0.013363887162836586,0.019143771821779836,19143.771821779836,-0.013363887162836586,False,0.004,1.0,0.0
2021-04-05,0.006696673835307943,0.019091546774668823,19091.546774668823,-0.006696673835307943,False,0.004,1.0,0.0
2021-04-06,0.0038166967332063043,0.01826624503443432,18266.24503443432,-0.0038166967332063043,False,0.004,1.0,0.0
2021-04-07,-0.004184106563884749,0.018241627529408545,18241.627529408546,0.004184106563884749,False,0.004,1.0,0.0
2021-04-08,0.00848021900795044,0.018270631930240675,18270.631930240674,-0.00848021900795044,False,0.004,1.0,0.0
2021-04-09,-0.0012696960071550299,0.018271853883455924,18271.853883455926,0.0012696960071550299,False,0.004,1.0,0.0
2021-04-12,-0.002683311370181696,0.018288069812023532,18288.069812023532,0.002683311370181696,False,0.004,1.0,0.0
2021-04-13,0.006669960065912451,0.0181698652924982,18169.865292498198,-0.006669960065912451,False,0.004,1.0,0.0
2021-04-14,-0.003578759339206106,0.01809204911704511,18092.04911704511,0.003578759339206106,False,0.004,1.0,0.0
2021-04-15,0.013583382158617407,0.018123010329978324,18123.010329978326,-0.013583382158617407,False,0.004,1.0,0.0
2021-04-16,0.0010753434227579908,0.018169637076567994,18169.637076567993,-0.0010753434227579908,False,0.004,1.0,0.0
2021-04-19,-0.004676340967425219,0.018120492638135876,18120.492638135875,0.004676340967425219,False,0.004,1.0,0.0
2021-04-20,-0.0029142128467659623,0.017883273618924025,17883.273618924024,0.0029142128467659623,False,0.004,1.0,0.0
2021-04-21,0.007217281863295755,0.017814429941579477,17814.429941579478,-0.007217281863295755,False,0.004,1.0,0.0
2021-04-22,-0.005364614624433451,0.01781496554692987,17814.96554692987,0.005364614624433451,False,0.004,1.0,0.0
2021-04-23,0.006347024003575541,0.017870237954431916,17870.237954431916,-0.006347024003575541,False,0.004,1.0,0.0
2021-04-26,0.0022191947369510695,0.01787180220107485,17871.80220107485,-0.0022191947369510695,False,0.004,1.0,0.0
2021-04-27,-0.003267332736898898,0.01784355112714298,17843.55112714298,0.003267332736898898,False,0.004,1.0,0.0
2021-04-28,0.0014849734725956188,0.01776717150806967,17767.17150806967,-0.0014849734725956188,False,0.004,1.0,0.0
2021-04-29,0.00010446715423819687,0.017613326000973754,17613.326000973753,-0.00010446715423819687,False,0.004,1.0,0.0
2021-04-30,-0.006366712925825868,0.017398695760301838,17398.695760301838,0.006366712925825868,False,0.004,1.0,0.0
2021-05-03,0.0020819564145141637,0.017466946411053584,17466.946411053585,-0.0020819564145141637,False,0.004,1.0,0.0
2021-05-04,-0.007201918492219073,0.017469938632213636,17469.938632213638,0.007201918492219073,False,0.004,1.0,0.0
2021-05-05,0.0014852274732402916,0.017478762433773068,17478.762433773067,-0.0014852274732402916,False,0.004,1.0,0.0
2021-05-06,0.00867207779940351,0.01743905321925188,17439.05321925188,-0.00867207779940351,False,0.004,1.0,0.0
2021-05-07,0.005960685295834712,0.01744756469938664,17447.56469938664,-0.005960685295834712,False,0.004,1.0,0.0
2021-05-10,-0.012034533677665715,0.017423241702862375,17423.241702862375,0.012034533677665715,False,0.004,1.0,0.0
2021-05-11,-0.0037168486120356284,0.01751704566113005,17517.045661130047,0.0037168486120356284,False,0.004,1.0,0.0
2021-05-12,-0.019040480184391993,0.01752266808724125,17522.66808724125,0.019040480184391993,True,0.008,2.0,0.0015178120971507426
2021-05-13,0.00481109837605067,0.017827850174440992,17827.85017444099,-0.00481109837605067,False,0.008,2.0,0.0
2021-05-14,0.01479458423248774,0.017817850763293733,17817.850763293733,-0.01479458423248774,False,0.008,2.0,0.0
2021-05-17,-6.21475238267174e-06,0.017849718553028575,17849.718553028575,6.21475238267174e-06,False,0.008,2.0,0.0
2021-05-18,-0.0005114733973386132,0.017841074711931644,17841.074711931644,0.0005114733973386132,False,0.008,2.0,0.0
2021-05-19,-0.0012383077602857284,0.01782734521058165,17827.34521058165,0.0012383077602857284,False,0.008,2.0,0.0
2021-05-20,0.009739470345892665,0.017753509957288187,17753.509957288188,-0.009739470345892665,False,0.008,2.0,0.0
2021-05-21,-0.002845058863701433,0.017756332247949005,17756.332247949005,0.002845058863701433,False,0.008,2.0,0.0
2021-05-24,0.008151681685754442,0.01777896784904201,17778.96784904201,-0.008151681685754442,False,0.008,2.0,0.0
2021-05-25,0.005478663649349258,0.01778744165137493,17787.44165137493,-0.005478663649349258,False,0.008,2.0,0.0
2021-05-26,0.0018794918040069943,0.017764144361498004,17764.144361498005,-0.0018794918040069943,False,0.008,2.0,0.0
2021-05-27,-0.0013322021128601815,0.01774782064906667,17747.82064906667,0.0013322021128601815,False,0.008,2.0,0.0
2021-05-28,0.002709292141592346,0.017765352159283418,17765.35215928342,-0.002709292141592346,False,0.008,2.0,0.0
2021-06-01,0.0026948001886573317,0.01776553942160315,17765.53942160315,-0.0026948001886573317,False,0.008,2.0,0.0
2021-06-02,0.002467654260183316,0.017763615846875677,17763.615846875677,-0.002467654260183316,False,0.008,2.0,0.0
2021-06-03,-0.009629238608030865,0.017709146140830433,17709.14614083043,0.009629238608030865,False,0.008,2.0,0.0
2021-06-04,0.011920888110626705,0.017809549912132433,17809.549912132432,-0.011920888110626705,False,0.008,2.0,0.0
2021-06-07,-0.0004114594005298233,0.017835129583088104,17835.129583088103,0.0004114594005298233,False,0.008,2.0,0.0
2021-06-08,-4.472140879383516e-05,0.0178465563853496,17846.5563853496,4.472140879383516e-05,False,0.008,2.0,0.0
2021-06-09,0.0005541860543671673,0.017846093895907383,17846.093895907383,-0.0005541860543671673,False,0.004,1.0,0.0
2021-06-10,0.00667487692340143,0.017179218934334124,17179.218934334123,-0.00667487692340143,False,0.004,1.0,0.0
2021-06-11,-0.0024045569866696375,0.017179459354408386,17179.459354408387,0.0024045569866696375,False,0.004,1.0,0.0
2021-06-14,0.00020283758499533024,0.01720344396690342,17203.443966903422,-0.00020283758499533024,False,0.004,1.0,0.0
2021-06-15,-0.004040169321902277,0.017212155160134576,17212.155160134575,0.004040169321902277,False,0.004,1.0,0.0
2021-06-16,-0.008119936011926464,0.01725175613689703,17251.756136897027,0.008119936011926464,False,0.004,1.0,0.0
2021-06-17,0.00042424597495556107,0.017340244896928068,17340.244896928067,-0.00042424597495556107,False,0.004,1.0,0.0
2021-06-18,-0.003007433387833647,0.017343113859041075,17343.113859041074,0.003007433387833647,False,0.004,1.0,0.0
2021-06-21,0.004055159064969339,0.017366630188790935,17366.630188790936,-0.004055159064969339,False,0.004,1.0,0.0
2021-06-22,0.0016654799906533626,0.017366248420915154,17366.248420915155,-0.0016654799906533626,False,0.004,1.0,0.0
2021-06-23,0.0004267880691329661,0.017243116348873423,17243.116348873424,-0.0004267880691329661,False,0.004,1.0,0.0
2021-06-24,0.004453899342201684,0.01725027612665915,17250.27612665915,-0.004453899342201684,False,0.004,1.0,0.0
2021-06-25,0.0007218966939426918,0.0171487634498928,17148.763449892802,-0.0007218966939426918,False,0.004,1.0,0.0
2021-06-28,0.0050599191836100624,0.017154576141686965,17154.576141686965,-0.0050599191836100624,False,0.004,1.0,0.0
2021-06-29,-0.0010792145223646802,0.017153487460540396,17153.487460540397,0.0010792145223646802,False,0.004,1.0,0.0
2021-06-30,0.00041721825251239675,0.017169441060289635,17169.441060289635,-0.00041721825251239675,False,0.004,1.0,0.0
2021-07-01,0.0007614253646986314,0.017169684886402057,17169.684886402058,-0.0007614253646986314,False,0.004,1.0,0.0
2021-07-02,0.006124264072698615,0.01707318324135104,17073.18324135104,-0.006124264072698615,False,0.004,1.0,0.0
2021-07-06,0.0003316942066927011,0.01704878100146331,17048.78100146331,-0.0003316942066927011,False,0.004,1.0,0.0
2021-07-07,0.0034390207543025355,0.017036031219211042,17036.031219211043,-0.0034390207543025355,False,0.004,1.0,0.0
2021-07-08,-0.006350924894675015,0.01703583983258392,17035.83983258392,0.006350924894675015,False,0.004,1.0,0.0
2021-07-09,0.004692674132049347,0.017093807424446727,17093.807424446728,-0.004692674132049347,False,0.004,1.0,0.0
2021-07-12,0.0011767963907725056,0.017030209096614304,17030.209096614304,-0.0011767963907725056,False,0.004,1.0,0.0
2021-07-13,-0.001765645258315285,0.01703343074124555,17033.43074124555,0.001765645258315285,False,0.004,1.0,0.0
2021-07-14,0.005937954159726423,0.017051265430647736,17051.265430647734,-0.005937954159726423,False,0.004,1.0,0.0
2021-07-15,0.0006358229029667982,0.01699551121794287,16995.51121794287,-0.0006358229029667982,False,0.004,1.0,0.0
2021-07-16,-0.007061628378822294,0.01700192059680067,17001.92059680067,0.007061628378822294,False,0.004,1.0,0.0
2021-07-19,-0.003329331215687525,0.017042351870609398,17042.351870609396,0.003329331215687525,False,0.004,1.0,0.0
2021-07-20,0.0036473079955820385,0.017073384897946926,17073.384897946926,-0.0036473079955820385,False,0.004,1.0,0.0
2021-07-21,0.0011725630850875303,0.017073056846438128,17073.05684643813,-0.0011725630850875303,False,0.004,1.0,0.0
2021-07-22,0.004398445914722249,0.017027900690307476,17027.900690307477,-0.004398445914722249,False,0.004,1.0,0.0
2021-07-23,-0.000535912950887507,0.017009079101979283,17009.07910197928,0.000535912950887507,False,0.004,1.0,0.0
2021-07-26,-0.004227461295777624,0.01698658449563086,16986.584495630857,0.004227461295777624,False,0.004,1.0,0.0
2021-07-27,-0.004685946822333964,0.017002685751367715,17002.685751367713,0.004685946822333964,False,0.004,1.0,0.0
2021-07-28,0.007137924674436481,0.01702953667720923,17029.53667720923,-0.007137924674436481,False,0.004,1.0,0.0
2021-07-29,0.0032997418722616302,0.01701301887375483,17013.01887375483,-0.0032997418722616302,False,0.004,1.0,0.0
2021-07-30,-0.00456958209495244,0.017011486668324857,17011.48666832486,0.00456958209495244,False,0.004,1.0,0.0
2021-08-02,0.0025674109749151295,0.017054108477954525,17054.108477954524,-0.0025674109749151295,False,0.004,1.0,0.0
2021-08-03,0.0036507511937057925,0.017028063678918556,17028.063678918556,-0.0036507511937057925,False,0.004,1.0,0.0
2021-08-04,0.0007983001075667407,0.017028012864899526,17028.012864899527,-0.0007983001075667407,False,0.004,1.0,0.0
2021-08-05,0.00042031397811035374,0.017019654188504943,17019.654188504945,-0.00042031397811035374,False,0.004,1.0,0.0
2021-08-06,-0.010564400048185641,0.016895689601206597,16895.689601206595,0.010564400048185641,False,0.004,1.0,0.0
2021-08-09,-0.003403007456833929,0.01700665551379668,17006.655513796682,0.003403007456833929,False,0.004,1.0,0.0
2021-08-10,-0.0013694791154382103,0.016712851950036196,16712.851950036198,0.0013694791154382103,False,0.004,1.0,0.0
2021-08-11,0.003324297281600686,0.01671858560851184,16718.58560851184,-0.003324297281600686,False,0.004,1.0,0.0
2021-08-12,-0.0007170770846160355,0.016717091554785492,16717.091554785493,0.0007170770846160355,False,0.004,1.0,0.0
2021-08-13,0.006588911802380993,0.016707229252982493,16707.22925298249,-0.006588911802380993,False,0.004,1.0,0.0
2021-08-16,0.0002229274890202637,0.01668458826014088,16684.58826014088,-0.0002229274890202637,False,0.004,1.0,0.0
2021-08-17,-0.007119797385031391,0.016690143720057712,16690.143720057713,0.007119797385031391,False,0.004,1.0,0.0
2021-08-18,-0.002968350763073935,0.016604441699756868,16604.44169975687,0.002968350763073935,False,0.004,1.0,0.0
2021-08-19,-0.0012501759497499652,0.016628635209115616,16628.635209115615,0.0012501759497499652,False,0.004,1.0,0.0
2021-08-20,0.003742536403041474,0.016643062514786096,16643.062514786096,-0.003742536403041474,False,0.004,1.0,0.0
2021-08-23,0.010083615106093527,0.016642953167178474,16642.953167178475,-0.010083615106093527,False,0.004,1.0,0.0
2021-08-24,0.0038154430763140293,0.016669335142122904,16669.335142122905,-0.0038154430763140293,False,0.004,1.0,0.0
2021-08-25,-0.002165808096800781,0.0166548342574041,16654.834257404098,0.002165808096800781,False,0.004,1.0,0.0
2021-08-26,-0.0035746389224065927,0.016596470873650265,16596.470873650265,0.0035746389224065927,False,0.004,1.0,0.0
2021-08-27,0.010571411888817873,0.01661530564670802,16615.30564670802,-0.010571411888817873,False,0.004,1.0,0.0
2021-08-30,0.0030850253334332666,0.016628102300225846,16628.102300225848,-0.0030850253334332666,False,0.004,1.0,0.0
2021-08-31,0.0013275021918899288,0.016591150481372795,16591.150481372795,-0.0013275021918899288,False,0.004,1.0,0.0
2021-09-01,0.0033415666524657,0.016594375066982373,16594.37506698237,-0.0033415666524657,False,0.004,1.0,0.0
2021-09-02,-4.08322795574233e-05,0.016176432503425143,16176.432503425143,4.08322795574233e-05,False,0.004,1.0,0.0
2021-09-03,0.0019462833550339955,0.016105281757072418,16105.281757072418,-0.0019462833550339955,False,0.004,1.0,0.0
2021-09-07,-0.0048687444134025044,0.015807795337801807,15807.795337801806,0.0048687444134025044,False,0.004,1.0,0.0
2021-09-08,-0.0029992510608695573,0.015781361354914474,15781.361354914474,0.0029992510608695573,False,0.004,1.0,0.0
2021-09-09,0.0013807274055684937,0.015681818636016337,15681.818636016336,-0.0013807274055684937,False,0.004,1.0,0.0
2021-09-10,-0.006098133057524069,0.015680801799901507,15680.801799901506,0.006098133057524069,False,0.004,1.0,0.0
2021-09-13,0.0027901618954543355,0.0157069447253842,15706.9447253842,-0.0027901618954543355,False,0.004,1.0,0.0
2021-09-14,0.0003924241406155772,0.015705849170948687,15705.849170948686,-0.0003924241406155772,False,0.004,1.0,0.0
2021-09-15,0.0012448055064502082,0.015671661686936705,15671.661686936706,-0.0012448055064502082,False,0.004,1.0,0.0
2021-09-16,-0.007885759341800825,0.015611974622924341,15611.974622924341,0.007885759341800825,False,0.004,1.0,0.0
2021-09-17,-0.006447256353502318,0.015628204988902744,15628.204988902744,0.006447256353502318,False,0.004,1.0,0.0
2021-09-20,-0.008930961953693696,0.015626265862741785,15626.265862741784,0.008930961953693696,False,0.004,1.0,0.0
2021-09-21,0.002699121928253656,0.0157301642970225,15730.164297022502,-0.002699121928253656,False,0.004,1.0,0.0
2021-09-22,0.006767043561895303,0.015421186989083511,15421.186989083511,-0.006767043561895303,False,0.004,1.0,0.0
2021-09-23,-0.0009843722925835909,0.015426588401728265,15426.588401728264,0.0009843722925835909,False,0.004,1.0,0.0
2021-09-24,-0.004068460161232412,0.01543000116711248,15430.001167112481,0.004068460161232412,False,0.004,1.0,0.0
2021-09-27,-0.001187649279069869,0.015429081364315679,15429.08136431568,0.001187649279069869,False,0.004,1.0,0.0
2021-09-28,-0.017331160394928637,0.015434610608229165,15434.610608229164,0.017331160394928637,True,0.008,2.0,0.001896549786699472
2021-09-29,-0.0024084775116975264,0.01572631274920514,15726.31274920514,0.0024084775116975264,False,0.008,2.0,0.0
2021-09-30,0.001989011985471678,0.01573184289596058,15731.842895960579,-0.001989011985471678,False,0.008,2.0,0.0
2021-10-01,0.005552350417544716,0.015598353340600564,15598.353340600564,-0.005552350417544716,False,0.008,2.0,0.0
2021-10-04,-0.00929105237193948,0.015589749316020354,15589.749316020354,0.00929105237193948,False,0.008,2.0,0.0
2021-10-05,0.0033296034181056204,0.015620864915879929,15620.864915879929,-0.0033296034181056204,False,0.008,2.0,0.0
2021-10-06,0.0026546067122323216,0.015608851737520909,15608.851737520909,-0.0026546067122323216,False,0.008,2.0,0.0
2021-10-07,0.004324798693684762,0.015603432408368338,15603.432408368339,-0.004324798693684762,False,0.008,2.0,0.0
2021-10-08,-0.0019260604670236605,0.015575651404031738,15575.651404031738,0.0019260604670236605,False,0.008,2.0,0.0
2021-10-11,-0.00426044326386883,0.015551365365931661,15551.36536593166,0.00426044326386883,False,0.008,2.0,0.0
2021-10-12,0.0021077960498692818,0.015555489757552724,15555.489757552725,-0.0021077960498692818,False,0.008,2.0,0.0
2021-10-13,0.010599687208519405,0.015527877176786014,15527.877176786014,-0.010599687208519405,False,0.008,2.0,0.0
2021-10-14,0.008905279651651865,0.015540103079742072,15540.103079742072,-0.008905279651651865,False,0.008,2.0,0.0
2021-10-15,0.0008556412981212125,0.015543209674089741,15543.209674089741,-0.0008556412981212125,False,0.008,2.0,0.0
2021-10-18,0.002544362807763445,0.01546630964753266,15466.30964753266,-0.002544362807763445,False,0.008,2.0,0.0
2021-10-19,0.0036039264386428685,0.015466247505518166,15466.247505518166,-0.0036039264386428685,False,0.008,2.0,0.0
2021-10-20,0.0008890807932516734,0.015461779951307514,15461.779951307513,-0.0008890807932516734,False,0.008,2.0,0.0
2021-10-21,2.980079656476074e-05,0.015438069435460493,15438.069435460493,-2.980079656476074e-05,False,0.008,2.0,0.0
2021-10-22,0.0011162660727272124,0.015445926537030653,15445.926537030653,-0.0011162660727272124,False,0.008,2.0,0.0
2021-10-25,0.005235450076052884,0.015367550127150504,15367.550127150504,-0.005235450076052884,False,0.008,2.0,0.0
2021-10-26,-4.855369621648013e-05,0.015369705535944052,15369.705535944053,4.855369621648013e-05,False,0.008,2.0,0.0
2021-10-27,0.0021276066982893085,0.014905281212958865,14905.281212958866,-0.0021276066982893085,False,0.008,2.0,0.0
2021-10-28,0.0036200919385626527,0.014905366994819884,14905.366994819884,-0.0036200919385626527,False,0.008,2.0,0.0
2021-10-29,-0.0026037609613680512,0.014768517809098197,14768.517809098197,0.0026037609613680512,False,0.008,2.0,0.0
2021-11-01,0.0022030329388935677,0.014775596077283003,14775.596077283004,-0.0022030329388935677,False,0.008,2.0,0.0
2021-11-02,0.0003100354829845389,0.01476294460991086,14762.944609910859,-0.0003100354829845389,False,0.008,2.0,0.0
2021-11-03,0.0005580971555678272,0.014466348025094607,14466.348025094607,-0.0005580971555678272,False,0.008,2.0,0.0
2021-11-04,0.007406944207279099,0.014322744528502107,14322.744528502108,-0.007406944207279099,False,0.008,2.0,0.0
2021-11-05,0.006253080152454648,0.014322454629324707,14322.454629324708,-0.006253080152454648,False,0.008,2.0,0.0
2021-11-08,0.0020891160351013574,0.014129043653661619,14129.043653661618,-0.0020891160351013574,False,0.008,2.0,0.0
2021-11-09,0.0007732075640606961,0.014057254184086125,14057.254184086125,-0.0007732075640606961,False,0.008,2.0,0.0
2021-11-10,-0.006853676182752011,0.014050828245037983,14050.828245037983,0.006853676182752011,False,0.008,2.0,0.0
2021-11-11,0.00489506305338292,0.014119777082510044,14119.777082510043,-0.00489506305338292,False,0.008,2.0,0.0
2021-11-12,0.0036543156459823757,0.01410165283179096,14101.65283179096,-0.0036543156459823757,False,0.008,2.0,0.0
2021-11-15,-0.0034518467026192217,0.014095772733903073,14095.772733903073,0.0034518467026192217,False,0.008,2.0,0.0
2021-11-16,0.0005304484051833703,0.014113309241076382,14113.309241076382,-0.0005304484051833703,False,0.008,2.0,0.0
2021-11-17,0.0019918500126056005,0.014066798139012059,14066.798139012059,-0.0019918500126056005,False,0.008,2.0,0.0
2021-11-18,0.00042124988216982775,0.014067863336331097,14067.863336331096,-0.00042124988216982775,False,0.008,2.0,0.0
2021-11-19,0.001026044669495385,0.014069137310780832,14069.137310780832,-0.001026044669495385,False,0.008,2.0,0.0
2021-11-22,-0.011324900038439225,0.014042859380261433,14042.859380261432,0.011324900038439225,False,0.008,2.0,0.0
2021-11-23,-0.005466828830939941,0.014199311082842295,14199.311082842294,0.005466828830939941,False,0.008,2.0,0.0
2021-11-24,0.003920437016615197,0.014242143683213852,14242.143683213852,-0.003920437016615197,False,0.008,2.0,0.0
2021-11-26,-0.010229268041428942,0.014241757623638707,14241.757623638707,0.010229268041428942,False,0.008,2.0,0.0
2021-11-29,0.005690743483185767,0.014293361301873211,14293.361301873212,-0.005690743483185767,False,0.008,2.0,0.0
2021-11-30,-0.005337295083431194,0.014263853602285957,14263.853602285957,0.005337295083431194,False,0.008,2.0,0.0
2021-12-01,-0.002855628566441859,0.01431296840066116,14312.968400661159,0.002855628566441859,False,0.008,2.0,0.0
2021-12-02,0.006094915386007216,0.014333986281627633,14333.986281627633,-0.006094915386007216,False,0.008,2.0,0.0
2021-12-03,-0.00397077096914571,0.014337817571563693,14337.817571563693,0.00397077096914571,False,0.008,2.0,0.0
2021-12-06,0.0022857864884240136,0.01437006936389443,14370.069363894429,-0.0022857864884240136,False,0.008,2.0,0.0
2021-12-07,0.012417931620704413,0.01437049922197304,14370.499221973041,-0.012417931620704413,False,0.008,2.0,0.0
2021-12-08,-0.0011258446134674526,0.01426329434448429,14263.29434448429,0.0011258446134674526,False,0.008,2.0,0.0
2021-12-09,-0.005351450006938508,0.014274883945023471,14274.883945023472,0.005351450006938508,False,0.008,2.0,0.0
2021-12-10,0.004578095374577851,0.014315299573036505,14315.299573036506,-0.004578095374577851,False,0.008,2.0,0.0
2021-12-13,-0.004372707771393802,0.0142964196199174,14296.4196199174,0.004372707771393802,False,0.008,2.0,0.0
2021-12-14,-0.006243737554756046,0.01431090382130585,14310.90382130585,0.006243737554756046,False,0.008,2.0,0.0
2021-12-15,0.006041023779900412,0.014374884788699555,14374.884788699555,-0.006041023779900412,False,0.008,2.0,0.0
2021-12-16,-0.004161304641995534,0.014377751739706129,14377.75173970613,0.004161304641995534,False,0.008,2.0,0.0
2021-12-17,-0.002279892702647124,0.014392755694119758,14392.755694119758,0.002279892702647124,False,0.008,2.0,0.0
2021-12-20,-0.009401498111877094,0.014378362106386836,14378.362106386836,0.009401498111877094,False,0.008,2.0,0.0
2021-12-21,0.010555302556129931,0.01447416153132037,14474.161531320371,-0.010555302556129931,False,0.008,2.0,0.0
2021-12-22,0.008194520876850043,0.014512785244884158,14512.785244884159,-0.008194520876850043,False,0.008,2.0,0.0
2021-12-23,0.002499153031865342,0.014531382672821804,14531.382672821805,-0.002499153031865342,False,0.008,2.0,0.0
2021-12-27,0.007997038259545165,0.014531437153211679,14531.437153211678,-0.007997038259545165,False,0.008,2.0,0.0
2021-12-28,-0.003398794006014838,0.014548756096767233,14548.756096767233,0.003398794006014838,False,0.008,2.0,0.0
2021-12-29,-0.002920211433138409,0.01457726977523484,14577.26977523484,0.002920211433138409,False,0.008,2.0,0.0
2021-12-30,0.004253263776208782,0.01460322729700705,14603.227297007052,-0.004253263776208782,False,0.008,2.0,0.0
2021-12-31,-0.0009723853200912959,0.014597015076660244,14597.015076660244,0.0009723853200912959,False,0.008,2.0,0.0
2022-01-03,-0.003810351814762214,0.014598099988548838,14598.099988548838,0.003810351814762214,False,0.008,2.0,0.0
2022-01-04,-0.002710454526899131,0.014495827707488581,14495.827707488581,0.002710454526899131,False,0.008,2.0,0.0
2022-01-05,-0.014935001902750544,0.014505808199239011,14505.80819923901,0.014935001902750544,True,0.012,3.0,0.00042919370351153334
2022-01-06,-0.0013471452609751468,0.014739165014281344,14739.165014281343,0.0013471452609751468,False,0.012,3.0,0.0
2022-01-07,-0.0016684155519550272,0.014670217375291481,14670.21737529148,0.0016684155519550272,False,0.012,3.0,0.0
2022-01-10,0.0009828084365664847,0.014686057855001655,14686.057855001654,-0.0009828084365664847,False,0.012,3.0,0.0
2022-01-11,0.013193992560799783,0.014688581195521813,14688.581195521812,-0.013193992560799783,False,0.012,3.0,0.0
2022-01-12,0.004414716906378758,0.014746272787906167,14746.272787906168,-0.004414716906378758,False,0.012,3.0,0.0
2022-01-13,-0.009494096362971938,0.014665637965668618,14665.637965668619,0.009494096362971938,False,0.012,3.0,0.0
2022-01-14,-0.002351289169142379,0.014743553557953872,14743.553557953872,0.002351289169142379,False,0.012,3.0,0.0
2022-01-18,-0.01521787652207438,0.014669522834061999,14669.522834062,0.01521787652207438,True,0.016,4.0,0.0005483536880123811
2022-01-19,0.001140589793711588,0.014904653864028049,14904.653864028049,-0.001140589793711588,False,0.016,4.0,0.0
2022-01-20,-0.0029042725694160775,0.01487289527915694,14872.895279156939,0.0029042725694160775,False,0.016,4.0,0.0
2022-01-21,-0.010639159007998967,0.014887975143572634,14887.975143572634,0.010639159007998967,False,0.016,4.0,0.0
2022-01-24,-0.0015956772690565836,0.01500010066979771,15000.10066979771,0.0015956772690565836,False,0.016,4.0,0.0
2022-01-25,-0.007134139673948492,0.014734653725082154,14734.653725082155,0.007134139673948492,False,0.016,4.0,0.0
2022-01-26,-0.008996878226794715,0.014807368973435216,14807.368973435216,0.008996878226794715,False,0.016,4.0,0.0
2022-01-27,-0.004219164585266544,0.014690633272198087,14690.633272198087,0.004219164585266544,False,0.016,4.0,0.0
2022-01-28,0.011691544273565958,0.01460133145566661,14601.33145566661,-0.011691544273565958,False,0.016,4.0,0.0
2022-01-31,0.016704035971448032,0.014656805802972924,14656.805802972924,-0.016704035971448032,False,0.016,4.0,0.0
2022-02-01,0.0034432920108050658,0.014782738600189077,14782.738600189077,-0.0034432920108050658,False,0.016,4.0,0.0
2022-02-02,0.004644828856522221,0.014776285310852852,14776.285310852852,-0.004644828856522221,False,0.016,4.0,0.0
2022-02-03,-0.016775033226556137,0.014778236905077131,14778.236905077132,0.016775033226556137,True,0.02,5.0,0.001996796321479005
2022-02-04,0.0013178140964130948,0.015050432398126234,15050.432398126233,-0.0013178140964130948,False,0.02,5.0,0.0
2022-02-07,-0.0010516407824044506,0.015052112268994704,15052.112268994704,0.0010516407824044506,False,0.02,5.0,0.0
2022-02-08,0.00510242372069818,0.015062723943455557,15062.723943455558,-0.00510242372069818,False,0.02,5.0,0.0
2022-02-09,0.01136249888742107,0.015063171988305975,15063.171988305976,-0.01136249888742107,False,0.02,5.0,0.0
2022-02-10,-0.01338271940694793,0.015104824415897288,15104.824415897288,0.01338271940694793,False,0.02,5.0,0.0
2022-02-11,-0.006543670738432517,0.015235390908581099,15235.3909085811,0.006543670738432517,False,0.02,5.0,0.0
2022-02-14,-0.003219803950698852,0.015282637579034213,15282.637579034214,0.003219803950698852,False,0.02,5.0,0.0
2022-02-15,0.008368195397019076,0.015261459583340202,15261.459583340202,-0.008368195397019076,False,0.02,5.0,0.0
2022-02-16,0.004872476055345132,0.01526688898120641,15266.88898120641,-0.004872476055345132,False,0.02,5.0,0.0
2022-02-17,-0.008329630611200334,0.01512866706690041,15128.66706690041,0.008329630611200334,False,0.02,5.0,0.0
2022-02-18,-0.003608764847514201,0.015210850364048449,15210.850364048449,0.003608764847514201,False,0.02,5.0,0.0
2022-02-22,-0.006048821399978998,0.015239022259259834,15239.022259259833,0.006048821399978998,False,0.02,5.0,0.0
2022-02-23,-0.012857593674186997,0.014800635376373791,14800.635376373792,0.012857593674186997,False,0.02,5.0,0.0
2022-02-24,0.004443405350110874,0.01496909024204255,14969.09024204255,-0.004443405350110874,False,0.02,5.0,0.0
2022-02-25,0.010694020217677536,0.014893871979905951,14893.87197990595,-0.010694020217677536,False,0.02,5.0,0.0
2022-02-28,0.003921974146151497,0.014884814626721546,14884.814626721545,-0.003921974146151497,False,0.02,5.0,0.0
2022-03-01,-0.0028166761851803556,0.014695189697368953,14695.189697368953,0.0028166761851803556,False,0.02,5.0,0.0
2022-03-02,-0.0015356149253534345,0.01451688253795112,14516.88253795112,0.0015356149253534345,False,0.02,5.0,0.0
2022-03-03,-0.0034393614959854044,0.014501964223372944,14501.964223372945,0.0034393614959854044,False,0.02,5.0,0.0
2022-03-04,-0.001925095309565994,0.014274702447953024,14274.702447953025,0.001925095309565994,False,0.02,5.0,0.0
2022-03-07,-0.019310974896339816,0.014012377976423492,14012.377976423491,0.019310974896339816,True,0.024,6.0,0.005298596919916325
2022-03-08,0.0016658375275493632,0.014380623546359564,14380.623546359564,-0.0016658375275493632,False,0.024,6.0,0.0
2022-03-09,0.01032226303912307,0.014326475243865934,14326.475243865934,-0.01032226303912307,False,0.024,6.0,0.0
2022-03-10,-0.009119620171434263,0.014261253973903256,14261.253973903256,0.009119620171434263,False,0.024,6.0,0.0
2022-03-11,-0.011612685393561329,0.014360875960097151,14360.875960097152,0.011612685393561329,False,0.024,6.0,0.0
2022-03-14,-0.01782612568591486,0.014513205793897487,14513.205793897487,0.01782612568591486,True,0.028,7.0,0.003312919892017374
2022-03-15,0.006869988013316531,0.014824748302565877,14824.748302565877,-0.006869988013316531,False,0.028,7.0,0.0
2022-03-16,0.03117174509089251,0.014581283009517517,14581.283009517518,-0.03117174509089251,False,0.028,7.0,0.0
2022-03-17,0.003387034073172246,0.0151588911918837,15158.8911918837,-0.003387034073172246,False,0.028,7.0,0.0
2022-03-18,0.00983094737550676,0.015149187603043153,15149.187603043154,-0.00983094737550676,False,0.028,7.0,0.0
2022-03-21,-0.006804042390761267,0.01512562827078484,15125.628270784839,0.006804042390761267,False,0.028,7.0,0.0
2022-03-22,0.0058857732955148075,0.015120041330510842,15120.041330510841,-0.0058857732955148075,False,0.028,7.0,0.0
2022-03-23,0.00034531591084594496,0.015116229793072223,15116.229793072223,-0.00034531591084594496,False,0.028,7.0,0.0
2022-03-24,0.00840838970993385,0.015073157972718864,15073.157972718864,-0.00840838970993385,False,0.028,7.0,0.0
2022-03-25,-0.00436935691922622,0.015040177636672425,15040.177636672424,0.00436935691922622,False,0.028,7.0,0.0
2022-03-28,0.0032521941741812557,0.015050986677832908,15050.986677832909,-0.0032521941741812557,False,0.028,7.0,0.0
2022-03-29,0.010923058011013254,0.01504105577899534,15041.05577899534,-0.010923058011013254,False,0.028,7.0,0.0
2022-03-30,-0.0008415176152105408,0.015009429386713317,15009.429386713316,0.0008415176152105408,False,0.028,7.0,0.0
2022-03-31,-0.008004509564859031,0.01501040948781623,15010.40948781623,0.008004509564859031,False,0.028,7.0,0.0
2022-04-01,0.002996496619117339,0.015096013780839312,15096.013780839312,-0.002996496619117339,False,0.028,7.0,0.0
2022-04-04,0.008939875975524925,0.015059488858075572,15059.488858075572,-0.008939875975524925,False,0.028,7.0,0.0
2022-04-05,-0.016420829113842683,0.015063237728663748,15063.237728663747,0.016420829113842683,True,0.032,8.0,0.0013575913851789356
2022-04-06,-0.010109552693392887,0.015316979809056013,15316.979809056013,0.010109552693392887,False,0.032,8.0,0.0
2022-04-07,-0.0008572784756324614,0.015414539115770304,15414.539115770305,0.0008572784756324614,False,0.032,8.0,0.0
2022-04-08,-0.004065393906187542,0.015414796805455057,15414.796805455057,0.004065393906187542,False,0.032,8.0,0.0
2022-04-11,-0.012815776681298874,0.015419397937597343,15419.397937597343,0.012815776681298874,False,0.032,8.0,0.0
2022-04-12,-0.0009576512786396485,0.015511114601480164,15511.114601480163,0.0009576512786396485,False,0.032,8.0,0.0
2022-04-13,0.010342993048924142,0.015518943051903267,15518.943051903267,-0.010342993048924142,False,0.032,8.0,0.0
2022-04-14,-0.014322236165856062,0.015518997962625269,15518.99796262527,0.014322236165856062,False,0.032,8.0,0.0
2022-04-18,-0.0008166774519639874,0.01570141815651471,15701.418156514708,0.0008166774519639874,False,0.032,8.0,0.0
2022-04-19,0.0021798429497303035,0.015697245627985853,15697.245627985852,-0.0021798429497303035,False,0.032,8.0,0.0
2022-04-20,0.0007531697385821934,0.015650918961025096,15650.918961025096,-0.0007531697385821934,False,0.032,8.0,0.0
2022-04-21,-0.013173252386647506,0.01564523165115222,15645.231651152222,0.013173252386647506,False,0.032,8.0,0.0
2022-04-22,-0.015705612591435505,0.015821976043573643,15821.976043573643,0.015705612591435505,False,0.032,8.0,0.0
2022-04-25,0.0006717818941358142,0.01603172711731404,16031.72711731404,-0.0006717818941358142,False,0.032,8.0,0.0
2022-04-26,-0.015396424129730569,0.016033583748332757,16033.583748332758,0.015396424129730569,False,0.032,8.0,0.0
2022-04-27,-0.001420935236227239,0.01625285395206195,16252.85395206195,0.001420935236227239,False,0.032,8.0,0.0
2022-04-28,0.016415196157233677,0.01620844676720119,16208.446767201189,-0.016415196157233677,False,0.032,8.0,0.0
2022-04-29,-0.01829778755773699,0.016333942875946247,16333.942875946246,0.01829778755773699,True,0.036,9.0,0.0019638446817907447
2022-05-02,-0.0029148730026891554,0.01656464191663903,16564.64191663903,0.0029148730026891554,False,0.036,9.0,0.0
2022-05-03,0.004473618051440287,0.016585169728409153,16585.169728409153,-0.004473618051440287,False,0.036,9.0,0.0
2022-05-04,0.018077532964747345,0.016563973853380484,16563.973853380485,-0.018077532964747345,False,0.036,9.0,0.0
2022-05-05,-0.03080318652216927,0.01671170082350138,16711.700823501382,0.03080318652216927,True,0.04,10.0,0.014091485698667888
2022-05-06,-0.008952779942888744,0.017301972550651464,17301.972550651466,0.008952779942888744,False,0.04,10.0,0.0
2022-05-09,-0.021131253548192588,0.017363337202180827,17363.337202180828,0.021131253548192588,True,0.04,10.0,0.0037679163460117605
2022-05-10,0.003972688526211954,0.017424295123337766,17424.295123337768,-0.003972688526211954,False,0.04,10.0,0.0
2022-05-11,-0.005023053933261523,0.017422659558511047,17422.659558511048,0.005023053933261523,False,0.04,10.0,0.0
2022-05-12,-0.005432585330748197,0.017370012263025196,17370.012263025197,0.005432585330748197,False,0.04,10.0,0.0
2022-05-13,0.013148401505710727,0.01740788527238112,17407.885272381118,-0.013148401505710727,False,0.04,10.0,0.0
2022-05-16,-0.0022193572366973947,0.01746964474546092,17469.644745460922,0.0022193572366973947,False,0.04,10.0,0.0
2022-05-17,0.010531232899564237,0.01747528924875429,17475.28924875429,-0.010531232899564237,False,0.04,10.0,0.0
2022-05-18,-0.018302436570460334,0.0174826523052489,17482.6523052489,0.018302436570460334,True,0.044,11.0,0.0008197842652114332
2022-05-19,0.004295680209268871,0.01774323520118529,17743.23520118529,-0.004295680209268871,False,0.044,11.0,0.0
2022-05-20,0.0027051843127951173,0.01772653225164019,17726.53225164019,-0.0027051843127951173,False,0.044,11.0,0.0
2022-05-23,0.006213812150775033,0.01772187010496748,17721.87010496748,-0.006213812150775033,False,0.044,11.0,0.0
2022-05-24,-0.0038024118638136485,0.017728886342320126,17728.886342320126,0.0038024118638136485,False,0.044,11.0,0.0
2022-05-25,0.005132947758916551,0.01774541933666485,17745.41933666485,-0.005132947758916551,False,0.044,11.0,0.0
2022-05-26,0.011390231573097421,0.017748929939716124,17748.929939716123,-0.011390231573097421,False,0.044,11.0,0.0
2022-05-27,0.01433950366870902,0.0177951120669785,17795.1120669785,-0.01433950366870902,False,0.044,11.0,0.0
2022-05-31,-0.005057693702583,0.017876986124119962,17876.98612411996,0.005057693702583,False,0.044,11.0,0.0
2022-06-01,-0.003458783054380477,0.017818905691219702,17818.9056912197,0.003458783054380477,False,0.044,11.0,0.0
2022-06-02,0.015299144882297756,0.017792763468357474,17792.763468357472,-0.015299144882297756,False,0.044,11.0,0.0
2022-06-03,-0.014196999193002881,0.017882012132887534,17882.012132887532,0.014196999193002881,False,0.044,11.0,0.0
2022-06-06,-0.002208693655978977,0.018056892980472184,18056.892980472185,0.002208693655978977,False,0.044,11.0,0.0
2022-06-07,0.007717612323751189,0.01806947187359403,18069.47187359403,-0.007717612323751189,False,0.044,11.0,0.0
2022-06-08,-0.004494227878466362,0.01807500748960521,18075.00748960521,0.004494227878466362,False,0.044,11.0,0.0
2022-06-09,-0.014816697418314553,0.018091234554142126,18091.234554142127,0.014816697418314553,False,0.044,11.0,0.0
2022-06-10,-0.013623255074092544,0.01827789903870002,18277.89903870002,0.013623255074092544,False,0.044,11.0,0.0
2022-06-13,-0.03545334917852734,0.018413682213598376,18413.682213598375,0.03545334917852734,True,0.048,12.0,0.017039666964928965
2022-06-14,-0.0015914532691622353,0.01921374537762894,19213.74537762894,0.0015914532691622353,False,0.048,12.0,0.0
2022-06-15,0.01682141471253762,0.019221772174035073,19221.77217403507,-0.01682141471253762,False,0.048,12.0,0.0
2022-06-16,-0.016984059545727927,0.01931457558362036,19314.57558362036,0.016984059545727927,False,0.048,12.0,0.0
2022-06-17,0.0026221476703998992,0.019541734248116727,19541.734248116725,-0.0026221476703998992,False,0.048,12.0,0.0
2022-06-21,0.009169397931646285,0.01954092694989931,19540.92694989931,-0.009169397931646285,False,0.048,12.0,0.0
2022-06-22,0.002070453641075698,0.019559909088457932,19559.90908845793,-0.002070453641075698,False,0.048,12.0,0.0
2022-06-23,0.005962430507833516,0.019558976442210357,19558.976442210358,-0.005962430507833516,False,0.048,12.0,0.0
2022-06-24,0.01497760599168543,0.019561464637127157,19561.464637127156,-0.01497760599168543,False,0.048,12.0,0.0
2022-06-27,-0.003913518640973645,0.019641158225914945,19641.158225914944,0.003913518640973645,False,0.048,12.0,0.0
2022-06-28,-0.010806038775153804,0.019658849467328102,19658.849467328102,0.010806038775153804,False,0.048,12.0,0.0
2022-06-29,0.0021978339433682105,0.01976285328369237,19762.85328369237,-0.0021978339433682105,False,0.048,12.0,0.0
2022-06-30,-0.004507719472910487,0.01976044407330381,19760.44407330381,0.004507719472910487,False,0.048,12.0,0.0
2022-07-01,0.004075707365861647,0.019786133281826535,19786.133281826536,-0.004075707365861647,False,0.048,12.0,0.0
2022-07-05,-0.00042473966200111705,0.019783066095030267,19783.066095030266,0.00042473966200111705,False,0.048,12.0,0.0
2022-07-06,-0.005782701640752341,0.01978928057800062,19789.28057800062,0.005782701640752341,False,0.048,12.0,0.0
2022-07-07,0.009646480731565422,0.019783493473583415,19783.493473583414,-0.009646480731565422,False,0.048,12.0,0.0
2022-07-08,-0.0020424696052289805,0.019807252139157634,19807.252139157634,0.0020424696052289805,False,0.048,12.0,0.0
2022-07-11,-0.009518796200013791,0.019819536157050257,19819.536157050257,0.009518796200013791,False,0.048,12.0,0.0
2022-07-12,-0.004031113378353469,0.019894557066001423,19894.557066001424,0.004031113378353469,False,0.048,12.0,0.0
2022-07-13,0.0013251630610075838,0.019916352845218914,19916.352845218913,-0.0013251630610075838,False,0.048,12.0,0.0
2022-07-14,-0.0060176641431398895,0.01991488178530151,19914.88178530151,0.0060176641431398895,False,0.048,12.0,0.0
2022-07-15,0.009213605873166131,0.019903782043347022,19903.782043347022,-0.009213605873166131,False,0.048,12.0,0.0
2022-07-18,-0.0038410391857725216,0.019904320102493118,19904.32010249312,0.0038410391857725216,False,0.048,12.0,0.0
2022-07-19,0.014243517198596246,0.019929766595287494,19929.766595287496,-0.014243517198596246,False,0.048,12.0,0.0
2022-07-20,0.0022305123888566314,0.01999978045878549,19999.78045878549,-0.0022305123888566314,False,0.048,12.0,0.0
2022-07-21,0.013470997881598825,0.019998950324746315,19998.950324746314,-0.013470997881598825,False,0.048,12.0,0.0
2022-07-22,-0.0035104074506782106,0.020053131870662023,20053.131870662022,0.0035104074506782106,False,0.048,12.0,0.0
2022-07-25,-0.0026904662045711845,0.020047607710405892,20047.607710405893,0.0026904662045711845,False,0.048,12.0,0.0
2022-07-26,-0.007947033130807957,0.020032622644328497,20032.622644328498,0.007947033130807957,False,0.048,12.0,0.0
2022-07-27,0.018278308555673098,0.02009025451963605,20090.25451963605,-0.018278308555673098,False,0.048,12.0,0.0
2022-07-28,0.009343723146244499,0.02021904861540336,20219.04861540336,-0.009343723146244499,False,0.048,12.0,0.0
2022-07-29,0.005635453977239391,0.02020782317222384,20207.823172223838,-0.005635453977239391,False,0.048,12.0,0.0
2022-08-01,0.0035357843393407865,0.020211010749180663,20211.010749180663,-0.0035357843393407865,False,0.048,12.0,0.0
2022-08-02,-0.008294533592343778,0.020210956585646953,20210.956585646953,0.008294533592343778,False,0.048,12.0,0.0
2022-08-03,0.013787434542136223,0.020279950044326898,20279.9500443269,-0.013787434542136223,False,0.048,12.0,0.0
2022-08-04,0.005450306445694597,0.020337558931330824,20337.558931330823,-0.005450306445694597,False,0.048,12.0,0.0
2022-08-05,-0.008781851843207213,0.02023604659447854,20236.04659447854,0.008781851843207213,False,0.048,12.0,0.0
2022-08-08,0.004293325131243653,0.020291073174654506,20291.073174654506,-0.004293325131243653,False,0.048,12.0,0.0
2022-08-09,-0.003971375566898305,0.020279928465380657,20279.928465380657,0.003971375566898305,False,0.048,12.0,0.0
2022-08-10,0.010476819164525787,0.02030849637926315,20308.49637926315,-0.010476819164525787,False,0.048,12.0,0.0
2022-08-11,-0.005533886964799817,0.02032810215121579,20328.10215121579,0.005533886964799817,False,0.048,12.0,0.0
2022-08-12,0.013264795799811635,0.020364414075187857,20364.41407518786,-0.013264795799811635,False,0.048,12.0,0.0
2022-08-15,-0.0012317121790713424,0.020413415441414992,20413.415441414993,0.0012317121790713424,False,0.048,12.0,0.0
2022-08-16,0.00035597424682973775,0.020365457289512712,20365.457289512713,-0.00035597424682973775,False,0.048,12.0,0.0
2022-08-17,-0.007914324652884242,0.020348660826647,20348.660826647,0.007914324652884242,False,0.048,12.0,0.0
2022-08-18,-0.00029534641029891327,0.020405964295323584,20405.964295323585,0.00029534641029891327,False,0.048,12.0,0.0
2022-08-19,-0.013991083685368898,0.020412972754400432,20412.97275440043,0.013991083685368898,False,0.048,12.0,0.0
2022-08-22,-0.01318403480554038,0.020549253738623846,20549.253738623847,0.01318403480554038,False,0.048,12.0,0.0
2022-08-23,0.0007101447008614813,0.020694039494519187,20694.039494519187,-0.0007101447008614813,False,0.048,12.0,0.0
2022-08-24,0.0002954891383724513,0.020681926255186868,20681.926255186867,-0.0002954891383724513,False,0.048,12.0,0.0
2022-08-25,0.014086720982338362,0.020661763950830768,20661.76395083077,-0.014086720982338362,False,0.048,12.0,0.0
2022-08-26,-0.018845463091126804,0.020696296081617497,20696.296081617496,0.018845463091126804,False,0.048,12.0,0.0
2022-08-29,-0.006074173006489692,0.020956485473945793,20956.48547394579,0.006074173006489692,False,0.048,12.0,0.0
2022-08-30,-0.007958267641349192,0.02100010187682149,21000.10187682149,0.007958267641349192,False,0.048,12.0,0.0
2022-08-31,-0.005429194150353434,0.021065438504678465,21065.438504678463,0.005429194150353434,False,0.048,12.0,0.0
2022-09-01,-0.0062774891827538605,0.021098843340923414,21098.843340923413,0.0062774891827538605,False,0.048,12.0,0.0
2022-09-02,-0.003882711123824789,0.021144594080375178,21144.594080375176,0.003882711123824789,False,0.048,12.0,0.0
2022-09-06,-0.010686312033050972,0.021136805629998753,21136.80562999875,0.010686312033050972,False,0.048,12.0,0.0
2022-09-07,0.014605573861975609,0.0212175335650336,21217.5335650336,-0.014605573861975609,False,0.048,12.0,0.0
2022-09-08,-0.0019948420066644213,0.021286480392875465,21286.480392875466,0.0019948420066644213,False,0.048,12.0,0.0
2022-09-09,0.011946853452175122,0.0212554816573206,21255.4816573206,-0.011946853452175122,False,0.048,12.0,0.0
2022-09-12,0.006871302296493908,0.021296253507243793,21296.253507243793,-0.006871302296493908,False,0.048,12.0,0.0
2022-09-13,-0.027965401172951033,0.021299300496786074,21299.300496786072,0.027965401172951033,True,0.052,13.0,0.0066661006761649585
2022-09-14,0.003258231531945599,0.02180202899558774,21802.028995587738,-0.003258231531945599,False,0.052,13.0,0.0
2022-09-15,-0.011593973886520392,0.021738928994112807,21738.928994112808,0.011593973886520392,False,0.052,13.0,0.0
2022-09-16,-0.005141370958954417,0.02180371804604701,21803.718046047008,0.005141370958954417,False,0.052,13.0,0.0
2022-09-19,0.004364461204301362,0.021763788540178627,21763.788540178626,-0.004364461204301362,False,0.052,13.0,0.0
2022-09-20,-0.00813309466151575,0.02176436237619422,21764.36237619422,0.00813309466151575,False,0.052,13.0,0.0
2022-09-21,-0.006132969047752491,0.0218235674458087,21823.5674458087,0.006132969047752491,False,0.052,13.0,0.0
2022-09-22,-0.010337855091646154,0.02185906872329567,21859.06872329567,0.010337855091646154,False,0.052,13.0,0.0
2022-09-23,-0.014179298524305085,0.02192563953420241,21925.63953420241,0.014179298524305085,False,0.052,13.0,0.0
2022-09-26,-0.011400678879796256,0.022069207625860437,22069.207625860436,0.011400678879796256,False,0.048,12.0,0.0
2022-09-27,-0.005511677556988115,0.021963121068050304,21963.121068050303,0.005511677556988115,False,0.048,12.0,0.0
2022-09-28,0.02051388939613279,0.02198554893909495,21985.54893909495,-0.02051388939613279,False,0.048,12.0,0.0
2022-09-29,-0.015485369187734889,0.022139297830288323,22139.297830288324,0.015485369187734889,False,0.048,12.0,0.0
2022-09-30,-0.009795897817770216,0.022312487499097828,22312.487499097828,0.009795897817770216,False,0.048,12.0,0.0
2022-10-03,0.02128061501883547,0.022318954965411822,22318.954965411824,-0.02128061501883547,False,0.048,12.0,0.0
2022-10-04,0.02133692365765476,0.022483881531188854,22483.881531188854,-0.02133692365765476,False,0.048,12.0,0.0
2022-10-05,-0.003482607024848661,0.022645742419017265,22645.742419017264,0.003482607024848661,False,0.048,12.0,0.0
2022-10-06,-0.006176004598006712,0.0226682586699067,22668.2586699067,0.006176004598006712,False,0.048,12.0,0.0
2022-10-07,-0.02150827927459491,0.022699231092901145,22699.231092901144,0.02150827927459491,False,0.048,12.0,0.0
2022-10-10,-0.012480946611245925,0.02297400006552564,22974.000065525637,0.012480946611245925,False,0.048,12.0,0.0
2022-10-11,-0.006727006684982917,0.02309448891208753,23094.48891208753,0.006727006684982917,False,0.048,12.0,0.0
2022-10-12,0.0015542316418942106,0.02311567991720339,23115.67991720339,-0.0015542316418942106,False,0.048,12.0,0.0
2022-10-13,0.007248233897972688,0.023100524604187777,23100.524604187776,-0.007248233897972688,False,0.048,12.0,0.0
2022-10-14,-0.017705630515526653,0.023106339878809137,23106.339878809136,0.017705630515526653,False,0.048,12.0,0.0
2022-10-17,0.016840499329294812,0.0233180153909063,23318.0153909063,-0.016840499329294812,False,0.048,12.0,0.0
2022-10-18,0.00488751400982026,0.02340931185483158,23409.31185483158,-0.00488751400982026,False,0.048,12.0,0.0
2022-10-19,-0.012107900421371755,0.02340821215382737,23408.212153827368,0.012107900421371755,False,0.048,12.0,0.0
2022-10-20,-0.005157881697005018,0.023516167055174012,23516.167055174014,0.005157881697005018,False,0.048,12.0,0.0
2022-10-21,0.012562079370525248,0.023547370516561226,23547.370516561226,-0.012562079370525248,False,0.048,12.0,0.0
2022-10-24,-0.005252579474432517,0.02358801475774612,23588.01475774612,0.005252579474432517,False,0.048,12.0,0.0
2022-10-25,0.015259394895258627,0.023617062891577063,23617.062891577065,-0.015259394895258627,False,0.048,12.0,0.0
2022-10-26,0.0015020209276453088,0.02368649628699921,23686.49628699921,-0.0015020209276453088,False,0.048,12.0,0.0
2022-10-27,-0.004477864530816399,0.023687817536876248,23687.81753687625,0.004477864530816399,False,0.048,12.0,0.0
2022-10-28,0.006243979694579061,0.02369991250635502,23699.91250635502,-0.006243979694579061,False,0.048,12.0,0.0
2022-10-31,-0.007411410661352202,0.023703822854336337,23703.822854336337,0.007411410661352202,False,0.048,12.0,0.0
2022-11-01,0.00467638382522757,0.023753679009516082,23753.679009516083,-0.00467638382522757,False,0.048,12.0,0.0
2022-11-02,-0.015802918162017267,0.023751373753870465,23751.373753870466,0.015802918162017267,False,0.048,12.0,0.0
2022-11-03,-0.006648563656593521,0.0239144017729278,23914.4017729278,0.006648563656593521,False,0.048,12.0,0.0
2022-11-04,0.017340119421577076,0.023954970588415656,23954.970588415654,-0.017340119421577076,False,0.048,12.0,0.0
2022-11-07,0.0014347279562353153,0.02405031785648388,24050.317856483878,-0.0014347279562353153,False,0.048,12.0,0.0
2022-11-08,0.010779084847522791,0.024049025254657994,24049.025254657994,-0.010779084847522791,False,0.048,12.0,0.0
2022-11-09,-0.01253577953070977,0.024028221213774813,24028.221213774814,0.01253577953070977,False,0.048,12.0,0.0
2022-11-10,0.046784594827276794,0.02414389329567328,24143.893295673282,-0.046784594827276794,False,0.048,12.0,0.0
2022-11-11,0.011646848838573209,0.025011455720651398,25011.455720651396,-0.011646848838573209,False,0.048,12.0,0.0
2022-11-14,-0.00470987329537167,0.025018336038945713,25018.336038945712,0.00470987329537167,False,0.048,12.0,0.0
2022-11-15,0.013000345736652453,0.02504520058259536,25045.20058259536,-0.013000345736652453,False,0.048,12.0,0.0
2022-11-16,-0.0035371215076064346,0.025083291551550247,25083.291551550246,0.0035371215076064346,False,0.048,12.0,0.0
2022-11-17,-0.004250632448205983,0.02510177504368316,25101.77504368316,0.004250632448205983,False,0.048,12.0,0.0
2022-11-18,-0.002989346394173564,0.025126583337549174,25126.583337549175,0.002989346394173564,False,0.048,12.0,0.0
2022-11-21,-0.005584034878707312,0.025045941742645215,25045.941742645216,0.005584034878707312,False,0.048,12.0,0.0
2022-11-22,0.009124423088078615,0.02504690653874326,25046.90653874326,-0.009124423088078615,False,0.048,12.0,0.0
2022-11-23,0.009649608009827794,0.025060212682833052,25060.21268283305,-0.009649608009827794,False,0.048,12.0,0.0
2022-11-25,-0.0028153351012012214,0.02498880712439791,24988.80712439791,0.0028153351012012214,False,0.048,12.0,0.0
2022-11-28,-0.008043294634008326,0.025006377049817494,25006.377049817493,0.008043294634008326,False,0.048,12.0,0.0
2022-11-29,0.001093921058968417,0.025031605502835317,25031.60550283532,-0.001093921058968417,False,0.048,12.0,0.0
2022-11-30,0.025224368857330107,0.02501531905458834,25015.319054588337,-0.025224368857330107,False,0.048,12.0,0.0
2022-12-01,0.009506442760792178,0.025217282110568385,25217.282110568383,-0.009506442760792178,False,0.048,12.0,0.0
2022-12-02,0.0015581587729525338,0.025203883123802895,25203.883123802894,-0.0015581587729525338,False,0.048,12.0,0.0
2022-12-05,-0.015463878247011722,0.025205168461537735,25205.168461537734,0.015463878247011722,False,0.048,12.0,0.0
2022-12-06,-0.004159331419998469,0.025337870658251736,25337.870658251737,0.004159331419998469,False,0.048,12.0,0.0
2022-12-07,0.004185294271849038,0.025355139690663494,25355.139690663495,-0.004185294271849038,False,0.048,12.0,0.0
2022-12-08,0.005976041442634795,0.02531807725231583,25318.07725231583,-0.005976041442634795,False,0.048,12.0,0.0
2022-12-09,-0.008587307453934013,0.025319846862308377,25319.84686230838,0.008587307453934013,False,0.048,12.0,0.0
2022-12-12,0.003766122178607279,0.025358206284788576,25358.206284788575,-0.003766122178607279,False,0.048,12.0,0.0
2022-12-13,0.010441570366479658,0.025313271316812266,25313.271316812265,-0.010441570366479658,False,0.048,12.0,0.0
2022-12-14,-0.0022901324673960445,0.02533016544930796,25330.165449307962,0.0022901324673960445,False,0.048,12.0,0.0
2022-12-15,-0.018709406229072825,0.02531842464626877,25318.42464626877,0.018709406229072825,False,0.048,12.0,0.0
2022-12-16,-0.004177143794118332,0.02552586221255516,25525.86221255516,0.004177143794118332,False,0.048,12.0,0.0
2022-12-19,-0.008272612699598848,0.025477066163380784,25477.066163380783,0.008272612699598848,False,0.048,12.0,0.0
2022-12-20,-0.0001674855264528704,0.025521612829607063,25521.612829607064,0.0001674855264528704,False,0.048,12.0,0.0
2022-12-21,0.007859819289544401,0.02551988436779487,25519.88436779487,-0.007859819289544401,False,0.048,12.0,0.0
2022-12-22,-0.011982503273453694,0.025526514700834255,25526.514700834254,0.011982503273453694,False,0.048,12.0,0.0
2022-12-23,-0.0009962463316232962,0.02562715200453158,25627.15200453158,0.0009962463316232962,False,0.048,12.0,0.0
2022-12-27,-0.0029219571094186267,0.02561469368697496,25614.69368697496,0.0029219571094186267,False,0.048,12.0,0.0
2022-12-28,-0.010125482661955764,0.025614703854757045,25614.703854757045,0.010125482661955764,False,0.048,12.0,0.0
2022-12-29,0.015198275462004007,0.02569826663643077,25698.26663643077,-0.015198275462004007,False,0.048,12.0,0.0
2022-12-30,-0.004694225941383224,0.025746415466749977,25746.41546674998,0.004694225941383224,False,0.048,12.0,0.0
2023-01-03,0.00498561487029967,0.025752585205071992,25752.58520507199,-0.00498561487029967,False,0.048,12.0,0.0
2023-01-04,0.013137043723996378,0.025734956291300917,25734.956291300918,-0.013137043723996378,False,0.044,11.0,0.0
2023-01-05,-0.0076774122564939,0.025619043023496803,25619.043023496804,0.0076774122564939,False,0.044,11.0,0.0
2023-01-06,0.02170604695082985,0.025665358669181893,25665.358669181893,-0.02170604695082985,False,0.044,11.0,0.0
2023-01-09,0.004192417331769116,0.02578867298171081,25788.67298171081,-0.004192417331769116,False,0.044,11.0,0.0
2023-01-10,0.001957455637545014,0.025784726133694803,25784.726133694803,-0.001957455637545014,False,0.044,11.0,0.0
2023-01-11,0.009938745087160883,0.025749869953231665,25749.869953231664,-0.009938745087160883,False,0.044,11.0,0.0
2023-01-12,0.009038696931742241,0.02576518567978259,25765.18567978259,-0.009038696931742241,False,0.044,11.0,0.0
2023-01-13,0.003993913327176025,0.025697013706530412,25697.01370653041,-0.003993913327176025,False,0.044,11.0,0.0
2023-01-17,-0.003676187960293409,0.02567915459983946,25679.154599839458,0.003676187960293409,False,0.04,10.0,0.0
2023-01-18,-0.0028490727894996404,0.0255437005341477,25543.7005341477,0.0028490727894996404,False,0.04,10.0,0.0
2023-01-19,2.0917225458671958e-05,0.025560889166016086,25560.889166016084,-2.0917225458671958e-05,False,0.04,10.0,0.0
2023-01-20,0.008355447578111885,0.02554680121594378,25546.801215943782,-0.008355447578111885,False,0.04,10.0,0.0
2023-01-23,0.007718435554671111,0.025459536837713726,25459.536837713727,-0.007718435554671111,False,0.04,10.0,0.0
2023-01-24,0.003119508836122931,0.02545025253300113,25450.25253300113,-0.003119508836122931,False,0.04,10.0,0.0
2023-01-25,0.0012270123655211186,0.025394601519499235,25394.601519499236,-0.0012270123655211186,False,0.04,10.0,0.0
2023-01-26,0.005256401790350785,0.02532207119031117,25322.07119031117,-0.005256401790350785,False,0.04,10.0,0.0
2023-01-27,0.0007258236307738477,0.025290749859873247,25290.749859873245,-0.0007258236307738477,False,0.04,10.0,0.0
2023-01-30,-0.011816289939131376,0.02527270944101261,25272.70944101261,0.011816289939131376,False,0.04,10.0,0.0
2023-01-31,0.007829844268913621,0.025317003852585045,25317.003852585047,-0.007829844268913621,False,0.04,10.0,0.0
2023-02-01,0.013791965577606601,0.025322606294384247,25322.606294384248,-0.013791965577606601,False,0.04,10.0,0.0
2023-02-02,0.005003588935394943,0.02536250839246919,25362.50839246919,-0.005003588935394943,False,0.036,9.0,0.0
2023-02-03,-0.017218911111173307,0.02516982032265635,25169.82032265635,0.017218911111173307,False,0.036,9.0,0.0
2023-02-06,-0.00691513151753429,0.0253672370607751,25367.2370607751,0.00691513151753429,False,0.036,9.0,0.0
2023-02-07,0.006132744085994579,0.025409120468743898,25409.1204687439,-0.006132744085994579,False,0.036,9.0,0.0
2023-02-08,-0.0045442326246054165,0.02541035880630594,25410.35880630594,0.0045442326246054165,False,0.036,9.0,0.0
2023-02-09,-0.00603782166199074,0.02542127735179692,25421.27735179692,0.00603782166199074,False,0.036,9.0,0.0
2023-02-10,-0.004624453792887917,0.025332477005010328,25332.47700501033,0.004624453792887917,False,0.036,9.0,0.0
2023-02-13,0.007860797524462204,0.02531612766567575,25316.12766567575,-0.007860797524462204,False,0.036,9.0,0.0
2023-02-14,0.0007306361048795118,0.02529786057421338,25297.86057421338,-0.0007306361048795118,False,0.036,9.0,0.0
2023-02-15,-0.0033572704240802946,0.02529565175812586,25295.65175812586,0.0033572704240802946,False,0.036,9.0,0.0
2023-02-16,-0.009454154758359513,0.025320246194740804,25320.246194740805,0.009454154758359513,False,0.036,9.0,0.0
2023-02-17,-0.001951696692666927,0.025333057631927003,25333.057631927004,0.001951696692666927,False,0.036,9.0,0.0
2023-02-21,-0.015902223638642334,0.02532301552885245,25323.015528852447,0.015902223638642334,False,0.036,9.0,0.0
2023-02-22,-0.00038829185367441656,0.025452890423381433,25452.890423381432,0.00038829185367441656,False,0.036,9.0,0.0
2023-02-23,0.005633668043110296,0.02533578506435064,25335.78506435064,-0.005633668043110296,False,0.036,9.0,0.0
2023-02-24,-0.014016546900082494,0.02533666997522185,25336.669975221852,0.014016546900082494,False,0.036,9.0,0.0
2023-02-27,0.004496450794662365,0.02546158546981109,25461.585469811092,-0.004496450794662365,False,0.036,9.0,0.0
2023-02-28,-0.0005804759407772588,0.02546164215340321,25461.64215340321,0.0005804759407772588,False,0.036,9.0,0.0
2023-03-01,0.0009206366148580615,0.025450349574327475,25450.349574327476,-0.0009206366148580615,False,0.036,9.0,0.0
2023-03-02,0.002037087822969075,0.02544090062427886,25440.90062427886,-0.002037087822969075,False,0.036,9.0,0.0
2023-03-03,0.016118306704090868,0.025417880578470636,25417.880578470635,-0.016118306704090868,False,0.036,9.0,0.0
2023-03-06,-0.0029021148450457225,0.02546352788648445,25463.52788648445,0.0029021148450457225,False,0.032,8.0,0.0
2023-03-07,-0.011138812092246143,0.025244481385968555,25244.481385968556,0.011138812092246143,False,0.032,8.0,0.0
2023-03-08,0.002253084931338223,0.025344691647788683,25344.691647788684,-0.002253084931338223,False,0.032,8.0,0.0
2023-03-09,-0.00911589139234279,0.025330059540972446,25330.059540972445,0.00911589139234279,False,0.032,8.0,0.0
2023-03-10,0.004463661399070707,0.02533001629057816,25330.016290578158,-0.004463661399070707,False,0.032,8.0,0.0
2023-03-13,0.006559719655475216,0.025220753351663388,25220.75335166339,-0.006559719655475216,False,0.028,7.0,0.0
2023-03-14,0.0035609347018584763,0.025009117102944532,25009.117102944532,-0.0035609347018584763,False,0.028,7.0,0.0
2023-03-15,0.0017929086060322508,0.025006487129143565,25006.487129143567,-0.0017929086060322508,False,0.028,7.0,0.0
2023-03-16,0.010679353319929042,0.024686902580374447,24686.902580374448,-0.010679353319929042,False,0.028,7.0,0.0
2023-03-17,0.004326386340158251,0.024705853080927802,24705.8530809278,-0.004326386340158251,False,0.028,7.0,0.0
2023-03-20,0.0016941147277960813,0.024691351176198164,24691.351176198164,-0.0016941147277960813,False,0.028,7.0,0.0
2023-03-21,0.001790464144668125,0.024640588554215772,24640.58855421577,-0.001790464144668125,False,0.028,7.0,0.0
2023-03-22,0.000729597352178635,0.02464167430837808,24641.67430837808,-0.000729597352178635,False,0.028,7.0,0.0
2023-03-23,0.008191806921198098,0.02464044073855165,24640.44073855165,-0.008191806921198098,False,0.028,7.0,0.0
2023-03-24,0.000128060259656704,0.024639631968339154,24639.631968339156,-0.000128060259656704,False,0.028,7.0,0.0
2023-03-27,-0.008631929950637685,0.02461446317159429,24614.46317159429,0.008631929950637685,False,0.028,7.0,0.0
2023-03-28,0.00335084753156083,0.024686856778412144,24686.856778412144,-0.00335084753156083,False,0.028,7.0,0.0
2023-03-29,0.005723818784397117,0.02466613591720204,24666.13591720204,-0.005723818784397117,False,0.028,7.0,0.0
2023-03-30,0.007786078963800236,0.02465653474709504,24656.53474709504,-0.007786078963800236,False,0.028,7.0,0.0
2023-03-31,0.007845684179717094,0.024596742745783894,24596.742745783893,-0.007845684179717094,False,0.028,7.0,0.0
2023-04-03,0.003062997346320473,0.02460219434672333,24602.194346723332,-0.003062997346320473,False,0.028,7.0,0.0
2023-04-04,0.002938308841558102,0.02459251947397804,24592.51947397804,-0.002938308841558102,False,0.024,6.0,0.0
2023-04-05,-0.002134842092458156,0.02440284258968998,24402.84258968998,0.002134842092458156,False,0.024,6.0,0.0
2023-04-06,0.0020348301131291047,0.024328612532983067,24328.61253298307,-0.0020348301131291047,False,0.024,6.0,0.0
2023-04-10,-0.004409736062708847,0.024319112981359504,24319.112981359503,0.004409736062708847,False,0.024,6.0,0.0
2023-04-11,0.001663741613328518,0.0243217431404438,24321.7431404438,-0.001663741613328518,False,0.024,6.0,0.0
2023-04-12,-0.003222162968911424,0.02419321200631302,24193.21200631302,0.003222162968911424,False,0.024,6.0,0.0
2023-04-13,0.010446237359187328,0.02420624525576421,24206.24525576421,-0.010446237359187328,False,0.024,6.0,0.0
2023-04-14,-0.007287835465836779,0.024206816079939804,24206.816079939803,0.007287835465836779,False,0.024,6.0,0.0
2023-04-17,-0.0015268268465756353,0.024110781707789096,24110.781707789098,0.0015268268465756353,False,0.024,6.0,0.0
2023-04-18,0.0013812321412068453,0.024114296048218273,24114.296048218275,-0.0013812321412068453,False,0.024,6.0,0.0
2023-04-19,-0.0032834870308739994,0.024116109706184156,24116.109706184157,0.0032834870308739994,False,0.024,6.0,0.0
2023-04-20,-0.00042311942661781276,0.024136381096187,24136.381096187,0.00042311942661781276,False,0.024,6.0,0.0
2023-04-21,-0.004616464380614804,0.024008115927594324,24008.115927594325,0.004616464380614804,False,0.024,6.0,0.0
2023-04-24,0.0018730496877722438,0.023861860981032778,23861.860981032776,-0.0018730496877722438,False,0.024,6.0,0.0
2023-04-25,-0.006740632698552585,0.023858503290034378,23858.50329003438,0.006740632698552585,False,0.024,6.0,0.0
2023-04-26,-0.0017012119370828807,0.02373649696485058,23736.49696485058,0.0017012119370828807,False,0.024,6.0,0.0
2023-04-27,0.01015369586150603,0.023738016004257644,23738.016004257643,-0.01015369586150603,False,0.024,6.0,0.0
2023-04-28,0.007394574410718491,0.023686601747635226,23686.601747635224,-0.007394574410718491,False,0.02,5.0,0.0
2023-05-01,-0.00776098783012682,0.023454412332356348,23454.412332356347,0.00776098783012682,False,0.02,5.0,0.0
2023-05-02,0.0029024153926909602,0.023497940509481608,23497.940509481607,-0.0029024153926909602,False,0.02,5.0,0.0
2023-05-03,-0.00018003547199496605,0.023498938582974166,23498.938582974166,0.00018003547199496605,False,0.02,5.0,0.0
2023-05-04,-0.0010839417390777317,0.023420690492810207,23420.69049281021,0.0010839417390777317,False,0.016,4.0,0.0
2023-05-05,0.0068342864511849125,0.022856503936554494,22856.503936554494,-0.0068342864511849125,False,0.016,4.0,0.0
2023-05-08,-0.00190720654759573,0.022775746486580612,22775.74648658061,0.00190720654759573,False,0.012,3.0,0.0
2023-05-09,-0.002660027388883535,0.022484480016006343,22484.480016006342,0.002660027388883535,False,0.012,3.0,0.0
2023-05-10,0.004663853940905183,0.022508196140920804,22508.196140920805,-0.004663853940905183,False,0.012,3.0,0.0
2023-05-11,-1.4097110919197996e-05,0.02246575218997363,22465.752189973628,1.4097110919197996e-05,False,0.012,3.0,0.0
2023-05-12,-0.0053536115266973995,0.02242865396291395,22428.65396291395,0.0053536115266973995,False,0.012,3.0,0.0
2023-05-15,0.0038132778521859038,0.02243744516448899,22437.44516448899,-0.0038132778521859038,False,0.012,3.0,0.0
2023-05-16,-0.005637262743846038,0.022416784870030782,22416.78487003078,0.005637262743846038,False,0.012,3.0,0.0
2023-05-17,0.004496526671614332,0.022446190246302195,22446.190246302194,-0.004496526671614332,False,0.008,2.0,0.0
2023-05-18,0.0004925898523235439,0.022198853931971605,22198.853931971604,-0.0004925898523235439,False,0.008,2.0,0.0
2023-05-19,-2.220417361706882e-05,0.022206088417213086,22206.088417213086,2.220417361706882e-05,False,0.008,2.0,0.0
2023-05-22,0.0012142358934977171,0.022214023145438886,22214.023145438885,-0.0012142358934977171,False,0.008,2.0,0.0
2023-05-23,-0.007068313385140135,0.02221698995756629,22216.98995756629,0.007068313385140135,False,0.008,2.0,0.0
2023-05-24,-0.0065773601828486026,0.02224784775332211,22247.847753322112,0.0065773601828486026,False,0.008,2.0,0.0
2023-05-25,0.0037608648126214333,0.022304632707770004,22304.632707770004,-0.0037608648126214333,False,0.008,2.0,0.0
2023-05-26,0.013663827280532103,0.02227994427229638,22279.94427229638,-0.013663827280532103,False,0.008,2.0,0.0
2023-05-30,0.0019117655272295365,0.022273522291066907,22273.522291066907,-0.0019117655272295365,False,0.008,2.0,0.0
2023-05-31,-0.0020627623167006398,0.022234236294128493,22234.236294128492,0.0020627623167006398,False,0.008,2.0,0.0
2023-06-01,0.010135985857962604,0.022224731614949096,22224.731614949094,-0.010135985857962604,False,0.008,2.0,0.0
2023-06-02,0.0026984879337567996,0.022182061681941194,22182.061681941195,-0.0026984879337567996,False,0.008,2.0,0.0
2023-06-05,0.000538623845397068,0.02201718824672528,22017.18824672528,-0.000538623845397068,False,0.008,2.0,0.0
2023-06-06,0.0035709242871289734,0.022003458988401253,22003.458988401253,-0.0035709242871289734,False,0.008,2.0,0.0
2023-06-07,-0.01031472162240803,0.02199784575518448,21997.84575518448,0.01031472162240803,False,0.008,2.0,0.0
2023-06-08,0.01009532325789837,0.022064253289124182,22064.253289124183,-0.01009532325789837,False,0.008,2.0,0.0
2023-06-09,0.0012194962492318995,0.021902129099287408,21902.12909928741,-0.0012194962492318995,False,0.008,2.0,0.0
2023-06-12,0.006008068700882286,0.0217481795683152,21748.1795683152,-0.006008068700882286,False,0.004,1.0,0.0
2023-06-13,0.001408736543025091,0.020955948114110442,20955.94811411044,-0.001408736543025091,False,0.004,1.0,0.0
2023-06-14,0.004890479388627922,0.020942209157269815,20942.209157269815,-0.004890479388627922,False,0.004,1.0,0.0
2023-06-15,0.010060083689508083,0.020863778507908604,20863.778507908602,-0.010060083689508083,False,0.004,1.0,0.0
2023-06-16,-0.0037070828471285735,0.02064621108333225,20646.211083332248,0.0037070828471285735,False,0.004,1.0,0.0
2023-06-20,-0.005923880205233667,0.020678512061792304,20678.512061792302,0.005923880205233667,False,0.004,1.0,0.0
2023-06-21,-0.004503768308870937,0.020721361919747713,20721.361919747713,0.004503768308870937,False,0.004,1.0,0.0
2023-06-22,-0.002017565003858546,0.02075888157810161,20758.881578101613,0.002017565003858546,False,0.004,1.0,0.0
2023-06-23,-0.0038675721672684744,0.020778079533438163,20778.079533438162,0.0038675721672684744,False,0.004,1.0,0.0
2023-06-26,-0.002273627755757035,0.020752850584195997,20752.850584195996,0.002273627755757035,False,0.004,1.0,0.0
2023-06-27,0.006226282618778822,0.02074050107195797,20740.50107195797,-0.006226282618778822,False,0.004,1.0,0.0
2023-06-28,-0.0003263247457714114,0.020625637619936275,20625.637619936275,0.0003263247457714114,False,0.004,1.0,0.0
2023-06-29,-0.004500673527618693,0.020634327696228867,20634.327696228866,0.004500673527618693,False,0.004,1.0,0.0
2023-06-30,0.010715408499734692,0.02063426385418666,20634.263854186658,-0.010715408499734692,False,0.004,1.0,0.0
2023-07-03,0.00201614240992829,0.020655630435967957,20655.630435967956,-0.00201614240992829,False,0.004,1.0,0.0
2023-07-05,-0.00410921689710253,0.02064680491306285,20646.80491306285,0.00410921689710253,False,0.004,1.0,0.0
2023-07-06,-0.010588487942860937,0.020630828439051778,20630.828439051777,0.010588487942860937,False,0.004,1.0,0.0
2023-07-07,0.0013866825260593133,0.020729823776679642,20729.82377667964,-0.0013866825260593133,False,0.004,1.0,0.0
2023-07-10,0.0011432326475224743,0.020713673255711076,20713.673255711077,-0.0011432326475224743,False,0.004,1.0,0.0
2023-07-11,0.0060689514574565175,0.020620657333185504,20620.657333185503,-0.0060689514574565175,False,0.004,1.0,0.0
2023-07-12,0.01353970425494908,0.02058640036160952,20586.40036160952,-0.01353970425494908,False,0.004,1.0,0.0
2023-07-13,0.009832508338464453,0.020625160848924698,20625.160848924697,-0.009832508338464453,False,0.004,1.0,0.0
2023-07-14,-0.0030973990102222794,0.020584194043795356,20584.194043795356,0.0030973990102222794,False,0.004,1.0,0.0
2023-07-17,0.0030480988383772448,0.02060152849310388,20601.52849310388,-0.0030480988383772448,False,0.004,1.0,0.0
2023-07-18,0.004860011045890845,0.02056742038228126,20567.420382281263,-0.004860011045890845,False,0.004,1.0,0.0
2023-07-19,0.002297655048340297,0.0205175323740311,20517.5323740311,-0.002297655048340297,False,0.004,1.0,0.0
2023-07-20,-0.010853309329637394,0.020517386014458135,20517.386014458134,0.010853309329637394,False,0.004,1.0,0.0
2023-07-21,-0.0014509400185167111,0.02059320191388629,20593.201913886292,0.0014509400185167111,False,0.004,1.0,0.0
2023-07-24,0.0023574990640642616,0.02057880026782486,20578.80026782486,-0.0023574990640642616,False,0.004,1.0,0.0
2023-07-25,0.004304002876692615,0.020555517901576795,20555.517901576794,-0.004304002876692615,False,0.004,1.0,0.0
2023-07-26,0.0017036676482761635,0.020477559329100035,20477.559329100033,-0.0017036676482761635,False,0.004,1.0,0.0
2023-07-27,-0.011296574880517185,0.020379254640394237,20379.254640394236,0.011296574880517185,False,0.004,1.0,0.0
2023-07-28,0.01306083216246088,0.020490975927230155,20490.975927230156,-0.01306083216246088,False,0.004,1.0,0.0
2023-07-31,0.0016002982368045428,0.02053088788652372,20530.88788652372,-0.0016002982368045428,False,0.004,1.0,0.0
2023-08-01,-0.00891342016098855,0.020534185970351313,20534.185970351315,0.00891342016098855,False,0.004,1.0,0.0
2023-08-02,-0.015044136560131772,0.02054242963452974,20542.429634529737,0.015044136560131772,False,0.004,1.0,0.0
2023-08-03,-0.0047832690001287535,0.020685482823368486,20685.482823368486,0.0047832690001287535,False,0.004,1.0,0.0
2023-08-04,0.0021791993446853342,0.02072519724058738,20725.197240587382,-0.0021791993446853342,False,0.004,1.0,0.0
2023-08-07,0.0007196398310245876,0.02064121857095661,20641.21857095661,-0.0007196398310245876,False,0.004,1.0,0.0
2023-08-08,-0.003936594379145242,0.020647063143713864,20647.063143713865,0.003936594379145242,False,0.004,1.0,0.0
2023-08-09,-0.0029533622272031046,0.020646772577533935,20646.772577533935,0.0029533622272031046,False,0.004,1.0,0.0
2023-08-10,-0.0027655129665830505,0.020650644639776596,20650.644639776594,0.0027655129665830505,False,0.004,1.0,0.0
2023-08-11,-0.004790954880717591,0.020627058196218635,20627.058196218637,0.004790954880717591,False,0.004,1.0,0.0
2023-08-14,0.0013393794601264995,0.020622061376873575,20622.061376873575,-0.0013393794601264995,False,0.004,1.0,0.0
2023-08-15,-0.008487948010637592,0.020611603399660932,20611.603399660933,0.008487948010637592,False,0.004,1.0,0.0
2023-08-16,-0.008104026845589418,0.020685615687514525,20685.615687514524,0.008104026845589418,False,0.004,1.0,0.0
2023-08-17,-0.004402006421662197,0.020687981464457803,20687.981464457804,0.004402006421662197,False,0.004,1.0,0.0
2023-08-18,-0.000759203287400867,0.020714835668854514,20714.835668854514,0.000759203287400867,False,0.004,1.0,0.0
2023-08-21,0.002873703551900087,0.02055826176242665,20558.26176242665,-0.002873703551900087,False,0.004,1.0,0.0
2023-08-22,0.0006215018448099574,0.020404212441892722,20404.212441892723,-0.0006215018448099574,False,0.004,1.0,0.0
2023-08-23,0.015545941865693002,0.02040452229074545,20404.522290745448,-0.015545941865693002,False,0.004,1.0,0.0
2023-08-24,-0.009179498345686743,0.020467133801694282,20467.133801694283,0.009179498345686743,False,0.004,1.0,0.0
2023-08-25,0.003560652562217803,0.02050516549220625,20505.16549220625,-0.003560652562217803,False,0.004,1.0,0.0
2023-08-28,0.0055112130165087874,0.020229847215030076,20229.847215030077,-0.0055112130165087874,False,0.004,1.0,0.0
2023-08-29,0.013834955213794855,0.020176742483342325,20176.742483342325,-0.013834955213794855,False,0.004,1.0,0.0
2023-08-30,0.0015783124135137607,0.020149723332176673,20149.723332176673,-0.0015783124135137607,False,0.004,1.0,0.0
2023-08-31,-0.001602868104867517,0.02010448711195749,20104.48711195749,0.001602868104867517,False,0.004,1.0,0.0
2023-09-01,-0.0005055067063632012,0.020064198847397092,20064.198847397092,0.0005055067063632012,False,0.004,1.0,0.0
2023-09-05,-0.006661881522118219,0.020041279416265056,20041.279416265057,0.006661881522118219,False,0.004,1.0,0.0
2023-09-06,-0.004640349572713998,0.019986189269563404,19986.189269563405,0.004640349572713998,False,0.004,1.0,0.0
2023-09-07,-0.003629536013283552,0.019969520604653228,19969.52060465323,0.003629536013283552,False,0.004,1.0,0.0
2023-09-08,0.0018282194383837604,0.019981623470526323,19981.623470526323,-0.0018282194383837604,False,0.004,1.0,0.0
2023-09-11,0.0050813243400854805,0.019951348370279613,19951.348370279615,-0.0050813243400854805,False,0.004,1.0,0.0
2023-09-12,-0.0038058162971945863,0.019947670166850815,19947.670166850814,0.0038058162971945863,False,0.0,0.0,0.0
2023-09-13,0.0002346011616091159,0.019425435794028573,19425.435794028574,-0.0002346011616091159,False,0.0,0.0,0.0
2023-09-14,0.00335061468552389,0.01943311931331156,19433.11931331156,-0.00335061468552389,False,0.0,0.0,0.0
2023-09-15,-0.006496022920771649,0.019298551092695865,19298.551092695867,0.006496022920771649,False,0.0,0.0,0.0
2023-09-18,0.0023880058259565964,0.01931332783779101,19313.32783779101,-0.0023880058259565964,False,0.0,0.0,0.0
2023-09-19,-0.003683798434726349,0.019314895544575404,19314.895544575404,0.003683798434726349,False,0.0,0.0,0.0
2023-09-20,-0.00477437490043533,0.01926590415884961,19265.90415884961,0.00477437490043533,False,0.0,0.0,0.0
2023-09-21,-0.01701849958876256,0.019251598055144564,19251.598055144565,0.01701849958876256,False,0.0,0.0,0.0
2023-09-22,0.004195490418254289,0.01938213225529117,19382.13225529117,-0.004195490418254289,False,0.0,0.0,0.0
2023-09-25,-0.005044774558439502,0.01919797832090074,19197.97832090074,0.005044774558439502,False,0.0,0.0,0.0
2023-09-26,-0.011054699971564764,0.019111100020360306,19111.100020360307,0.011054699971564764,False,0.0,0.0,0.0
2023-09-27,-0.002642282962296183,0.019187257195943476,19187.257195943475,0.002642282962296183,False,0.0,0.0,0.0
2023-09-28,0.002972685260933372,0.019062877635410255,19062.877635410256,-0.002972685260933372,False,0.0,0.0,0.0
2023-09-29,-0.0022143953951200947,0.01885010665176997,18850.10665176997,0.0022143953951200947,False,0.0,0.0,0.0
2023-10-02,-0.004859604208830426,0.018764122634118693,18764.122634118692,0.004859604208830426,False,0.0,0.0,0.0
2023-10-03,-0.013715408946584651,0.018640024709500873,18640.024709500874,0.013715408946584651,False,0.0,0.0,0.0
2023-10-04,0.006385639140030253,0.018642113987330806,18642.113987330806,-0.006385639140030253,False,0.0,0.0,0.0
2023-10-05,-0.0012744749779786348,0.018615512833105672,18615.512833105673,0.0012744749779786348,False,0.0,0.0,0.0
2023-10-06,0.007229083466575292,0.018573015412170022,18573.01541217002,-0.007229083466575292,False,0.0,0.0,0.0
2023-10-09,0.009719715933165141,0.01820721797233887,18207.21797233887,-0.009719715933165141,False,0.0,0.0,0.0
2023-10-10,0.004404984656229672,0.018069418415830176,18069.418415830176,-0.004404984656229672,False,0.0,0.0,0.0
2023-10-11,0.009141084968151558,0.018002262594095857,18002.262594095857,-0.009141084968151558,False,0.0,0.0,0.0
2023-10-12,-0.010187674143167881,0.0180137930951163,18013.7930951163,0.010187674143167881,False,0.0,0.0,0.0
2023-10-13,0.0057611973583324705,0.018125507736132265,18125.507736132266,-0.0057611973583324705,False,0.0,0.0,0.0
2023-10-16,0.001652955604418871,0.017851133171836404,17851.133171836405,-0.001652955604418871,False,0.0,0.0,0.0
2023-10-17,-0.0030221024049170487,0.017757492503319747,17757.492503319747,0.0030221024049170487,False,0.0,0.0,0.0
2023-10-18,-0.007203318898156397,0.017785828603417524,17785.828603417525,0.007203318898156397,False,0.0,0.0,0.0
2023-10-19,-0.006443069676795133,0.017706687599549284,17706.687599549285,0.006443069676795133,False,0.0,0.0,0.0
2023-10-20,-0.006176147895223494,0.01772157196527018,17721.57196527018,0.006176147895223494,False,0.0,0.0,0.0
2023-10-23,0.001821047509063445,0.01773741916298408,17737.41916298408,-0.001821047509063445,False,0.0,0.0,0.0
2023-10-24,0.008624047821769999,0.017690288016821636,17690.288016821636,-0.008624047821769999,False,0.0,0.0,0.0
2023-10-25,-0.014008328258438741,0.01762620165969795,17626.20165969795,0.014008328258438741,False,0.0,0.0,0.0
2023-10-26,-0.003804832151733284,0.017812898230140206,17812.898230140207,0.003804832151733284,False,0.0,0.0,0.0
2023-10-27,0.0013657125467924746,0.017806530964641198,17806.5309646412,-0.0013657125467924746,False,0.0,0.0,0.0
2023-10-30,0.004695878287577693,0.01780646766852341,17806.467668523408,-0.004695878287577693,False,0.0,0.0,0.0
2023-10-31,-0.0009930077096002464,0.017731915520729856,17731.915520729857,0.0009930077096002464,False,0.0,0.0,0.0
2023-11-01,0.011163487012497298,0.01774526587944699,17745.26587944699,-0.011163487012497298,False,0.0,0.0,0.0
2023-11-02,0.01619741689637193,0.017546148154255838,17546.14815425584,-0.01619741689637193,False,0.0,0.0,0.0
2023-11-03,0.010343900128845363,0.017568716752576697,17568.716752576696,-0.010343900128845363,False,0.0,0.0,0.0
2023-11-06,-0.0006104985558976318,0.017486170192948854,17486.170192948855,0.0006104985558976318,False,0.0,0.0,0.0
2023-11-07,0.004219603016616569,0.01749486061119117,17494.860611191172,-0.004219603016616569,False,0.0,0.0,0.0
2023-11-08,0.0003447708345506673,0.01746672424512199,17466.72424512199,-0.0003447708345506673,False,0.0,0.0,0.0
2023-11-09,-0.008775530785714893,0.017310854838891065,17310.854838891064,0.008775530785714893,False,0.0,0.0,0.0
2023-11-10,0.007973567296704355,0.01624406070175242,16244.060701752422,-0.007973567296704355,False,0.0,0.0,0.0
2023-11-13,-0.00020699379810551474,0.016213659289786547,16213.659289786547,0.00020699379810551474,False,0.0,0.0,0.0
2023-11-14,0.01982363139233492,0.016178728344451183,16178.728344451183,-0.01982363139233492,False,0.0,0.0,0.0
2023-11-15,-0.0010832628842083916,0.01629355039290637,16293.55039290637,0.0010832628842083916,False,0.0,0.0,0.0
2023-11-16,0.003243658533505989,0.01627492690372529,16274.92690372529,-0.003243658533505989,False,0.0,0.0,0.0
2023-11-17,0.001465254211209377,0.016235431783940317,16235.431783940317,-0.001465254211209377,False,0.0,0.0,0.0
2023-11-20,0.007359210498029968,0.016210317562607456,16210.317562607455,-0.007359210498029968,False,0.0,0.0,0.0
2023-11-21,-0.0007811909749972924,0.01616451456195466,16164.514561954662,0.0007811909749972924,False,0.0,0.0,0.0
2023-11-22,0.0010411130309277538,0.016157303034867277,16157.303034867276,-0.0010411130309277538,False,0.0,0.0,0.0
2023-11-24,-0.001372356568406241,0.016137305487793102,16137.305487793103,0.001372356568406241,False,0.0,0.0,0.0
2023-11-27,0.003344148010779358,0.016126662387243095,16126.662387243096,-0.003344148010779358,False,0.0,0.0,0.0
2023-11-28,0.005458886609065061,0.016038419460822136,16038.419460822135,-0.005458886609065061,False,0.0,0.0,0.0
2023-11-29,0.0013162471185198532,0.016036588677711048,16036.588677711048,-0.0013162471185198532,False,0.0,0.0,0.0
2023-11-30,-0.0024539557983463967,0.015727465358595382,15727.465358595382,0.0024539557983463967,False,0.0,0.0,0.0
2023-12-01,0.009834717988473064,0.015725562468432246,15725.562468432247,-0.009834717988473064,False,0.0,0.0,0.0
2023-12-04,-0.010290314767170084,0.0157511024184967,15751.1024184967,0.010290314767170084,False,0.0,0.0,0.0
2023-12-05,0.0027819485823356916,0.01563758123470754,15637.581234707539,-0.0027819485823356916,False,0.0,0.0,0.0
2023-12-06,0.0011821715123851995,0.015598884718830234,15598.884718830233,-0.0011821715123851995,False,0.0,0.0,0.0
2023-12-07,0.0044777370674577545,0.015601977293713477,15601.977293713477,-0.0044777370674577545,False,0.0,0.0,0.0
2023-12-08,-0.003421208681946864,0.015598347986323355,15598.347986323355,0.003421208681946864,False,0.0,0.0,0.0
2023-12-11,0.001033745943690212,0.015532291972577106,15532.291972577106,-0.001033745943690212,False,0.0,0.0,0.0
2023-12-12,0.003041953159599808,0.015536137546079664,15536.137546079664,-0.003041953159599808,False,0.0,0.0,0.0
2023-12-13,0.016493686949573406,0.015502629791701819,15502.629791701818,-0.016493686949573406,False,0.0,0.0,0.0
2023-12-14,0.009769928762156854,0.015595747263055631,15595.747263055631,-0.009769928762156854,False,0.0,0.0,0.0
2023-12-15,-0.0021670859126503576,0.01528658072666845,15286.58072666845,0.0021670859126503576,False,0.0,0.0,0.0
2023-12-18,0.0016001805357825916,0.01526806363210762,15268.06363210762,-0.0016001805357825916,False,0.0,0.0,0.0
2023-12-19,0.006380296428848409,0.015174472033097505,15174.472033097505,-0.006380296428848409,False,0.0,0.0,0.0
2023-12-20,-0.009077853643101387,0.015169823452249175,15169.823452249175,0.009077853643101387,False,0.0,0.0,0.0
2023-12-21,0.008131033270565613,0.015267474247770542,15267.474247770542,-0.008131033270565613,False,0.0,0.0,0.0
2023-12-22,-0.0002820382422780376,0.015115044266088205,15115.044266088205,0.0002820382422780376,False,0.0,0.0,0.0
2023-12-26,0.005736030324144404,0.015110845497642076,15110.845497642076,-0.005736030324144404,False,0.0,0.0,0.0
2023-12-27,0.006379235158243945,0.015084024759833746,15084.024759833746,-0.006379235158243945,False,0.0,0.0,0.0
2023-12-28,-0.0010841928692971294,0.014957403077986434,14957.403077986435,0.0010841928692971294,False,0.0,0.0,0.0
2023-12-29,-0.0036612777437177615,0.014881669520526889,14881.66952052689,0.0036612777437177615,False,0.0,0.0,0.0
2024-01-02,-0.008465127883639734,0.014870438642232734,14870.438642232733,0.008465127883639734,False,0.0,0.0,0.0
2024-01-03,-0.005690144388582819,0.014970606355849746,14970.606355849746,0.005690144388582819,False,0.0,0.0,0.0
2024-01-04,-0.005169397425727884,0.014966334213007138,14966.334213007138,0.005169397425727884,False,0.0,0.0,0.0
2024-01-05,-0.0011165370210072913,0.014931588984474272,14931.588984474272,0.0011165370210072913,False,0.0,0.0,0.0
2024-01-08,0.007956587202220856,0.01471140307467136,14711.403074671362,-0.007956587202220856,False,0.0,0.0,0.0
2024-01-09,-0.0039515576663818,0.01472581127860256,14725.81127860256,0.0039515576663818,False,0.0,0.0,0.0
2024-01-10,0.0006359102977346431,0.014762547307032997,14762.547307032997,-0.0006359102977346431,False,0.0,0.0,0.0
2024-01-11,0.002668350142088483,0.014736875935815689,14736.87593581569,-0.002668350142088483,False,0.0,0.0,0.0
2024-01-12,0.00252388844478193,0.014713706135112047,14713.706135112046,-0.00252388844478193,False,0.0,0.0,0.0
2024-01-16,-0.01102095218754169,0.014713759995784118,14713.759995784118,0.01102095218754169,False,0.0,0.0,0.0
2024-01-17,-0.007739895292580634,0.014825036477304088,14825.03647730409,0.007739895292580634,False,0.0,0.0,0.0
2024-01-18,0.006050352913077029,0.014884476110765137,14884.476110765137,-0.006050352913077029,False,0.0,0.0,0.0
2024-01-19,0.009802700127884244,0.01488248460650643,14882.48460650643,-0.009802700127884244,False,0.0,0.0,0.0
2024-01-22,-0.0006525079515161459,0.014894352878597252,14894.352878597252,0.0006525079515161459,False,0.0,0.0,0.0
2024-01-23,0.0023427939676354376,0.014891253678233197,14891.253678233197,-0.0023427939676354376,False,0.0,0.0,0.0
2024-01-24,0.0007484493725592457,0.014891825072155156,14891.825072155156,-0.0007484493725592457,False,0.0,0.0,0.0
2024-01-25,0.0036906080365033847,0.014893358945972282,14893.358945972283,-0.0036906080365033847,False,0.0,0.0,0.0
2024-01-26,-0.0018132745305295072,0.014890622490016494,14890.622490016494,0.0018132745305295072,False,0.0,0.0,0.0
2024-01-29,0.007449752306630409,0.014904234727150212,14904.234727150211,-0.007449752306630409,False,0.0,0.0,0.0
2024-01-30,-0.0009901508968681136,0.014755036970709389,14755.036970709389,0.0009901508968681136,False,0.0,0.0,0.0
2024-01-31,-0.0064531674156682595,0.01475316598020361,14753.16598020361,0.0064531674156682595,False,0.0,0.0,0.0
2024-02-01,0.012903593188366091,0.014739569034768103,14739.569034768103,-0.012903593188366091,False,0.0,0.0,0.0
2024-02-02,-0.0013902875385729096,0.014805004435985805,14805.004435985806,0.0013902875385729096,False,0.0,0.0,0.0
2024-02-05,-0.005872148162629243,0.014519758279643856,14519.758279643856,0.005872148162629243,False,0.0,0.0,0.0
2024-02-06,0.007726668442638341,0.014505203267762301,14505.203267762301,-0.007726668442638341,False,0.0,0.0,0.0
2024-02-07,0.002957750869274323,0.014513756481243992,14513.756481243992,-0.002957750869274323,False,0.0,0.0,0.0
2024-02-08,-0.001994769137227448,0.014469768966011973,14469.768966011972,0.001994769137227448,False,0.0,0.0,0.0
2024-02-09,0.0028079792624803534,0.014426988538020154,14426.988538020154,-0.0028079792624803534,False,0.0,0.0,0.0
2024-02-12,0.00040812649932353584,0.014381629407398235,14381.629407398235,-0.00040812649932353584,False,0.0,0.0,0.0
2024-02-13,-0.01581915396393585,0.014372373199887533,14372.373199887532,0.01581915396393585,True,0.004,1.0,0.0014467807640483176
2024-02-14,0.007757166132897364,0.01463133239101411,14631.33239101411,-0.007757166132897364,False,0.004,1.0,0.0
2024-02-15,0.005311652038513781,0.01461441167539489,14614.41167539489,-0.005311652038513781,False,0.004,1.0,0.0
2024-02-16,-0.0022818116651127877,0.014500011476681667,14500.011476681666,0.0022818116651127877,False,0.004,1.0,0.0
2024-02-20,-0.0009260094343513049,0.014502606742466633,14502.606742466633,0.0009260094343513049,False,0.004,1.0,0.0
2024-02-21,-0.0016815809845627918,0.014246865391641205,14246.865391641204,0.0016815809845627918,False,0.004,1.0,0.0
2024-02-22,0.013095247288727662,0.014255159601992204,14255.159601992204,-0.013095247288727662,False,0.004,1.0,0.0
2024-02-23,0.003258116987805426,0.01432029986430016,14320.299864300161,-0.003258116987805426,False,0.004,1.0,0.0
2024-02-26,-0.0027664397115122474,0.014098445620045504,14098.445620045504,0.0027664397115122474,False,0.004,1.0,0.0
2024-02-27,-0.0003745055025506262,0.014125712974946903,14125.712974946902,0.0003745055025506262,False,0.004,1.0,0.0
2024-02-28,-0.0023150861928431963,0.01412453812389336,14124.53812389336,0.0023150861928431963,False,0.004,1.0,0.0
2024-02-29,0.004974531556123996,0.014144008008393348,14144.008008393348,-0.004974531556123996,False,0.004,1.0,0.0
2024-03-01,0.01236796497527104,0.014144444411228387,14144.444411228387,-0.01236796497527104,False,0.004,1.0,0.0
2024-03-04,0.0010577538665280883,0.014084668024348343,14084.668024348342,-0.0010577538665280883,False,0.004,1.0,0.0
2024-03-05,-0.003318986729234341,0.014059503885449142,14059.503885449141,0.003318986729234341,False,0.004,1.0,0.0
2024-03-06,0.007984762466820785,0.013936543288145245,13936.543288145245,-0.007984762466820785,False,0.004,1.0,0.0
2024-03-07,0.00720131772547763,0.01395091793662264,13950.91793662264,-0.00720131772547763,False,0.004,1.0,0.0
2024-03-08,-0.002947190601300087,0.013843876109389617,13843.876109389617,0.002947190601300087,False,0.004,1.0,0.0
2024-03-11,-0.00021102485908679473,0.013873849152264707,13873.849152264707,0.00021102485908679473,False,0.004,1.0,0.0
2024-03-12,0.0033580874176300846,0.013876653851927451,13876.65385192745,-0.0033580874176300846,False,0.004,1.0,0.0
2024-03-13,-0.0020475749166913196,0.013876647071072874,13876.647071072874,0.0020475749166913196,False,0.004,1.0,0.0
2024-03-14,-0.005824716791109208,0.013896946895648264,13896.946895648263,0.005824716791109208,False,0.004,1.0,0.0
2024-03-15,-0.005672994933772557,0.013920470961374777,13920.470961374778,0.005672994933772557,False,0.004,1.0,0.0
2024-03-18,0.0031574973681314238,0.013980086810283189,13980.086810283188,-0.0031574973681314238,False,0.004,1.0,0.0
2024-03-19,0.0009615365462786851,0.013978150202080333,13978.150202080333,-0.0009615365462786851,False,0.004,1.0,0.0
2024-03-20,0.008802720286012767,0.013980543755418606,13980.543755418606,-0.008802720286012767,False,0.004,1.0,0.0
2024-03-21,0.002073523008422806,0.013997698371408981,13997.698371408982,-0.002073523008422806,False,0.004,1.0,0.0
2024-03-22,-0.0012518357831869725,0.013981414353419864,13981.414353419865,0.0012518357831869725,False,0.004,1.0,0.0
2024-03-25,-0.001492922576530731,0.013989382972688043,13989.382972688043,0.001492922576530731,False,0.004,1.0,0.0
2024-03-26,3.9172865710779325e-05,0.01390013960008139,13900.13960008139,-3.9172865710779325e-05,False,0.004,1.0,0.0
2024-03-27,0.006136288209384056,0.013908222918630558,13908.222918630558,-0.006136288209384056,False,0.004,1.0,0.0
2024-03-28,0.00273715876956413,0.01390982839175285,13909.82839175285,-0.00273715876956413,False,0.004,1.0,0.0
2024-04-01,-0.0012703802291508472,0.013895108257091579,13895.108257091579,0.0012703802291508472,False,0.004,1.0,0.0
2024-04-02,-0.000513472211477839,0.013894956149407884,13894.956149407884,0.000513472211477839,False,0.004,1.0,0.0
2024-04-03,0.0025248924103806526,0.013905544234501757,13905.544234501756,-0.0025248924103806526,False,0.004,1.0,0.0
2024-04-04,-0.005937948584002784,0.013905859084967024,13905.859084967024,0.005937948584002784,False,0.004,1.0,0.0
2024-04-05,0.00552255370038266,0.013947320128102724,13947.320128102723,-0.00552255370038266,False,0.004,1.0,0.0
2024-04-08,0.0027037642695275643,0.013950153687716602,13950.153687716602,-0.0027037642695275643,False,0.004,1.0,0.0
2024-04-09,0.005279815908626162,0.013906368840814014,13906.368840814015,-0.005279815908626162,False,0.004,1.0,0.0
2024-04-10,-0.012727042345120988,0.013907412824675378,13907.412824675377,0.012727042345120988,False,0.004,1.0,0.0
2024-04-11,0.008893492895007137,0.014066842793940541,14066.842793940541,-0.008893492895007137,False,0.004,1.0,0.0
2024-04-12,-0.012108442254675422,0.014052075955812407,14052.075955812408,0.012108442254675422,False,0.004,1.0,0.0
2024-04-15,-0.006436144155189005,0.014144682701804833,14144.682701804833,0.006436144155189005,False,0.004,1.0,0.0
2024-04-16,-0.004061404858458672,0.014197123512849644,14197.123512849643,0.004061404858458672,False,0.004,1.0,0.0
2024-04-17,-0.003028889279601522,0.014233832849161786,14233.832849161787,0.003028889279601522,False,0.004,1.0,0.0
2024-04-18,-0.0010719923354881367,0.014231438223940232,14231.438223940231,0.0010719923354881367,False,0.004,1.0,0.0
2024-04-19,-0.00533933781029341,0.014235236431556391,14235.236431556392,0.00533933781029341,False,0.004,1.0,0.0
2024-04-22,0.0007418163836939716,0.014243971646470377,14243.971646470376,-0.0007418163836939716,False,0.004,1.0,0.0
2024-04-23,0.0065779038605746415,0.014247156067617239,14247.15606761724,-0.0065779038605746415,False,0.004,1.0,0.0
2024-04-24,-0.0005127795437329219,0.014181923061010928,14181.923061010928,0.0005127795437329219,False,0.004,1.0,0.0
2024-04-25,-0.0014925868903518992,0.014174252897654878,14174.252897654878,0.0014925868903518992,False,0.004,1.0,0.0
2024-04-26,0.008987153153854078,0.014155496780190293,14155.496780190293,-0.008987153153854078,False,0.004,1.0,0.0
2024-04-29,0.004734581468524857,0.014167227452651168,14167.227452651168,-0.004734581468524857,False,0.004,1.0,0.0
2024-04-30,-0.015425634238510356,0.014079155457366857,14079.155457366858,0.015425634238510356,True,0.008,2.0,0.0013464787811434988
2024-05-01,0.00138632082826633,0.01433607362988856,14336.073629888559,-0.00138632082826633,False,0.008,2.0,0.0
2024-05-02,0.00983098045013644,0.014330048041244775,14330.048041244774,-0.00983098045013644,False,0.008,2.0,0.0
2024-05-03,0.010168731731805526,0.014347839026694268,14347.839026694268,-0.010168731731805526,False,0.008,2.0,0.0
2024-05-06,0.007327254841243702,0.014373133859679098,14373.1338596791,-0.007327254841243702,False,0.008,2.0,0.0
2024-05-07,-0.0005771365019159089,0.014364836060129754,14364.836060129754,0.0005771365019159089,False,0.008,2.0,0.0
2024-05-08,-0.0018517930089034353,0.01434978990197061,14349.78990197061,0.0018517930089034353,False,0.008,2.0,0.0
2024-05-09,0.006334951402014077,0.014368132293176322,14368.132293176322,-0.006334951402014077,False,0.008,2.0,0.0
2024-05-10,0.0016508226561620098,0.014366442983025456,14366.442983025456,-0.0016508226561620098,False,0.008,2.0,0.0
2024-05-13,0.00026412933002593073,0.014313297406947265,14313.297406947266,-0.00026412933002593073,False,0.008,2.0,0.0
2024-05-14,0.006099735291379504,0.01432019162723098,14320.19162723098,-0.006099735291379504,False,0.008,2.0,0.0
2024-05-15,0.01303690513293665,0.01426624954665458,14266.249546654579,-0.01303690513293665,False,0.008,2.0,0.0
2024-05-16,-0.0013781494455574307,0.014332273907686661,14332.273907686662,0.0013781494455574307,False,0.008,2.0,0.0
2024-05-17,0.003013614612515659,0.01434283324118082,14342.833241180819,-0.003013614612515659,False,0.008,2.0,0.0
2024-05-20,0.0011081403407640523,0.014334195443319622,14334.195443319622,-0.0011081403407640523,False,0.008,2.0,0.0
2024-05-21,0.00038177759972459754,0.014334549526904826,14334.549526904826,-0.00038177759972459754,False,0.008,2.0,0.0
2024-05-22,-0.004695683940587437,0.014260958300782705,14260.958300782704,0.004695683940587437,False,0.008,2.0,0.0
2024-05-23,-0.009117067509077882,0.014236038830603023,14236.038830603024,0.009117067509077882,False,0.008,2.0,0.0
2024-05-24,0.004552053309179538,0.01435081666844284,14350.81666844284,-0.004552053309179538,False,0.008,2.0,0.0
2024-05-28,-0.00014810628057158054,0.014275739144767525,14275.739144767525,0.00014810628057158054,False,0.008,2.0,0.0
2024-05-29,-0.010070797015778954,0.014283276734256643,14283.276734256642,0.010070797015778954,False,0.008,2.0,0.0
2024-05-30,-0.0017241008753219544,0.014393164164254596,14393.164164254596,0.0017241008753219544,False,0.008,2.0,0.0
2024-05-31,-0.0003084836550924841,0.014378320089579814,14378.320089579815,0.0003084836550924841,False,0.008,2.0,0.0
2024-06-03,0.008361211805232704,0.014387562481538002,14387.562481538002,-0.008361211805232704,False,0.008,2.0,0.0
2024-06-04,-0.0014825513875658786,0.014400386702232785,14400.386702232785,0.0014825513875658786,False,0.008,2.0,0.0
2024-06-05,0.013463737995366777,0.014417148996504685,14417.148996504686,-0.013463737995366777,False,0.008,2.0,0.0
2024-06-06,0.0020982495430883047,0.014355245024834703,14355.245024834703,-0.0020982495430883047,False,0.008,2.0,0.0
2024-06-07,-0.01348363405075117,0.014323954340605492,14323.95434060549,0.01348363405075117,False,0.008,2.0,0.0
2024-06-10,0.003115400600319651,0.014525915792487078,14525.915792487078,-0.003115400600319651,False,0.008,2.0,0.0
2024-06-11,0.003827337749023663,0.014520815790586658,14520.815790586657,-0.003827337749023663,False,0.008,2.0,0.0
2024-06-12,0.008303904230495762,0.014518312348005505,14518.312348005506,-0.008303904230495762,False,0.008,2.0,0.0
2024-06-13,0.002323586607447803,0.014534261449082911,14534.261449082911,-0.002323586607447803,False,0.008,2.0,0.0
2024-06-14,0.005669877037875582,0.014502462090696923,14502.462090696923,-0.005669877037875582,False,0.008,2.0,0.0
2024-06-17,0.002296352870004226,0.014470562697302285,14470.562697302285,-0.002296352870004226,False,0.008,2.0,0.0
2024-06-18,0.005041776976053836,0.014408984559376649,14408.98455937665,-0.005041776976053836,False,0.008,2.0,0.0
2024-06-20,-0.0012465244673810717,0.014365709176022274,14365.709176022274,0.0012465244673810717,False,0.008,2.0,0.0
2024-06-21,-0.0046032506666866535,0.014360069634735292,14360.069634735291,0.0046032506666866535,False,0.008,2.0,0.0
2024-06-24,-0.001326682154146597,0.01436822131759024,14368.22131759024,0.001326682154146597,False,0.008,2.0,0.0
2024-06-25,0.00193530470511194,0.014361064665764874,14361.064665764874,-0.00193530470511194,False,0.008,2.0,0.0
2024-06-26,-0.004462956836419796,0.014356928014297917,14356.928014297917,0.004462956836419796,False,0.008,2.0,0.0
2024-06-27,0.0040345999026163435,0.014391624657132038,14391.624657132039,-0.0040345999026163435,False,0.008,2.0,0.0
2024-06-28,-0.005151366185695472,0.01434664360394191,14346.64360394191,0.005151366185695472,False,0.008,2.0,0.0
2024-07-01,-0.0008765931170340082,0.014360569622524553,14360.569622524552,0.0008765931170340082,False,0.008,2.0,0.0
2024-07-02,0.005602755881398402,0.014372234241325032,14372.234241325032,-0.005602755881398402,False,0.008,2.0,0.0
2024-07-03,0.01038371788020731,0.01433537689337354,14335.376893373541,-0.01038371788020731,False,0.008,2.0,0.0
2024-07-05,0.008420320087760613,0.01422802573474294,14228.02573474294,-0.008420320087760613,False,0.008,2.0,0.0
2024-07-08,-0.0012959265729859393,0.014242614483807111,14242.614483807112,0.0012959265729859393,False,0.008,2.0,0.0
2024-07-09,0.0006474490746294581,0.01425523257174262,14255.23257174262,-0.0006474490746294581,False,0.008,2.0,0.0
2024-07-10,0.006565457499736072,0.014256128375763599,14256.1283757636,-0.006565457499736072,False,0.008,2.0,0.0
2024-07-11,0.0005590712793050569,0.014188886153140972,14188.886153140971,-0.0005590712793050569,False,0.008,2.0,0.0
2024-07-12,0.003978407722063726,0.014164348639236737,14164.348639236736,-0.003978407722063726,False,0.008,2.0,0.0
2024-07-15,-0.002678211321102197,0.014133818538526684,14133.818538526684,0.002678211321102197,False,0.008,2.0,0.0
2024-07-16,0.009204555918799961,0.014160696928963773,14160.696928963773,-0.009204555918799961,False,0.008,2.0,0.0
2024-07-17,-0.012812645989619266,0.014183933779706701,14183.933779706702,0.012812645989619266,False,0.008,2.0,0.0
2024-07-18,-0.007170661273181733,0.014374107981748603,14374.107981748602,0.007170661273181733,False,0.008,2.0,0.0
2024-07-19,-0.009811419128164321,0.014307864999847182,14307.864999847183,0.009811419128164321,False,0.008,2.0,0.0
2024-07-22,0.006208037111973597,0.014416988886313178,14416.988886313178,-0.006208037111973597,False,0.008,2.0,0.0
2024-07-23,-0.0023592022191950114,0.014422162505163257,14422.162505163256,0.0023592022191950114,False,0.008,2.0,0.0
2024-07-24,-0.01747170490049894,0.014445093687917927,14445.093687917926,0.01747170490049894,True,0.012,3.0,0.003026611212581014
2024-07-25,-0.005545189657227612,0.014753633412710247,14753.633412710247,0.005545189657227612,False,0.012,3.0,0.0
2024-07-26,0.010009739089740899,0.014657262752082281,14657.26275208228,-0.010009739089740899,False,0.012,3.0,0.0
2024-07-29,0.0006526800521407639,0.014621230115577574,14621.230115577575,-0.0006526800521407639,False,0.012,3.0,0.0
2024-07-30,-0.0018924396570527025,0.014624174858724165,14624.174858724165,0.0018924396570527025,False,0.012,3.0,0.0
2024-07-31,0.01921551031440494,0.014536251558549955,14536.251558549955,-0.01921551031440494,False,0.012,3.0,0.0
2024-08-01,-0.010132582581662965,0.014472454609421969,14472.45460942197,0.010132582581662965,False,0.012,3.0,0.0
2024-08-02,-0.00546279733037296,0.01455604345445221,14556.04345445221,0.00546279733037296,False,0.012,3.0,0.0
2024-08-05,-0.018941348934777724,0.014611430742669865,14611.430742669865,0.018941348934777724,True,0.016,4.0,0.0043299181921078594
2024-08-06,-0.0011807935696957815,0.01495955380344152,14959.55380344152,0.0011807935696957815,False,0.016,4.0,0.0
2024-08-07,-0.0038167562601641117,0.01493653662290564,14936.53662290564,0.0038167562601641117,False,0.016,4.0,0.0
2024-08-08,0.017196684201120593,0.014944754625948851,14944.754625948852,-0.017196684201120593,False,0.016,4.0,0.0
2024-08-09,0.0054894520259053175,0.015049511731811573,15049.511731811574,-0.0054894520259053175,False,0.016,4.0,0.0
2024-08-12,0.005357606898972067,0.0150041610195729,15004.1610195729,-0.005357606898972067,False,0.016,4.0,0.0
2024-08-13,0.011559700441767773,0.015002983596204028,15002.983596204029,-0.011559700441767773,False,0.016,4.0,0.0
2024-08-14,-0.0007591986625645749,0.014945368159838037,14945.368159838037,0.0007591986625645749,False,0.016,4.0,0.0
2024-08-15,0.009709285534803325,0.014862961755717113,14862.961755717113,-0.009709285534803325,False,0.016,4.0,0.0
2024-08-16,0.008213830206859686,0.014842392592913239,14842.392592913238,-0.008213830206859686,False,0.016,4.0,0.0
2024-08-19,0.007070573880972587,0.014842017867242282,14842.017867242283,-0.007070573880972587,False,0.016,4.0,0.0
2024-08-20,3.1211965878830086e-05,0.014848873559242142,14848.873559242142,-3.1211965878830086e-05,False,0.016,4.0,0.0
2024-08-21,0.002256802082439702,0.014851702018559995,14851.702018559996,-0.002256802082439702,False,0.016,4.0,0.0
2024-08-22,-0.011594541239018753,0.01475692672380852,14756.92672380852,0.011594541239018753,False,0.016,4.0,0.0
2024-08-23,0.011253854906335549,0.014804313741033142,14804.313741033142,-0.011253854906335549,False,0.016,4.0,0.0
2024-08-26,-0.003976653460805513,0.01484347169451707,14843.47169451707,0.003976653460805513,False,0.016,4.0,0.0
2024-08-27,0.001342954407506958,0.014882480521388545,14882.480521388545,-0.001342954407506958,False,0.016,4.0,0.0
2024-08-28,-0.006321406744538938,0.014814754819572194,14814.754819572194,0.006321406744538938,False,0.016,4.0,0.0
2024-08-29,0.00019912138108522113,0.014880830091161952,14880.830091161952,-0.00019912138108522113,False,0.016,4.0,0.0
2024-08-30,0.001151139792546374,0.01486998094372339,14869.98094372339,-0.001151139792546374,False,0.016,4.0,0.0
2024-09-03,-0.011747530083894555,0.014862351876514013,14862.351876514014,0.011747530083894555,False,0.016,4.0,0.0
2024-09-04,0.0017234819782974808,0.014952971444627738,14952.971444627738,-0.0017234819782974808,False,0.016,4.0,0.0
2024-09-05,0.0027803261064625498,0.014908009296054235,14908.009296054235,-0.0027803261064625498,False,0.016,4.0,0.0
2024-09-06,-0.013889619007730248,0.014871667816725538,14871.667816725538,0.013889619007730248,False,0.016,4.0,0.0
2024-09-09,0.008191655330665527,0.015081959272739176,15081.959272739176,-0.008191655330665527,False,0.016,4.0,0.0
2024-09-10,0.004240960491568591,0.015094729333589244,15094.729333589245,-0.004240960491568591,False,0.016,4.0,0.0
2024-09-11,0.007395062567909472,0.015056577716132445,15056.577716132444,-0.007395062567909472,False,0.016,4.0,0.0
2024-09-12,0.007882713253918228,0.015057665583653323,15057.665583653323,-0.007882713253918228,False,0.016,4.0,0.0
2024-09-13,0.005406788547202579,0.0150693540481852,15069.354048185201,-0.005406788547202579,False,0.016,4.0,0.0
2024-09-16,0.0018812668624489384,0.014999115078206237,14999.115078206238,-0.0018812668624489384,False,0.016,4.0,0.0
2024-09-17,-0.001653262174243131,0.015000262119642475,15000.262119642475,0.001653262174243131,False,0.016,4.0,0.0
2024-09-18,-0.006177652101664589,0.01498229418464589,14982.29418464589,0.006177652101664589,False,0.016,4.0,0.0
2024-09-19,0.015160532778584111,0.015000111569056226,15000.111569056226,-0.015160532778584111,False,0.016,4.0,0.0
2024-09-20,0.0006388856659417908,0.014789123009937538,14789.123009937539,-0.0006388856659417908,False,0.016,4.0,0.0
2024-09-23,0.002549671433424749,0.014796359871755742,14796.359871755743,-0.002549671433424749,False,0.016,4.0,0.0
2024-09-24,0.011103739434233996,0.014742472855780682,14742.472855780681,-0.011103739434233996,False,0.016,4.0,0.0
2024-09-25,-0.004302894895570564,0.014622226978997796,14622.226978997796,0.004302894895570564,False,0.016,4.0,0.0
2024-09-26,0.011108303900791316,0.01463935858976262,14639.35858976262,-0.011108303900791316,False,0.016,4.0,0.0
2024-09-27,-0.0023338468854132936,0.014673303061981058,14673.303061981058,0.0023338468854132936,False,0.016,4.0,0.0
2024-09-30,-0.004427944885978508,0.01467433978903485,14674.33978903485,0.004427944885978508,False,0.016,4.0,0.0
2024-10-01,0.0004032869909609048,0.01466918576070576,14669.185760705761,-0.0004032869909609048,False,0.016,4.0,0.0
2024-10-02,0.0026624400018191437,0.014460208385869621,14460.20838586962,-0.0026624400018191437,False,0.016,4.0,0.0
2024-10-03,-0.004915408429026358,0.014457786458457453,14457.786458457453,0.004915408429026358,False,0.016,4.0,0.0
2024-10-04,0.00318557813476279,0.014493897418068932,14493.897418068933,-0.00318557813476279,False,0.016,4.0,0.0
2024-10-07,-0.0044744329921574625,0.014487259932154183,14487.259932154182,0.0044744329921574625,False,0.016,4.0,0.0
2024-10-08,-0.0011994344686447665,0.014514178171468672,14514.178171468671,0.0011994344686447665,False,0.016,4.0,0.0
2024-10-09,-0.0003496024591591597,0.014532450240952052,14532.450240952052,0.0003496024591591597,False,0.016,4.0,0.0
2024-10-10,0.000499757631832254,0.014525982312141566,14525.982312141567,-0.000499757631832254,False,0.016,4.0,0.0
2024-10-11,0.004318920670665616,0.014395018069348243,14395.018069348243,-0.004318920670665616,False,0.016,4.0,0.0
2024-10-14,0.0023178039662025587,0.014392720777428267,14392.720777428267,-0.0023178039662025587,False,0.016,4.0,0.0
2024-10-15,-0.005347216984348279,0.014390925636957683,14390.925636957683,0.005347216984348279,False,0.016,4.0,0.0
2024-10-16,0.00428589531052257,0.014417360417473511,14417.360417473512,-0.00428589531052257,False,0.016,4.0,0.0
2024-10-17,-0.0021226349303408833,0.01433043357999578,14330.43357999578,0.0021226349303408833,False,0.016,4.0,0.0
2024-10-18,0.00633246315368723,0.014280310153086315,14280.310153086315,-0.00633246315368723,False,0.016,4.0,0.0
2024-10-21,-0.004871905441832381,0.014211489379179213,14211.489379179213,0.004871905441832381,False,0.016,4.0,0.0
2024-10-22,0.0020257804705658303,0.014263577651087057,14263.577651087056,-0.0020257804705658303,False,0.016,4.0,0.0
2024-10-23,-0.00903079010174821,0.014250832016732952,14250.832016732951,0.00903079010174821,False,0.016,4.0,0.0
2024-10-24,0.004565038059436888,0.014141639864619535,14141.639864619536,-0.004565038059436888,False,0.016,4.0,0.0
2024-10-25,0.0002615755554947307,0.01409898932796739,14098.98932796739,-0.0002615755554947307,False,0.016,4.0,0.0
2024-10-28,0.0010022929513233026,0.014103957367033812,14103.957367033812,-0.0010022929513233026,False,0.016,4.0,0.0
2024-10-29,0.004111212930476827,0.014109819989197716,14109.819989197716,-0.004111212930476827,False,0.016,4.0,0.0
2024-10-30,-0.0023762867150418864,0.014092321521084193,14092.321521084194,0.0023762867150418864,False,0.016,4.0,0.0
2024-10-31,-0.01303963551662728,0.014083624118699605,14083.624118699605,0.01303963551662728,False,0.016,4.0,0.0
2024-11-01,-0.0011362563531209793,0.014178662146167795,14178.662146167795,0.0011362563531209793,False,0.016,4.0,0.0
2024-11-04,0.0034999611505319495,0.014164780503034675,14164.780503034675,-0.0034999611505319495,False,0.016,4.0,0.0
2024-11-05,0.009209829064236752,0.014151208672350844,14151.208672350844,-0.009209829064236752,False,0.016,4.0,0.0
2024-11-06,-0.003618942515905332,0.014172352081157196,14172.352081157196,0.003618942515905332,False,0.016,4.0,0.0
2024-11-07,0.014836735165462666,0.014203068372493566,14203.068372493566,-0.014836735165462666,False,0.016,4.0,0.0
2024-11-08,-0.002650270784964182,0.01417651175012145,14176.51175012145,0.002650270784964182,False,0.016,4.0,0.0
2024-11-11,-0.0071164388547858785,0.014194491385812344,14194.491385812344,0.0071164388547858785,False,0.016,4.0,0.0
2024-11-12,-0.00949970891281464,0.014268156767269214,14268.156767269214,0.00949970891281464,False,0.016,4.0,0.0
2024-11-13,-0.005361842028312425,0.014208013618581115,14208.013618581115,0.005361842028312425,False,0.016,4.0,0.0
2024-11-14,-0.0031510850030156633,0.014250332658375643,14250.332658375642,0.0031510850030156633,False,0.016,4.0,0.0
2024-11-15,-0.008212785854468763,0.014283288412606631,14283.288412606631,0.008212785854468763,False,0.016,4.0,0.0
2024-11-18,0.008650011880108189,0.014380185303477911,14380.18530347791,-0.008650011880108189,False,0.016,4.0,0.0
2024-11-19,0.0047802586488430165,0.014388334609690216,14388.334609690215,-0.0047802586488430165,False,0.016,4.0,0.0
2024-11-20,0.00020917928556545278,0.014375524877624819,14375.524877624819,-0.00020917928556545278,False,0.016,4.0,0.0
2024-11-21,0.0028910344829532254,0.014379087718532519,14379.087718532519,-0.0028910344829532254,False,0.016,4.0,0.0
2024-11-22,0.003676053848770655,0.014361605537855376,14361.605537855376,-0.003676053848770655,False,0.016,4.0,0.0
2024-11-25,0.00041922018442035533,0.01436154564256848,14361.545642568479,-0.00041922018442035533,False,0.016,4.0,0.0
2024-11-26,0.0008981026826123007,0.014366495259305235,14366.495259305235,-0.0008981026826123007,False,0.016,4.0,0.0
2024-11-27,-7.222433379305838e-05,0.014367995078800795,14367.995078800795,7.222433379305838e-05,False,0.016,4.0,0.0
2024-11-29,0.007113151663100715,0.014351357232408475,14351.357232408474,-0.007113151663100715,False,0.016,4.0,0.0
2024-12-02,0.0020516404560960715,0.014332393044022462,14332.393044022461,-0.0020516404560960715,False,0.016,4.0,0.0
2024-12-03,-0.00020272129165346275,0.014194933766563288,14194.933766563288,0.00020272129165346275,False,0.016,4.0,0.0
2024-12-04,0.006975842844884861,0.014205020613082084,14205.020613082084,-0.006975842844884861,False,0.016,4.0,0.0
2024-12-05,-0.0006295356874256754,0.01420869505417922,14208.695054179221,0.0006295356874256754,False,0.016,4.0,0.0
2024-12-06,0.002221505333743701,0.01422134149358526,14221.34149358526,-0.002221505333743701,False,0.016,4.0,0.0
2024-12-09,0.0016579923166591295,0.014186828398051209,14186.828398051208,-0.0016579923166591295,False,0.016,4.0,0.0
2024-12-10,-0.0028293375000035146,0.014184750673668874,14184.750673668874,0.0028293375000035146,False,0.016,4.0,0.0
2024-12-11,0.005960215465100883,0.014214701224039209,14214.701224039209,-0.005960215465100883,False,0.016,4.0,0.0
2024-12-12,-0.008678777081909339,0.014098187522418015,14098.187522418015,0.008678777081909339,False,0.016,4.0,0.0
2024-12-13,-0.002787458874571391,0.014178257754056628,14178.257754056627,0.002787458874571391,False,0.016,4.0,0.0
2024-12-16,0.0037259717171310045,0.014183647211746846,14183.647211746846,-0.0037259717171310045,False,0.016,4.0,0.0
2024-12-17,-0.002464224771013801,0.01418108466579625,14181.08466579625,0.002464224771013801,False,0.016,4.0,0.0
2024-12-18,-0.024169433321582567,0.01420064807061011,14200.64807061011,0.024169433321582567,True,0.02,5.0,0.009968785250972457
2024-12-19,-0.0030288385685052215,0.014636913091214421,14636.913091214421,0.0030288385685052215,False,0.02,5.0,0.0
2024-12-20,0.008181875568101927,0.014651046839960317,14651.046839960318,-0.008181875568101927,False,0.02,5.0,0.0
2024-12-23,0.0015055861247278866,0.01465722714424092,14657.22714424092,-0.0015055861247278866,False,0.02,5.0,0.0
2024-12-24,0.00679071335494692,0.014656182581800398,14656.182581800398,-0.00679071335494692,False,0.02,5.0,0.0
2024-12-26,0.0004103538559013575,0.014658024086258109,14658.024086258109,-0.0004103538559013575,False,0.02,5.0,0.0
2024-12-27,-0.00867203829248262,0.01464999219703919,14649.99219703919,0.00867203829248262,False,0.02,5.0,0.0
2024-12-30,-0.005580519491146418,0.014718339153194074,14718.339153194074,0.005580519491146418,False,0.02,5.0,0.0
2024-12-31,-0.00291773859871165,0.014675520935056993,14675.520935056993,0.00291773859871165,False,0.02,5.0,0.0
2025-01-02,0.0020976233173048975,0.014644988959076656,14644.988959076656,-0.0020976233173048975,False,0.02,5.0,0.0
2025-01-03,0.005429235465514792,0.014593314740593544,14593.314740593545,-0.005429235465514792,False,0.02,5.0,0.0
2025-01-06,0.0030225071799113274,0.014580919103751306,14580.919103751306,-0.0030225071799113274,False,0.02,5.0,0.0
2025-01-07,-0.008376960053659043,0.01456684552350146,14566.845523501459,0.008376960053659043,False,0.02,5.0,0.0
2025-01-08,0.0006939851923684959,0.014627573912814029,14627.573912814029,-0.0006939851923684959,False,0.02,5.0,0.0
2025-01-10,-0.009000330848066708,0.014627342612566313,14627.342612566314,0.009000330848066708,False,0.02,5.0,0.0
2025-01-13,-0.0037559706391694374,0.014736885350783938,14736.885350783938,0.0037559706391694374,False,0.02,5.0,0.0
2025-01-14,0.003061837899579989,0.014772762902061868,14772.762902061868,-0.003061837899579989,False,0.02,5.0,0.0
2025-01-15,0.01580105488821264,0.014624677388056437,14624.677388056436,-0.01580105488821264,False,0.02,5.0,0.0
2025-01-16,2.5837106898185447e-06,0.01464227590301696,14642.27590301696,-2.5837106898185447e-06,False,0.02,5.0,0.0
2025-01-17,0.006247291567040625,0.014646730624943854,14646.730624943853,-0.006247291567040625,False,0.02,5.0,0.0
2025-01-21,0.010028285286023442,0.014624044291949526,14624.044291949527,-0.010028285286023442,False,0.02,5.0,0.0
2025-01-22,0.003803858171649299,0.014641420294802894,14641.420294802894,-0.003803858171649299,False,0.02,5.0,0.0
2025-01-23,0.0001495306646359217,0.014640396054937593,14640.396054937593,-0.0001495306646359217,False,0.02,5.0,0.0
2025-01-24,0.0017403882505678814,0.014643038523057697,14643.038523057698,-0.0017403882505678814,False,0.02,5.0,0.0
2025-01-27,-0.012003310995790106,0.014645382529628175,14645.382529628176,0.012003310995790106,False,0.02,5.0,0.0
2025-01-28,0.007740009306828455,0.0147954982621285,14795.4982621285,-0.007740009306828455,False,0.02,5.0,0.0
2025-01-29,-0.00240142823505789,0.014797149193619363,14797.149193619363,0.00240142823505789,False,0.02,5.0,0.0
2025-01-30,0.009093953449724124,0.014807516618080626,14807.516618080626,-0.009093953449724124,False,0.02,5.0,0.0
2025-01-31,-0.004540718537914446,0.014758471701392287,14758.471701392287,0.004540718537914446,False,0.02,5.0,0.0
2025-02-03,-0.0017020387919701068,0.014743230018182776,14743.230018182776,0.0017020387919701068,False,0.02,5.0,0.0
2025-02-04,0.009962964847932108,0.014745454266426077,14745.454266426077,-0.009962964847932108,False,0.02,5.0,0.0
2025-02-05,0.0057528126044788415,0.014711902563423083,14711.902563423084,-0.0057528126044788415,False,0.02,5.0,0.0
2025-02-06,0.0019561299457568904,0.014703123710723692,14703.123710723692,-0.0019561299457568904,False,0.02,5.0,0.0
2025-02-07,-0.005472642384448267,0.014704695868570752,14704.695868570752,0.005472642384448267,False,0.02,5.0,0.0
2025-02-10,0.008969348889927287,0.01474041490525313,14740.41490525313,-0.008969348889927287,False,0.02,5.0,0.0
2025-02-11,-0.0031128480120737882,0.014760424837792267,14760.424837792267,0.0031128480120737882,False,0.02,5.0,0.0
2025-02-12,-0.0019293841119379044,0.014784799477534588,14784.799477534587,0.0019293841119379044,False,0.016,4.0,0.0
2025-02-13,0.011564688125601831,0.01454070609005771,14540.70609005771,-0.011564688125601831,False,0.016,4.0,0.0
2025-02-14,0.00045851945595274394,0.014573320238550258,14573.32023855026,-0.00045851945595274394,False,0.016,4.0,0.0
2025-02-18,0.0032581310060813217,0.014578325190603371,14578.325190603371,-0.0032581310060813217,False,0.016,4.0,0.0
2025-02-19,0.0005738310915102353,0.014553813351073686,14553.813351073686,-0.0005738310915102353,False,0.016,4.0,0.0
2025-02-20,0.0010084220566637823,0.014545736754481684,14545.736754481684,-0.0010084220566637823,False,0.016,4.0,0.0
2025-02-21,-0.005916708150059091,0.014530607131025181,14530.607131025181,0.005916708150059091,False,0.016,4.0,0.0
2025-02-24,-0.004678202620316441,0.01453076950221686,14530.769502216861,0.004678202620316441,False,0.016,4.0,0.0
2025-02-25,-0.0025670154529422455,0.01457870475939134,14578.70475939134,0.0025670154529422455,False,0.016,4.0,0.0
2025-02-26,0.004059847187759092,0.014576950019466519,14576.950019466518,-0.004059847187759092,False,0.016,4.0,0.0
2025-02-27,-0.017102643510171545,0.014566303330864804,14566.303330864803,0.017102643510171545,True,0.02,5.0,0.002536340179306741
2025-02-28,0.004740352274210192,0.01484260572294831,14842.60572294831,-0.004740352274210192,False,0.02,5.0,0.0
2025-03-03,-0.006069917283221727,0.014842167269189722,14842.167269189722,0.006069917283221727,False,0.02,5.0,0.0
2025-03-04,-0.0020133140604014165,0.014850683750768047,14850.683750768047,0.0020133140604014165,False,0.02,5.0,0.0
2025-03-05,0.009549805727869388,0.014867568070561462,14867.568070561463,-0.009549805727869388,False,0.02,5.0,0.0
2025-03-06,-0.011988941618029103,0.014861455403870613,14861.455403870614,0.011988941618029103,False,0.02,5.0,0.0
2025-03-07,0.003050083682712601,0.015013867622832975,15013.867622832975,-0.003050083682712601,False,0.02,5.0,0.0
2025-03-10,-0.01751591035345654,0.015003891985202307,15003.891985202306,0.01751591035345654,True,0.024,6.0,0.002512018368254234
2025-03-11,0.00043754587458741964,0.015279452861772331,15279.452861772332,-0.00043754587458741964,False,0.024,6.0,0.0
2025-03-12,0.004090061224223929,0.015276531780733883,15276.531780733883,-0.004090061224223929,False,0.024,6.0,0.0
2025-03-13,-0.0017736222045044107,0.01527687774306324,15276.87774306324,0.0017736222045044107,False,0.024,6.0,0.0
2025-03-14,0.0116408555417308,0.01527487744848067,15274.87744848067,-0.0116408555417308,False,0.024,6.0,0.0
2025-03-17,0.00832941133563092,0.015262464579851958,15262.464579851958,-0.00832941133563092,False,0.024,6.0,0.0
2025-03-18,-0.004052682972989064,0.015220812100746054,15220.812100746054,0.004052682972989064,False,0.024,6.0,0.0
2025-03-19,0.007199930392204213,0.015259973448518392,15259.973448518393,-0.007199930392204213,False,0.024,6.0,0.0
2025-03-20,-0.0032383506406484797,0.01526484151967796,15264.84151967796,0.0032383506406484797,False,0.024,6.0,0.0
2025-03-21,-0.0030504644923643686,0.015276679512994261,15276.679512994262,0.0030504644923643686,False,0.024,6.0,0.0
2025-03-24,0.00592651612184314,0.01530445962701098,15304.459627010981,-0.00592651612184314,False,0.024,6.0,0.0
2025-03-25,0.0018992615499752175,0.015293324004406625,15293.324004406624,-0.0018992615499752175,False,0.024,6.0,0.0
2025-03-26,-0.00875694064084649,0.015278037323918208,15278.037323918208,0.00875694064084649,False,0.024,6.0,0.0
2025-03-27,0.0014186909695574458,0.015372436315573487,15372.436315573486,-0.0014186909695574458,False,0.024,6.0,0.0
2025-03-28,-0.008765973199117873,0.015370404097944719,15370.404097944718,0.008765973199117873,False,0.024,6.0,0.0
2025-03-31,0.005861543972982131,0.015471634482680921,15471.634482680922,-0.005861543972982131,False,0.024,6.0,0.0
2025-04-01,0.004155285589460611,0.015460607786979358,15460.607786979357,-0.004155285589460611,False,0.024,6.0,0.0
2025-04-02,0.0032782909291012353,0.015450214644410733,15450.214644410733,-0.0032782909291012353,False,0.024,6.0,0.0
2025-04-03,-0.025088716888988838,0.015449633455792568,15449.633455792567,0.025088716888988838,True,0.028,7.0,0.00963908343319627
2025-04-04,-0.03775536904666752,0.015937829867362308,15937.829867362307,0.03775536904666752,True,0.032,8.0,0.021817539179305213
2025-04-07,-0.017644070768403287,0.017031023264665785,17031.023264665786,0.017644070768403287,True,0.036,9.0,0.0006130475037375016
2025-04-08,-0.012236638162669268,0.01730826147001609,17308.261470016092,0.012236638162669268,False,0.036,9.0,0.0
2025-04-09,0.06744834371296182,0.01745734752400035,17457.34752400035,-0.06744834371296182,False,0.036,9.0,0.0
2025-04-10,-0.02134671012281002,0.019640886419789103,19640.8864197891,0.02134671012281002,True,0.04,10.0,0.001705823703020918
2025-04-11,0.018432989454197555,0.01997711628861816,19977.11628861816,-0.018432989454197555,False,0.04,10.0,0.0
2025-04-14,0.005402231371424882,0.019945401538916427,19945.401538916427,-0.005402231371424882,False,0.04,10.0,0.0
2025-04-15,0.0012278249933231678,0.019885542425128078,19885.54242512808,-0.0012278249933231678,False,0.04,10.0,0.0
2025-04-16,-0.005180627334869903,0.019853525419648136,19853.525419648136,0.005180627334869903,False,0.04,10.0,0.0
2025-04-17,-0.0008568608580729943,0.019872733757746137,19872.733757746137,0.0008568608580729943,False,0.04,10.0,0.0
2025-04-21,-0.007066422423884357,0.019871534842816844,19871.534842816844,0.007066422423884357,False,0.04,10.0,0.0
2025-04-22,0.011737589667567706,0.019890797794509495,19890.797794509494,-0.011737589667567706,False,0.04,10.0,0.0
2025-04-23,0.007085368376049561,0.019913655683995075,19913.655683995075,-0.007085368376049561,False,0.04,10.0,0.0
2025-04-24,0.017179598728078282,0.019915011943897245,19915.011943897243,-0.017179598728078282,False,0.04,10.0,0.0
2025-04-25,0.0026120080407789235,0.01998930695591536,19989.30695591536,-0.0026120080407789235,False,0.04,10.0,0.0
2025-04-28,0.004489420692501179,0.019972587769116392,19972.58776911639,-0.004489420692501179,False,0.04,10.0,0.0
2025-04-29,0.0028612743611766693,0.01996157836048736,19961.578360487358,-0.0028612743611766693,False,0.04,10.0,0.0
2025-04-30,-0.0025569408491329607,0.019962775173490675,19962.775173490674,0.0025569408491329607,False,0.036,9.0,0.0
2025-05-01,-0.0011847131981716163,0.01977998426516847,19779.98426516847,0.0011847131981716163,False,0.036,9.0,0.0
2025-05-02,0.00983665719905944,0.019791792108283628,19791.79210828363,-0.00983665719905944,False,0.036,9.0,0.0
2025-05-05,0.004034233751554583,0.019791824805015817,19791.824805015818,-0.004034233751554583,False,0.036,9.0,0.0
2025-05-06,0.0019436429143246728,0.019774186915179875,19774.186915179875,-0.0019436429143246728,False,0.036,9.0,0.0
2025-05-07,-0.0028298611202594247,0.019772667303059453,19772.667303059454,0.0028298611202594247,False,0.036,9.0,0.0
2025-05-08,-0.002844493981145168,0.019787217717756538,19787.21771775654,0.002844493981145168,False,0.036,9.0,0.0
2025-05-09,0.0027091030089990255,0.019794304457838658,19794.304457838658,-0.0027091030089990255,False,0.036,9.0,0.0
2025-05-12,0.01157817551500562,0.01979359171546809,19793.59171546809,-0.01157817551500562,False,0.036,9.0,0.0
2025-05-13,0.004757780581403415,0.019817486700048622,19817.486700048623,-0.004757780581403415,False,0.036,9.0,0.0
2025-05-14,-0.0025575365016765163,0.019808507403304303,19808.507403304302,0.0025575365016765163,False,0.036,9.0,0.0
2025-05-15,0.0060611310542944006,0.019832539813330278,19832.539813330277,-0.0060611310542944006,False,0.036,9.0,0.0
2025-05-16,0.00012476008470729846,0.019793854903922947,19793.854903922947,-0.00012476008470729846,False,0.036,9.0,0.0
2025-05-19,0.0028395991185485637,0.019785911622923327,19785.911622923326,-0.0028395991185485637,False,0.036,9.0,0.0
2025-05-20,0.0007286108938614036,0.019786171983658056,19786.171983658056,-0.0007286108938614036,False,0.036,9.0,0.0
2025-05-21,-0.008610013742032675,0.019787552763490337,19787.552763490337,0.008610013742032675,False,0.036,9.0,0.0
2025-05-22,-0.0009205539261187834,0.019868328592409782,19868.328592409784,0.0009205539261187834,False,0.036,9.0,0.0
2025-05-23,0.0023210093096107673,0.01983972368643076,19839.72368643076,-0.0023210093096107673,False,0.036,9.0,0.0
2025-05-27,0.007788682182262697,0.019745423208094616,19745.423208094617,-0.007788682182262697,False,0.036,9.0,0.0
2025-05-28,-0.004270511173045489,0.01975169034600549,19751.69034600549,0.004270511173045489,False,0.036,9.0,0.0
2025-05-29,0.004959181693410653,0.019780569991895435,19780.569991895434,-0.004959181693410653,False,0.036,9.0,0.0
2025-05-30,-0.003983291388696575,0.019669323027235598,19669.323027235598,0.003983291388696575,False,0.036,9.0,0.0
2025-06-02,0.007611037426462942,0.019686833907287808,19686.833907287808,-0.007611037426462942,False,0.036,9.0,0.0
2025-06-03,0.001060363291627331,0.01968039899068478,19680.39899068478,-0.001060363291627331,False,0.036,9.0,0.0
2025-06-04,0.007519355918165771,0.01967807455957793,19678.07455957793,-0.007519355918165771,False,0.036,9.0,0.0
2025-06-05,-0.0023114920654965457,0.019664639453910383,19664.639453910382,0.0023114920654965457,False,0.036,9.0,0.0
2025-06-06,-0.0005776805514920987,0.019644722886115507,19644.72288611551,0.0005776805514920987,False,0.036,9.0,0.0
2025-06-09,0.003334276489762455,0.019655026951070756,19655.026951070755,-0.003334276489762455,False,0.036,9.0,0.0
2025-06-10,0.004686512698681433,0.019484274454788408,19484.274454788407,-0.004686512698681433,False,0.036,9.0,0.0
2025-06-11,0.0012841499785687161,0.01948343279337132,19483.432793371318,-0.0012841499785687161,False,0.036,9.0,0.0
2025-06-12,0.006474728534313457,0.01948847642884279,19488.47642884279,-0.006474728534313457,False,0.036,9.0,0.0
2025-06-13,-0.007229345755513506,0.019482553550612878,19482.553550612876,0.007229345755513506,False,0.036,9.0,0.0
2025-06-16,0.0022693836430513594,0.019552732444599104,19552.732444599103,-0.0022693836430513594,False,0.036,9.0,0.0
2025-06-17,-0.003748256845789966,0.019554091164944876,19554.091164944875,0.003748256845789966,False,0.036,9.0,0.0
2025-06-18,-0.0008373683556712973,0.019586953385387906,19586.953385387907,0.0008373683556712973,False,0.036,9.0,0.0
2025-06-20,-0.0028982292643300323,0.019600855342817414,19600.855342817413,0.0028982292643300323,False,0.036,9.0,0.0
2025-06-23,0.0069324729963120115,0.019612161892650685,19612.161892650685,-0.0069324729963120115,False,0.036,9.0,0.0
2025-06-24,0.008757047701903066,0.019573174333958745,19573.174333958745,-0.008757047701903066,False,0.036,9.0,0.0
2025-06-25,0.0016494424951546184,0.019566289567205374,19566.289567205375,-0.0016494424951546184,False,0.036,9.0,0.0
2025-06-26,0.005553466393333407,0.01956708242255306,19567.082422553063,-0.005553466393333407,False,0.036,9.0,0.0
2025-06-27,-0.0040068358421011755,0.01952566315983809,19525.663159838088,0.0040068358421011755,False,0.036,9.0,0.0
2025-06-30,0.007240527353614779,0.019563542775741693,19563.542775741695,-0.007240527353614779,False,0.036,9.0,0.0
2025-07-01,0.0009030821006615229,0.019518782253349073,19518.782253349073,-0.0009030821006615229,False,0.036,9.0,0.0
2025-07-02,0.003003510814785782,0.0195103273740232,19510.3273740232,-0.003003510814785782,False,0.036,9.0,0.0
2025-07-03,0.0016931957358470753,0.01951068665591862,19510.68665591862,-0.0016931957358470753,False,0.036,9.0,0.0
2025-07-07,-0.007586149569260514,0.01949539281457564,19495.39281457564,0.007586149569260514,False,0.036,9.0,0.0
2025-07-08,-0.0010931017251382127,0.0195632353131793,19563.2353131793,0.0010931017251382127,False,0.036,9.0,0.0
2025-07-09,0.005270925556196926,0.019562030326223057,19562.030326223055,-0.005270925556196926,False,0.036,9.0,0.0
2025-07-10,0.0013979841833397842,0.019555205618064345,19555.205618064345,-0.0013979841833397842,False,0.036,9.0,0.0
2025-07-11,-0.002652638444935862,0.019557131618233393,19557.131618233394,0.002652638444935862,False,0.036,9.0,0.0
2025-07-14,0.00024639568672737424,0.019575674062016973,19575.674062016973,-0.00024639568672737424,False,0.036,9.0,0.0
2025-07-15,-0.0014557471693362302,0.019584456658258552,19584.45665825855,0.0014557471693362302,False,0.036,9.0,0.0
2025-07-16,0.00309832748857124,0.01957607871176629,19576.078711766288,-0.00309832748857124,False,0.036,9.0,0.0
2025-07-17,0.0035057418584356626,0.01956372244119919,19563.722441199192,-0.0035057418584356626,False,0.036,9.0,0.0
2025-07-18,3.96935784237495e-05,0.01940580609576548,19405.80609576548,-3.96935784237495e-05,False,0.036,9.0,0.0
2025-07-21,0.007577401924857697,0.019344052860885436,19344.052860885437,-0.007577401924857697,False,0.036,9.0,0.0
2025-07-22,0.002221193220327633,0.019240379842450812,19240.379842450813,-0.002221193220327633,False,0.036,9.0,0.0
2025-07-23,0.0010470178070973058,0.019241122706800534,19241.122706800536,-0.0010470178070973058,False,0.036,9.0,0.0
2025-07-24,-0.0021619920436063643,0.019222418739243304,19222.418739243305,0.0021619920436063643,False,0.032,8.0,0.0
2025-07-25,0.0001296390587842697,0.018984077845468746,18984.077845468746,-0.0001296390587842697,False,0.032,8.0,0.0
2025-07-28,-0.0033488081360592667,0.0189395286048665,18939.5286048665,0.0033488081360592667,False,0.032,8.0,0.0
2025-07-29,0.0031712941785730256,0.018955363098021063,18955.363098021062,-0.0031712941785730256,False,0.032,8.0,0.0
2025-07-30,-0.005932675273175203,0.01894850381249915,18948.50381249915,0.005932675273175203,False,0.032,8.0,0.0
2025-07-31,-0.001512494646078122,0.018985435261116748,18985.43526111675,0.001512494646078122,False,0.032,8.0,0.0
2025-08-01,-0.001797332004320573,0.01888136427152763,18881.364271527633,0.001797332004320573,False,0.032,8.0,0.0
2025-08-04,0.010516158261013642,0.01878635015622539,18786.35015622539,-0.010516158261013642,False,0.032,8.0,0.0
2025-08-05,-0.001022826726418935,0.01875451414999547,18754.51414999547,0.001022826726418935,False,0.028,7.0,0.0
2025-08-06,0.003411399675050397,0.01846656686139714,18466.566861397143,-0.003411399675050397,False,0.028,7.0,0.0
2025-08-07,0.003526428419726635,0.01844962919120406,18449.62919120406,-0.003526428419726635,False,0.028,7.0,0.0
2025-08-08,0.0023518517609548485,0.018411920792541486,18411.920792541485,-0.0023518517609548485,False,0.028,7.0,0.0
2025-08-11,-0.004199465349653142,0.0183214010111132,18321.4010111132,0.004199465349653142,False,0.028,7.0,0.0
2025-08-12,0.005888585989863105,0.018361844710880742,18361.84471088074,-0.005888585989863105,False,0.028,7.0,0.0
2025-08-13,0.005455405378107515,0.01836264054747606,18362.64054747606,-0.005455405378107515,False,0.028,7.0,0.0
2025-08-14,-0.0053424611047607545,0.018333350957844143,18333.35095784414,0.0053424611047607545,False,0.028,7.0,0.0
2025-08-15,-0.002414969856367244,0.018371494406339547,18371.49440633955,0.002414969856367244,False,0.028,7.0,0.0
2025-08-18,0.00014721919025417757,0.018379504247391792,18379.504247391793,-0.00014721919025417757,False,0.028,7.0,0.0
2025-08-19,-0.00536490782739687,0.018379502491670814,18379.502491670813,0.00536490782739687,False,0.028,7.0,0.0
2025-08-20,0.0004630859822196021,0.01842611997413396,18426.11997413396,-0.0004630859822196021,False,0.028,7.0,0.0
2025-08-21,-0.0038548405372812013,0.018424214143383102,18424.214143383102,0.0038548405372812013,False,0.028,7.0,0.0
2025-08-22,0.013768172999816254,0.018458403657141485,18458.403657141484,-0.013768172999816254,False,0.028,7.0,0.0
2025-08-25,-0.0036600883546143996,0.018370000332236857,18370.000332236858,0.0036600883546143996,False,0.028,7.0,0.0
2025-08-26,0.002461185368209651,0.018376169465511273,18376.169465511273,-0.002461185368209651,False,0.028,7.0,0.0
2025-08-27,-0.0002586990964709157,0.018340124602698963,18340.124602698965,0.0002586990964709157,False,0.028,7.0,0.0
2025-08-28,0.00552107069646941,0.0183467280750035,18346.7280750035,-0.00552107069646941,False,0.028,7.0,0.0
2025-08-29,-0.0039576136166808995,0.018284849694108662,18284.849694108663,0.0039576136166808995,False,0.028,7.0,0.0
2025-09-02,-7.838755480273871e-05,0.018313681270468733,18313.681270468733,7.838755480273871e-05,False,0.028,7.0,0.0
2025-09-03,0.007182050162415666,0.01831879390290034,18318.793902900343,-0.007182050162415666,False,0.028,7.0,0.0
2025-09-04,0.0034829236215989435,0.018178128658382642,18178.12865838264,-0.0034829236215989435,False,0.028,7.0,0.0
2025-09-05,0.007835132945549073,0.01817483216643689,18174.83216643689,-0.007835132945549073,False,0.028,7.0,0.0
2025-09-08,0.008233040509164579,0.01818095941823847,18180.95941823847,-0.008233040509164579,False,0.028,7.0,0.0
2025-09-09,0.000538389839554987,0.01799971806426144,17999.71806426144,-0.000538389839554987,False,0.028,7.0,0.0
2025-09-10,0.0038725835543750088,0.01799929468411177,17999.29468411177,-0.0038725835543750088,False,0.028,7.0,0.0
2025-09-11,0.006775442646025698,0.017999397255539753,17999.397255539752,-0.006775442646025698,False,0.028,7.0,0.0
2025-09-12,0.00023262911813637372,0.01799740190514251,17997.40190514251,-0.00023262911813637372,False,0.028,7.0,0.0
2025-09-15,0.0067783889032190904,0.017999330906853715,17999.330906853713,-0.0067783889032190904,False,0.028,7.0,0.0
2025-09-16,0.0018601194720225813,0.018002234152809826,18002.234152809826,-0.0018601194720225813,False,0.028,7.0,0.0
2025-09-17,-0.0018323903557408096,0.018002292669617934,18002.292669617935,0.0018323903557408096,False,0.028,7.0,0.0
2025-09-18,-0.0006154887287144196,0.01800353631728843,18003.536317288428,0.0006154887287144196,False,0.028,7.0,0.0
2025-09-19,0.003632942261710803,0.017954200545930093,17954.200545930093,-0.003632942261710803,False,0.028,7.0,0.0
2025-09-22,0.005853547301239882,0.017885297079060208,17885.29707906021,-0.005853547301239882,False,0.028,7.0,0.0
2025-09-23,-8.925504992307603e-05,0.017879349292942118,17879.34929294212,8.925504992307603e-05,False,0.028,7.0,0.0
2025-09-24,-0.004587796179749271,0.01788856820447544,17888.56820447544,0.004587796179749271,False,0.028,7.0,0.0
2025-09-25,-0.0021190854386156756,0.017905634613568044,17905.634613568043,0.0021190854386156756,False,0.028,7.0,0.0
2025-09-26,0.002563968468431899,0.017886854430366854,17886.854430366853,-0.002563968468431899,False,0.028,7.0,0.0
2025-09-29,0.00825112167890576,0.017859924639183674,17859.924639183675,-0.00825112167890576,False,0.028,7.0,0.0
2025-09-30,0.0032186810724716963,0.017845279504316452,17845.27950431645,-0.0032186810724716963,False,0.028,7.0,0.0
2025-10-01,0.004045483609547951,0.01780249732613059,17802.49732613059,-0.004045483609547951,False,0.028,7.0,0.0
2025-10-02,0.0018674418451496422,0.01779407573460044,17794.07573460044,-0.0018674418451496422,False,0.028,7.0,0.0
2025-10-03,0.0009738126780977078,0.01779588170841576,17795.88170841576,-0.0009738126780977078,False,0.028,7.0,0.0
2025-10-06,0.005321739862457742,0.017753245800466055,17753.245800466055,-0.005321739862457742,False,0.028,7.0,0.0
2025-10-07,-0.0011542534848662856,0.017753303628455952,17753.303628455953,0.0011542534848662856,False,0.028,7.0,0.0
2025-10-08,0.008531320196265924,0.017725878183496836,17725.878183496836,-0.008531320196265924,False,0.028,7.0,0.0
2025-10-09,-0.006724272117444997,0.017719014652382813,17719.01465238281,0.006724272117444997,False,0.028,7.0,0.0
2025-10-10,-0.014479386934555484,0.017777235900878003,17777.235900878004,0.014479386934555484,False,0.028,7.0,0.0
2025-10-13,0.017877364838333267,0.017973100026556405,17973.100026556403,-0.017877364838333267,False,0.028,7.0,0.0
2025-10-14,-0.0013039708111445946,0.01807977783332821,18079.77783332821,0.0013039708111445946,False,0.028,7.0,0.0
2025-10-15,0.008610357983404305,0.01809561571722813,18095.61571722813,-0.008610357983404305,False,0.028,7.0,0.0
2025-10-16,0.005375049881837591,0.018052277014842175,18052.277014842173,-0.005375049881837591,False,0.028,7.0,0.0
2025-10-17,-0.0016582355456780996,0.01805285632437189,18052.85632437189,0.0016582355456780996,False,0.028,7.0,0.0
2025-10-20,0.015379851600504769,0.0180495191446237,18049.519144623697,-0.015379851600504769,False,0.028,7.0,0.0
2025-10-21,-0.01414740546598834,0.018116392919783036,18116.392919783037,0.01414740546598834,False,0.028,7.0,0.0
2025-10-22,-0.0029990859099217953,0.01826344501174655,18263.445011746553,0.0029990859099217953,False,0.028,7.0,0.0
2025-10-23,0.004068366706447658,0.01829131122179091,18291.31122179091,-0.004068366706447658,False,0.028,7.0,0.0
2025-10-24,0.004502353123933057,0.01818872321581546,18188.72321581546,-0.004502353123933057,False,0.028,7.0,0.0
2025-10-27,0.003245473875892691,0.018188716102795672,18188.71610279567,-0.003245473875892691,False,0.028,7.0,0.0
2025-10-28,0.0010871595861960072,0.018179597807912597,18179.597807912596,-0.0010871595861960072,False,0.028,7.0,0.0
2025-10-29,-0.0006328661640893519,0.01817926945322321,18179.26945322321,0.0006328661640893519,False,0.028,7.0,0.0
2025-10-30,-0.004563702241102518,0.01819382666279374,18193.82666279374,0.004563702241102518,False,0.028,7.0,0.0
2025-10-31,-0.000530664891148347,0.01821346407529993,18213.464075299933,0.000530664891148347,False,0.028,7.0,0.0
2025-11-03,0.002456539718211537,0.01805342218168433,18053.42218168433,-0.002456539718211537,False,0.028,7.0,0.0
2025-11-04,-0.013153790778820685,0.018037821913579676,18037.821913579675,0.013153790778820685,False,0.028,7.0,0.0
2025-11-05,0.003922188137707461,0.018213830043910428,18213.830043910428,-0.003922188137707461,False,0.028,7.0,0.0
2025-11-06,-0.005800544736049851,0.018200817694217088,18200.817694217087,0.005800544736049851,False,0.028,7.0,0.0
2025-11-07,-0.00021857091515737885,0.018223416505156294,18223.416505156296,0.00021857091515737885,False,0.028,7.0,0.0
2025-11-10,0.016488940381261207,0.018172445287497174,18172.445287497176,-0.016488940381261207,False,0.028,7.0,0.0
2025-11-11,0.0018445777046378399,0.018228473905887423,18228.473905887422,-0.0018445777046378399,False,0.028,7.0,0.0
2025-11-12,0.0035675283557233596,0.01815652455063714,18156.52455063714,-0.0035675283557233596,False,0.028,7.0,0.0
2025-11-13,-0.012999874308596173,0.018045895973135665,18045.895973135666,0.012999874308596173,False,0.028,7.0,0.0
2025-11-14,-0.004523106445405767,0.018164744876277356,18164.744876277357,0.004523106445405767,False,0.028,7.0,0.0
2025-11-17,-0.007734447941528888,0.01817768822379338,18177.688223793382,0.007734447941528888,False,0.028,7.0,0.0
2025-11-18,-0.0037232980426344935,0.018170926869616796,18170.926869616796,0.0037232980426344935,False,0.028,7.0,0.0
2025-11-19,0.0011850923161091707,0.018198627271070113,18198.627271070112,-0.0011850923161091707,False,0.028,7.0,0.0
2025-11-20,-0.009802209672225715,0.018204413832699554,18204.413832699553,0.009802209672225715,False,0.028,7.0,0.0
2025-11-21,0.003752800219628716,0.018308815120325457,18308.815120325457,-0.003752800219628716,False,0.028,7.0,0.0
2025-11-24,0.014476105816990437,0.0183077978695908,18307.7978695908,-0.014476105816990437,False,0.028,7.0,0.0
2025-11-25,0.004270006934950188,0.018365039169680835,18365.039169680836,-0.004270006934950188,False,0.028,7.0,0.0
2025-11-26,0.007082533498545951,0.018355956850799868,18355.956850799867,-0.007082533498545951,False,0.028,7.0,0.0
2025-11-28,0.004544150511299772,0.018352705452088024,18352.705452088023,-0.004544150511299772,False,0.028,7.0,0.0
2025-12-01,-0.0032577292839935934,0.018341024105309498,18341.024105309498,0.0032577292839935934,False,0.028,7.0,0.0
2025-12-02,0.0008115009770764736,0.018370734630930058,18370.73463093006,-0.0008115009770764736,False,0.028,7.0,0.0
2025-12-03,0.0017057302078608008,0.018374948403713877,18374.948403713875,-0.0017057302078608008,False,0.028,7.0,0.0
2025-12-04,-0.0010252653320590444,0.018366997114600277,18366.997114600275,0.0010252653320590444,False,0.028,7.0,0.0
2025-12-05,0.0014224499697849337,0.018380144882958204,18380.144882958204,-0.0014224499697849337,False,0.028,7.0,0.0
2025-12-08,-0.00260873344910153,0.018370828462626557,18370.828462626556,0.00260873344910153,False,0.028,7.0,0.0
2025-12-09,0.0009767926381031523,0.018395945671834665,18395.945671834666,-0.0009767926381031523,False,0.028,7.0,0.0
2025-12-10,0.00600770226279117,0.01839831750024745,18398.31750024745,-0.00600770226279117,False,0.028,7.0,0.0
2025-12-11,0.0007576612957165275,0.01837009542250436,18370.09542250436,-0.0007576612957165275,False,0.028,7.0,0.0
2025-12-12,-0.009115164865058811,0.018376359425148474,18376.359425148476,0.009115164865058811,False,0.028,7.0,0.0
2025-12-15,-0.0015765477766908286,0.01838291751044103,18382.917510441028,0.0015765477766908286,False,0.028,7.0,0.0
2025-12-16,-0.00027040165046705584,0.018373898312511076,18373.898312511075,0.00027040165046705584,False,0.028,7.0,0.0
2025-12-17,-0.005807030730493357,0.01838599736848275,18385.99736848275,0.005807030730493357,False,0.028,7.0,0.0
2025-12-18,0.00728575757332024,0.018418188956409752,18418.18895640975,-0.00728575757332024,False,0.024,6.0,0.0
2025-12-19,0.005853983401127817,0.017957626431217205,17957.626431217206,-0.005853983401127817,False,0.024,6.0,0.0
2025-12-22,0.007466607113157409,0.017926416546610695,17926.416546610693,-0.007466607113157409,False,0.024,6.0,0.0
2025-12-23,0.0059326518639100986,0.017923677614975566,17923.677614975564,-0.0059326518639100986,False,0.024,6.0,0.0
2025-12-24,0.0020783083903339384,0.01791972333366595,17919.723333665952,-0.0020783083903339384,False,0.024,6.0,0.0
2025-12-26,0.0030399600126250538,0.01792005727644146,17920.05727644146,-0.0030399600126250538,False,0.024,6.0,0.0
2025-12-29,-0.010145266169510149,0.017911705221950246,17911.705221950248,0.010145266169510149,False,0.024,6.0,0.0
2025-12-30,-0.00023448035983510975,0.017935218082699524,17935.218082699525,0.00023448035983510975,False,0.024,6.0,0.0
2025-12-31,-0.00664148667682436,0.017889739959049654,17889.739959049653,0.00664148667682436,False,0.024,6.0,0.0
